"GG Langtext","DST Langtext","Förderprogramm","Postleitzahl","Ausbezahlte Fördersumme","Anzahl der Förderfälle","jahr"
"Bildung, Jugend, Integration und Transparenz","Bildung und Jugend","Förderung von Maßnahmen, Projekten und gemeinnützigen Organisationen im LGBTIQ-Bereich","1060",14100,1,2024
"Bildung, Jugend, Integration und Transparenz","Bildung und Jugend","Förderung von Einrichtungen der Erwachsenenbildung und außerschulischen Bildungsangeboten","1060",811080,1,2024
"Bildung, Jugend, Integration und Transparenz","Bildung und Jugend","Queerer Kleinprojektetopf","1030",2533,1,2024
"Bildung, Jugend, Integration und Transparenz","Bildung und Jugend","Queerer Kleinprojektetopf","1040",1940,1,2024
"Bildung, Jugend, Integration und Transparenz","Bildung und Jugend","Queerer Kleinprojektetopf","1080",3300,1,2024
"Bildung, Jugend, Integration und Transparenz","Bildung und Jugend","Queerer Kleinprojektetopf","1150",2010,1,2024
"Bildung, Jugend, Integration und Transparenz","Bildung und Jugend","Queerer Kleinprojektetopf","1050",2930,1,2024
"Bildung, Jugend, Integration und Transparenz","Bildung und Jugend","Queerer Kleinprojektetopf","1030",2500,1,2024
"Bildung, Jugend, Integration und Transparenz","Bildung und Jugend","Queerer Kleinprojektetopf","1160",3050,1,2024
"Bildung, Jugend, Integration und Transparenz","Bildung und Jugend","Queerer Kleinprojektetopf","1160",4737,1,2024
"Bildung, Jugend, Integration und Transparenz","Bildung und Jugend","Förderung von Einrichtungen der Erwachsenenbildung und außerschulischen Bildungsangeboten","1120",96000,1,2024
"Bildung, Jugend, Integration und Transparenz","Bildung und Jugend","Förderung von Einrichtungen der Erwachsenenbildung und außerschulischen Bildungsangeboten","1150",149562.92,1,2024
"Bildung, Jugend, Integration und Transparenz","Bildung und Jugend","Förderung von Einrichtungen der Erwachsenenbildung und außerschulischen Bildungsangeboten","1050",68839.77,1,2024
"Bildung, Jugend, Integration und Transparenz","Bildung und Jugend","Förderung von Einrichtungen der Erwachsenenbildung und außerschulischen Bildungsangeboten","1050",50000,1,2024
"Bildung, Jugend, Integration und Transparenz","Bildung und Jugend","Förderung von Einrichtungen der Erwachsenenbildung und außerschulischen Bildungsangeboten","1030",128543.8,1,2024
"Bildung, Jugend, Integration und Transparenz","Bildung und Jugend","Förderung von Einrichtungen der Erwachsenenbildung und außerschulischen Bildungsangeboten","1010",171904.57,1,2024
"Bildung, Jugend, Integration und Transparenz","Bildung und Jugend","Förderung von Einrichtungen der Erwachsenenbildung und außerschulischen Bildungsangeboten","1030",199969.05,1,2024
"Bildung, Jugend, Integration und Transparenz","Bildung und Jugend","Förderung von Einrichtungen der Erwachsenenbildung und außerschulischen Bildungsangeboten","1030",71456.2,1,2024
"Bildung, Jugend, Integration und Transparenz","Bildung und Jugend","Förderung von Einrichtungen der Erwachsenenbildung und außerschulischen Bildungsangeboten","2500",72500,1,2024
"Bildung, Jugend, Integration und Transparenz","Bildung und Jugend","Förderung von Einrichtungen der Erwachsenenbildung und außerschulischen Bildungsangeboten","1030",85000,1,2024
"Bildung, Jugend, Integration und Transparenz","Bildung und Jugend","Förderung von Einrichtungen der Erwachsenenbildung und außerschulischen Bildungsangeboten","1090",108000,1,2024
"Bildung, Jugend, Integration und Transparenz","Bildung und Jugend","Förderung von Einrichtungen der Erwachsenenbildung und außerschulischen Bildungsangeboten","1090",108000,1,2024
"Bildung, Jugend, Integration und Transparenz","Bildung und Jugend","Förderung von Einrichtungen der Erwachsenenbildung und außerschulischen Bildungsangeboten","1020",3e+06,1,2024
"Bildung, Jugend, Integration und Transparenz","Bildung und Jugend","Förderung von Einrichtungen der Erwachsenenbildung und außerschulischen Bildungsangeboten","1200",390600,1,2024
"Bildung, Jugend, Integration und Transparenz","Bildung und Jugend","Offene Kinder- und Jugendarbeit (zentral)","1140",295000,1,2024
"Bildung, Jugend, Integration und Transparenz","Bildung und Jugend","Wienweite spezielle Angebote (zentral)","1070",941500,1,2024
"Bildung, Jugend, Integration und Transparenz","Bildung und Jugend","Offene Kinder- und Jugendarbeit (zentral)","1220",8000,1,2024
"Bildung, Jugend, Integration und Transparenz","Bildung und Jugend","Initiative Erwachsenenbildung","1030",306800,1,2024
"Bildung, Jugend, Integration und Transparenz","Bildung und Jugend","Offene Kinder- und Jugendarbeit (zentral)","1070",416000,1,2024
"Bildung, Jugend, Integration und Transparenz","Bildung und Jugend","Offene Kinder- und Jugendarbeit (zentral)","1080",1302000,1,2024
"Bildung, Jugend, Integration und Transparenz","Bildung und Jugend","Wienweite spezielle Angebote (zentral)","1020",32500,1,2024
"Bildung, Jugend, Integration und Transparenz","Bildung und Jugend","Offene Kinder- und Jugendarbeit (zentral)","1050",610000,1,2024
"Bildung, Jugend, Integration und Transparenz","Bildung und Jugend","Wienweite spezielle Angebote (zentral)","1020",10985500,1,2024
"Bildung, Jugend, Integration und Transparenz","Bildung und Jugend","Offene Kinder- und Jugendarbeit (zentral)","1150",1362000,1,2024
"Bildung, Jugend, Integration und Transparenz","Bildung und Jugend","Offene Kinder- und Jugendarbeit (zentral)","1210",3e+05,1,2024
"Bildung, Jugend, Integration und Transparenz","Bildung und Jugend","Förderung von Maßnahmen, Projekten und gemeinnützigen Organisationen im LGBTIQ-Bereich","1050",37800,1,2024
"Bildung, Jugend, Integration und Transparenz","Bildung und Jugend","Offene Kinder- und Jugendarbeit (zentral)","1030",317000,1,2024
"Bildung, Jugend, Integration und Transparenz","Bildung und Jugend","Offene Kinder- und Jugendarbeit (zentral)","1200",654000,1,2024
"Bildung, Jugend, Integration und Transparenz","Bildung und Jugend","Offene Kinder- und Jugendarbeit (zentral)","1150",370600,1,2024
"Bildung, Jugend, Integration und Transparenz","Bildung und Jugend","Offene Kinder- und Jugendarbeit (zentral)","1170",876600,1,2024
"Bildung, Jugend, Integration und Transparenz","Bildung und Jugend","Wienweite spezielle Angebote (zentral)","1030",79000,1,2024
"Bildung, Jugend, Integration und Transparenz","Bildung und Jugend","Offene Kinder- und Jugendarbeit (zentral)","1030",46000,1,2024
"Bildung, Jugend, Integration und Transparenz","Bildung und Jugend","Wienweite spezielle Angebote (zentral)","1020",553000,1,2024
"Bildung, Jugend, Integration und Transparenz","Bildung und Jugend","Offene Kinder- und Jugendarbeit (zentral)","1110",89000,1,2024
"Bildung, Jugend, Integration und Transparenz","Bildung und Jugend","Offene Kinder- und Jugendarbeit (zentral)","1210",388000,1,2024
"Bildung, Jugend, Integration und Transparenz","Bildung und Jugend","Offene Kinder- und Jugendarbeit (zentral)","1220",10000,1,2024
"Bildung, Jugend, Integration und Transparenz","Bildung und Jugend","Offene Kinder- und Jugendarbeit (zentral)","1230",2398800,1,2024
"Bildung, Jugend, Integration und Transparenz","Bildung und Jugend","Offene Kinder- und Jugendarbeit (zentral)","1020",401000,1,2024
"Bildung, Jugend, Integration und Transparenz","Bildung und Jugend","Offene Kinder- und Jugendarbeit (zentral)","1120",472000,1,2024
"Bildung, Jugend, Integration und Transparenz","Bildung und Jugend","Offene Kinder- und Jugendarbeit (zentral)","1150",757000,1,2024
"Bildung, Jugend, Integration und Transparenz","Bildung und Jugend","Förderung von Einrichtungen der Erwachsenenbildung und außerschulischen Bildungsangeboten","1210",3e+05,1,2024
"Bildung, Jugend, Integration und Transparenz","Bildung und Jugend","Offene Kinder- und Jugendarbeit (zentral)","1210",20924000,1,2024
"Bildung, Jugend, Integration und Transparenz","Bildung und Jugend","Offene Kinder- und Jugendarbeit (zentral)","1210",428700,1,2024
"Bildung, Jugend, Integration und Transparenz","Bildung und Jugend","Wienweite spezielle Angebote (zentral)","1210",32500,1,2024
"Bildung, Jugend, Integration und Transparenz","Bildung und Jugend","Wienweite spezielle Angebote (zentral)","1210",47600,1,2024
"Bildung, Jugend, Integration und Transparenz","Bildung und Jugend","Initiative Erwachsenenbildung","1090",1110456,1,2024
"Bildung, Jugend, Integration und Transparenz","Bildung und Jugend","Initiative Erwachsenenbildung","1090",1756260,1,2024
"Bildung, Jugend, Integration und Transparenz","Bildung und Jugend","Förderung von Maßnahmen, Projekten und gemeinnützigen Organisationen im LGBTIQ-Bereich","1040",399404,1,2024
"Bildung, Jugend, Integration und Transparenz","Bildung und Jugend","Förderung von Wiener Bildungsgrätzln","1020",2700,1,2024
"Bildung, Jugend, Integration und Transparenz","Bildung und Jugend","Förderung von Wiener Bildungsgrätzln","1120",2890.11,1,2024
"Bildung, Jugend, Integration und Transparenz","Bildung und Jugend","Förderung von Wiener Bildungsgrätzln","1140",1356,1,2024
"Bildung, Jugend, Integration und Transparenz","Bildung und Jugend","Förderung von Wiener Bildungsgrätzln","1170",2900,1,2024
"Bildung, Jugend, Integration und Transparenz","Bildung und Jugend","Förderung von Wiener Bildungsgrätzln","1210",3000,1,2024
"Bildung, Jugend, Integration und Transparenz","Bildung und Jugend","Förderung von Wiener Bildungsgrätzln","1200",3000,1,2024
"Bildung, Jugend, Integration und Transparenz","Bildung und Jugend","Förderung von Wiener Bildungsgrätzln","1110",2600,1,2024
"Bildung, Jugend, Integration und Transparenz","Bildung und Jugend","Förderung von Wiener Bildungsgrätzln","1110",3000,1,2024
"Bildung, Jugend, Integration und Transparenz","Bildung und Jugend","Förderung von Wiener Bildungsgrätzln","1020",3000,1,2024
"Bildung, Jugend, Integration und Transparenz","Bildung und Jugend","Förderung von Wiener Bildungsgrätzln","1170",5000,1,2024
"Bildung, Jugend, Integration und Transparenz","Bildung und Jugend","Förderung von Wiener Bildungsgrätzln","1020",1590,1,2024
"Bildung, Jugend, Integration und Transparenz","Bildung und Jugend","Förderung von Wiener Bildungsgrätzln","1200",3000,1,2024
"Bildung, Jugend, Integration und Transparenz","Bildung und Jugend","Förderung von Wiener Bildungsgrätzln","3400",5000,1,2024
"Bildung, Jugend, Integration und Transparenz","Bildung und Jugend","Förderung von Wiener Bildungsgrätzln","1210",3000,1,2024
"Bildung, Jugend, Integration und Transparenz","Bildung und Jugend","Förderung von Wiener Bildungsgrätzln","1210",3000,1,2024
"Bildung, Jugend, Integration und Transparenz","Bildung und Jugend","Förderung von Wiener Bildungsgrätzln","1020",3000,1,2024
"Bildung, Jugend, Integration und Transparenz","Bildung und Jugend","Förderung von Wiener Bildungsgrätzln","1020",3000,1,2024
"Bildung, Jugend, Integration und Transparenz","Bildung und Jugend","Förderung von Wiener Bildungsgrätzln","1150",5000,1,2024
"Bildung, Jugend, Integration und Transparenz","Bildung und Jugend","Förderung von Wiener Bildungsgrätzln","1140",3000,1,2024
"Bildung, Jugend, Integration und Transparenz","Bildung und Jugend","Förderung von Wiener Bildungsgrätzln","1120",2890.11,1,2024
"Bildung, Jugend, Integration und Transparenz","Bildung und Jugend","Förderung von Wiener Bildungsgrätzln","1170",1900,1,2024
"Bildung, Jugend, Integration und Transparenz","Bildung und Jugend","Förderung von Wiener Bildungsgrätzln","1150",2700,1,2024
"Bildung, Jugend, Integration und Transparenz","Bildung und Jugend","Förderung von Wiener Bildungsgrätzln","1120",3000,1,2024
"Bildung, Jugend, Integration und Transparenz","Bildung und Jugend","Förderung von Wiener Bildungsgrätzln","1020",3000,1,2024
"Bildung, Jugend, Integration und Transparenz","Bildung und Jugend","Förderung von Wiener Bildungsgrätzln","1170",3000,1,2024
"Bildung, Jugend, Integration und Transparenz","Bildung und Jugend","Förderung von Wiener Bildungsgrätzln","1170",5000,1,2024
"Bildung, Jugend, Integration und Transparenz","Bildung und Jugend","Förderung von Wiener Bildungsgrätzln","1090",3000,1,2024
"Bildung, Jugend, Integration und Transparenz","Bildung und Jugend","Förderung von Wiener Bildungsgrätzln","1160",5000,1,2024
"Bildung, Jugend, Integration und Transparenz","Bildung und Jugend","Förderung von Wiener Bildungsgrätzln","1100",3000,1,2024
"Bildung, Jugend, Integration und Transparenz","Bildung und Jugend","Förderung von Wiener Bildungsgrätzln","1100",3000,1,2024
"Bildung, Jugend, Integration und Transparenz","Bildung und Jugend","Förderung von Wiener Bildungsgrätzln","1100",5000,1,2024
"Bildung, Jugend, Integration und Transparenz","Bildung und Jugend","Förderung von Wiener Bildungsgrätzln","1190",3000,1,2024
"Bildung, Jugend, Integration und Transparenz","Bildung und Jugend","Förderung von Wiener Bildungsgrätzln","1210",1278.85,1,2024
"Bildung, Jugend, Integration und Transparenz","Bildung und Jugend","Förderung von Wiener Bildungsgrätzln","1020",2960,1,2024
"Bildung, Jugend, Integration und Transparenz","Bildung und Jugend","Förderung von Wiener Bildungsgrätzln","1020",5000,1,2024
"Bildung, Jugend, Integration und Transparenz","Bildung und Jugend","Förderung von Wiener Bildungsgrätzln","1170",5000,1,2024
"Bildung, Jugend, Integration und Transparenz","Bildung und Jugend","Förderung von Wiener Bildungsgrätzln","1160",3000,1,2024
"Bildung, Jugend, Integration und Transparenz","Bildung und Jugend","Förderung von Wiener Bildungsgrätzln","1140",3000,1,2024
"Bildung, Jugend, Integration und Transparenz","Bildung und Jugend","Förderung von Wiener Bildungsgrätzln","1020",3000,1,2024
"Bildung, Jugend, Integration und Transparenz","Bildung und Jugend","Förderung von Wiener Bildungsgrätzln","1210",5000,1,2024
"Bildung, Jugend, Integration und Transparenz","Bildung und Jugend","Förderung von Wiener Bildungsgrätzln","1150",3000,1,2024
"Bildung, Jugend, Integration und Transparenz","Bildung und Jugend","Förderung von Wiener Bildungsgrätzln","1140",3000,1,2024
"Bildung, Jugend, Integration und Transparenz","Bildung und Jugend","Förderung von Wiener Bildungsgrätzln","1170",3000,1,2024
"Bildung, Jugend, Integration und Transparenz","Bildung und Jugend","Förderung von Wiener Bildungsgrätzln","1020",3000,1,2024
"Bildung, Jugend, Integration und Transparenz","Bildung und Jugend","Förderung von Wiener Bildungsgrätzln","1220",3000,1,2024
"Bildung, Jugend, Integration und Transparenz","Bildung und Jugend","Förderung von Wiener Bildungsgrätzln","1220",5000,1,2024
"Bildung, Jugend, Integration und Transparenz","Bildung und Jugend","Förderung von Wiener Bildungsgrätzln","1120",2890.11,1,2024
"Bildung, Jugend, Integration und Transparenz","Bildung und Jugend","Förderung von Wiener Bildungsgrätzln","1120",2890.11,1,2024
"Bildung, Jugend, Integration und Transparenz","Bildung und Jugend","Förderung von Wiener Bildungsgrätzln","1210",3000,1,2024
"Bildung, Jugend, Integration und Transparenz","Bildung und Jugend","Förderung von Wiener Bildungsgrätzln","1120",2890.11,1,2024
"Bildung, Jugend, Integration und Transparenz","Bildung und Jugend","Förderung von Wiener Bildungsgrätzln","1120",2890.11,1,2024
"Bildung, Jugend, Integration und Transparenz","Bildung und Jugend","Wienweite spezielle Angebote (zentral)","1090",235000,1,2024
"Bildung, Jugend, Integration und Transparenz","Bildung und Jugend","Förderung von Einrichtungen der Erwachsenenbildung und außerschulischen Bildungsangeboten","1040",37800,1,2024
"Bildung, Jugend, Integration und Transparenz","Bildung und Jugend","Förderung von Einrichtungen der Erwachsenenbildung und außerschulischen Bildungsangeboten","1120",9720,1,2024
"Bildung, Jugend, Integration und Transparenz","Bildung und Jugend","Förderung von Einrichtungen der Erwachsenenbildung und außerschulischen Bildungsangeboten","1040",19000,1,2024
"Bildung, Jugend, Integration und Transparenz","Bildung und Jugend","Förderung von Einrichtungen der Erwachsenenbildung und außerschulischen Bildungsangeboten","1170",32400,1,2024
"Bildung, Jugend, Integration und Transparenz","Bildung und Jugend","Förderung von Maßnahmen, Projekten und gemeinnützigen Organisationen im LGBTIQ-Bereich","1060",21000,1,2024
"Bildung, Jugend, Integration und Transparenz","Bildung und Jugend","Förderung von Maßnahmen, Projekten und gemeinnützigen Organisationen im LGBTIQ-Bereich","1030",10365,1,2024
"Bildung, Jugend, Integration und Transparenz","Bildung und Jugend","Förderung von Maßnahmen, Projekten und gemeinnützigen Organisationen im LGBTIQ-Bereich","1140",6500,1,2024
"Bildung, Jugend, Integration und Transparenz","Bildung und Jugend","Förderung von Maßnahmen, Projekten und gemeinnützigen Organisationen im LGBTIQ-Bereich","1030",1055,1,2024
"Bildung, Jugend, Integration und Transparenz","Bildung und Jugend","Förderung von Maßnahmen, Projekten und gemeinnützigen Organisationen im LGBTIQ-Bereich","1040",5000,1,2024
"Bildung, Jugend, Integration und Transparenz","Bildung und Jugend","Förderung von Maßnahmen, Projekten und gemeinnützigen Organisationen im LGBTIQ-Bereich","1030",1650,1,2024
"Bildung, Jugend, Integration und Transparenz","Bildung und Jugend","Förderung von Maßnahmen, Projekten und gemeinnützigen Organisationen im LGBTIQ-Bereich","1150",1310,1,2024
"Bildung, Jugend, Integration und Transparenz","Bildung und Jugend","Förderung von Maßnahmen, Projekten und gemeinnützigen Organisationen im LGBTIQ-Bereich","1040",1520,1,2024
"Bildung, Jugend, Integration und Transparenz","Bildung und Jugend","Förderung von Maßnahmen, Projekten und gemeinnützigen Organisationen im LGBTIQ-Bereich","1030",8800,1,2024
"Bildung, Jugend, Integration und Transparenz","Bildung und Jugend","Förderung von Maßnahmen, Projekten und gemeinnützigen Organisationen im LGBTIQ-Bereich","1220",1000,1,2024
"Bildung, Jugend, Integration und Transparenz","Bildung und Jugend","Förderung von Maßnahmen, Projekten und gemeinnützigen Organisationen im LGBTIQ-Bereich","1080",6000,1,2024
"Bildung, Jugend, Integration und Transparenz","Bildung und Jugend","Förderung von Maßnahmen, Projekten und gemeinnützigen Organisationen im LGBTIQ-Bereich","1030",1800,1,2024
"Bildung, Jugend, Integration und Transparenz","Bildung und Jugend","Förderung von Maßnahmen, Projekten und gemeinnützigen Organisationen im LGBTIQ-Bereich","1160",5000,1,2024
"Bildung, Jugend, Integration und Transparenz","Bildung und Jugend","Förderung von Einrichtungen der Erwachsenenbildung und außerschulischen Bildungsangeboten","1130",103936,1,2024
"Bildung, Jugend, Integration und Transparenz","Bildung und Jugend","Initiative Erwachsenenbildung","1150",460200,1,2024
"Bildung, Jugend, Integration und Transparenz","Bildung und Jugend","Förderung von Einrichtungen der Erwachsenenbildung und außerschulischen Bildungsangeboten","1070",299000,1,2024
"Bildung, Jugend, Integration und Transparenz","Bildung und Jugend","Förderung von Einrichtungen der Erwachsenenbildung und außerschulischen Bildungsangeboten","1090",4106760,1,2024
"Bildung, Jugend, Integration und Transparenz","Bildung und Jugend","Initiative Erwachsenenbildung","1150",306800,1,2024
"Bildung, Jugend, Integration und Transparenz","Bildung und Jugend","Förderung von Einrichtungen der Erwachsenenbildung und außerschulischen Bildungsangeboten","1010",58320,1,2024
"Bildung, Jugend, Integration und Transparenz","Bildung und Jugend","Wienweite spezielle Angebote (zentral)","1030",288000,1,2024
"Bildung, Jugend, Integration und Transparenz","Bildung und Jugend","Offene Kinder- und Jugendarbeit (zentral)","1230",38500,1,2024
"Bildung, Jugend, Integration und Transparenz","Bildung und Jugend","Förderung von Einrichtungen der Erwachsenenbildung und außerschulischen Bildungsangeboten","1010",40000,1,2024
"Bildung, Jugend, Integration und Transparenz","Bildung und Jugend","Förderung von Wiener Bildungsgrätzln","1200",3000,1,2024
"Bildung, Jugend, Integration und Transparenz","Bildung und Jugend","Förderung von Einrichtungen der Erwachsenenbildung und außerschulischen Bildungsangeboten","1170",13381000,1,2024
"Bildung, Jugend, Integration und Transparenz","Bildung und Jugend","Förderung von Einrichtungen der Erwachsenenbildung und außerschulischen Bildungsangeboten","1040",7000,1,2024
"Bildung, Jugend, Integration und Transparenz","Bildung und Jugend","Förderung von Einrichtungen der Erwachsenenbildung und außerschulischen Bildungsangeboten","1130",7000,1,2024
"Bildung, Jugend, Integration und Transparenz","Bildung und Jugend","Förderung von Einrichtungen der Erwachsenenbildung und außerschulischen Bildungsangeboten","1010",7000,1,2024
"Bildung, Jugend, Integration und Transparenz","Bildung und Jugend","Förderung von Einrichtungen der Erwachsenenbildung und außerschulischen Bildungsangeboten","1030",7000,1,2024
"Bildung, Jugend, Integration und Transparenz","Bildung und Jugend","Förderung von Einrichtungen der Erwachsenenbildung und außerschulischen Bildungsangeboten","1180",7000,1,2024
"Bildung, Jugend, Integration und Transparenz","Bildung und Jugend","Initiative Erwachsenenbildung","1170",148850,1,2024
"Bildung, Jugend, Integration und Transparenz","Bildung und Jugend","Initiative Erwachsenenbildung","1170",148139,1,2024
"Bildung, Jugend, Integration und Transparenz","Bildung und Jugend","Förderung von Einrichtungen der Erwachsenenbildung und außerschulischen Bildungsangeboten","1090",2778350,1,2024
"Bildung, Jugend, Integration und Transparenz","Bildung und Jugend","Initiative Erwachsenenbildung","1110",153400,1,2024
"Bildung, Jugend, Integration und Transparenz","Bildung und Jugend","Initiative Erwachsenenbildung","1110",136840,1,2024
"Bildung, Jugend, Integration und Transparenz","Bildung und Jugend","WiKJorgs Gesamtförderung","1060",9000,1,2024
"Bildung, Jugend, Integration und Transparenz","Bildung und Jugend","WiKJorgs Gesamtförderung","1060",17500,1,2024
"Bildung, Jugend, Integration und Transparenz","Bildung und Jugend","WiKJorgs Gesamtförderung","1020",64900,1,2024
"Bildung, Jugend, Integration und Transparenz","Bildung und Jugend","WiKJorgs Gesamtförderung","1060",17800,1,2024
"Bildung, Jugend, Integration und Transparenz","Bildung und Jugend","WiKJorgs Gesamtförderung","1220",14800,1,2024
"Bildung, Jugend, Integration und Transparenz","Bildung und Jugend","WiKJorgs Gesamtförderung","1010",9800,1,2024
"Bildung, Jugend, Integration und Transparenz","Bildung und Jugend","WiKJorgs Gesamtförderung","1010",13600,1,2024
"Bildung, Jugend, Integration und Transparenz","Bildung und Jugend","WiKJorgs Gesamtförderung","1080",14000,1,2024
"Bildung, Jugend, Integration und Transparenz","Bildung und Jugend","WiKJorgs Gesamtförderung","1050",29100,1,2024
"Bildung, Jugend, Integration und Transparenz","Bildung und Jugend","WiKJorgs Gesamtförderung","1080",77000,1,2024
"Bildung, Jugend, Integration und Transparenz","Bildung und Jugend","WiKJorgs Gesamtförderung","1010",9700,1,2024
"Bildung, Jugend, Integration und Transparenz","Bildung und Jugend","Förderung von Einrichtungen der Erwachsenenbildung und außerschulischen Bildungsangeboten","1060",50000,1,2024
"Bildung, Jugend, Integration und Transparenz","Bildung und Jugend","WiKJorgs Gesamtförderung","1030",115800,1,2024
"Bildung, Jugend, Integration und Transparenz","Bildung und Jugend","WiKJorgs Gesamtförderung","1100",17500,1,2024
"Bildung, Jugend, Integration und Transparenz","Bildung und Jugend","WiKJorgs Gesamtförderung","1150",17500,1,2024
"Bildung, Jugend, Integration und Transparenz","Bildung und Jugend","WiKJorgs Gesamtförderung","1010",13600,1,2024
"Bildung, Jugend, Integration und Transparenz","Bildung und Jugend","WiKJorgs Gesamtförderung","1010",54400,1,2024
"Bildung, Jugend, Integration und Transparenz","Bildung und Jugend","WiKJorgs Gesamtförderung","1020",23600,1,2024
"Bildung, Jugend, Integration und Transparenz","Bildung und Jugend","WiKJorgs Gesamtförderung","1080",12200,1,2024
"Bildung, Jugend, Integration und Transparenz","Bildung und Jugend","WiKJorgs Gesamtförderung","1030",13300,1,2024
"Bildung, Jugend, Integration und Transparenz","Bildung und Jugend","WiKJorgs Gesamtförderung","1010",54000,1,2024
"Bildung, Jugend, Integration und Transparenz","Bildung und Jugend","WiKJorgs Gesamtförderung","1010",47700,1,2024
"Bildung, Jugend, Integration und Transparenz","Bildung und Jugend","WiKJorgs Gesamtförderung","1060",11700,1,2024
"Bildung, Jugend, Integration und Transparenz","Bildung und Jugend","WiKJorgs Gesamtförderung","1020",19500,1,2024
"Bildung, Jugend, Integration und Transparenz","Bildung und Jugend","WiKJorgs Gesamtförderung","1160",38800,1,2024
"Bildung, Jugend, Integration und Transparenz","Bildung und Jugend","Förderung von Einrichtungen der Erwachsenenbildung und außerschulischen Bildungsangeboten","1030",117900,1,2024
"Bildung, Jugend, Integration und Transparenz","Bildung und Jugend","Förderung von Einrichtungen der Erwachsenenbildung und außerschulischen Bildungsangeboten","1070",9e+05,1,2024
"Bildung, Jugend, Integration und Transparenz","Bildung und Jugend","Wienweite spezielle Angebote (zentral)","1080",54000,1,2024
"Bildung, Jugend, Integration und Transparenz","Bildung und Jugend","Förderungen im Musikausbildungsbereich ","1170",386700,1,2024
"Bildung, Jugend, Integration und Transparenz","Bildung und Jugend","Förderungen im Musikausbildungsbereich ","1170",80000,1,2024
"Bildung, Jugend, Integration und Transparenz","Bildung und Jugend","Förderungen im Musikausbildungsbereich ","1190",5000,1,2024
"Bildung, Jugend, Integration und Transparenz","Bildung und Jugend","Förderungen im Musikausbildungsbereich ","1170",4900,1,2024
"Bildung, Jugend, Integration und Transparenz","Bildung und Jugend","Förderungen im Musikausbildungsbereich ","1100",5000,1,2024
"Bildung, Jugend, Integration und Transparenz","Bildung und Jugend","Förderung von Einrichtungen der Erwachsenenbildung und außerschulischen Bildungsangeboten","1010",70000,1,2024
"Bildung, Jugend, Integration und Transparenz","Bildung und Jugend","Förderung von Einrichtungen der Erwachsenenbildung und außerschulischen Bildungsangeboten","1030",213840,1,2024
"Bildung, Jugend, Integration und Transparenz","Bildung und Jugend","Förderungen im Musikausbildungsbereich ","1090",57300,1,2024
"Bildung, Jugend, Integration und Transparenz","Bildung und Jugend","Förderungen im Musikausbildungsbereich ","1080",83000,1,2024
"Bildung, Jugend, Integration und Transparenz","Bildung und Jugend","Förderungen im Musikausbildungsbereich ","1140",79700,1,2024
"Bildung, Jugend, Integration und Transparenz","Bildung und Jugend","Initiative Erwachsenenbildung","1090",680480,1,2024
"Bildung, Jugend, Integration und Transparenz","Bildung und Jugend","Förderung von Maßnahmen, Projekten und gemeinnützigen Organisationen im LGBTIQ-Bereich","1040",521000,1,2024
"Bildung, Jugend, Integration und Transparenz","Bildung und Jugend","WiKJorgs Gesamtförderung","1080",17800,1,2024
"Bildung, Jugend, Integration und Transparenz","Bildung und Jugend","Förderung von Einrichtungen der Erwachsenenbildung und außerschulischen Bildungsangeboten","1070",385560,1,2024
"Bildung, Jugend, Integration und Transparenz","Integration und Diversität","Wiener Sprachgutscheine ","#",74200,506,2024
"Bildung, Jugend, Integration und Transparenz","Integration und Diversität","Kleinprojektförderung von integrations- und diversitätsrelevanten Projekten und Organisationen","1090",4250,1,2024
"Bildung, Jugend, Integration und Transparenz","Integration und Diversität","Kleinprojektförderung von integrations- und diversitätsrelevanten Projekten und Organisationen","1150",2320,1,2024
"Bildung, Jugend, Integration und Transparenz","Integration und Diversität","Kleinprojektförderung von integrations- und diversitätsrelevanten Projekten und Organisationen","1130",2890,1,2024
"Bildung, Jugend, Integration und Transparenz","Integration und Diversität","Kleinprojektförderung von integrations- und diversitätsrelevanten Projekten und Organisationen","1220",1950,1,2024
"Bildung, Jugend, Integration und Transparenz","Integration und Diversität","Kleinprojektförderung von integrations- und diversitätsrelevanten Projekten und Organisationen","1100",2600,1,2024
"Bildung, Jugend, Integration und Transparenz","Integration und Diversität","Förderung von integrations- und diversitätsrelevanten Projekten und Organisationen","1020",38806,1,2024
"Bildung, Jugend, Integration und Transparenz","Integration und Diversität","Förderung von integrations- und diversitätsrelevanten Projekten und Organisationen","1070",260000,1,2024
"Bildung, Jugend, Integration und Transparenz","Integration und Diversität","Förderung von integrations- und diversitätsrelevanten Projekten und Organisationen","1030",113975,1,2024
"Bildung, Jugend, Integration und Transparenz","Integration und Diversität","Förderung von integrations- und diversitätsrelevanten Projekten und Organisationen","1060",132677,1,2024
"Bildung, Jugend, Integration und Transparenz","Integration und Diversität","Förderung von integrations- und diversitätsrelevanten Projekten und Organisationen","1010",934677,1,2024
"Bildung, Jugend, Integration und Transparenz","Integration und Diversität","Förderung von integrations- und diversitätsrelevanten Projekten und Organisationen","1040",3438819,1,2024
"Bildung, Jugend, Integration und Transparenz","Integration und Diversität","Förderung von integrations- und diversitätsrelevanten Projekten und Organisationen","1050",160000,1,2024
"Bildung, Jugend, Integration und Transparenz","Integration und Diversität","Förderung von integrations- und diversitätsrelevanten Projekten und Organisationen","1160",177701,1,2024
"Bildung, Jugend, Integration und Transparenz","Integration und Diversität","Förderung von integrations- und diversitätsrelevanten Projekten und Organisationen","1020",54499,1,2024
"Bildung, Jugend, Integration und Transparenz","Integration und Diversität","Förderung von integrations- und diversitätsrelevanten Projekten und Organisationen","1050",95000,1,2024
"Bildung, Jugend, Integration und Transparenz","Integration und Diversität","Förderung von integrations- und diversitätsrelevanten Projekten und Organisationen","1040",44000,1,2024
"Bildung, Jugend, Integration und Transparenz","Integration und Diversität","Förderung von integrations- und diversitätsrelevanten Projekten und Organisationen","1200",90000,1,2024
"Bildung, Jugend, Integration und Transparenz","Integration und Diversität","Level up - Erwachsenenbildung - Basisbildung","1040",581800,1,2024
"Bildung, Jugend, Integration und Transparenz","Integration und Diversität","Level up - Erwachsenenbildung - Basisbildung","1050",71500,1,2024
"Bildung, Jugend, Integration und Transparenz","Integration und Diversität","Level up - Erwachsenenbildung - Basisbildung","1160",71500,1,2024
"Bildung, Jugend, Integration und Transparenz","Integration und Diversität","Level up - Erwachsenenbildung - Basisbildung","1020",72170,1,2024
"Bildung, Jugend, Integration und Transparenz","Integration und Diversität","Level up - Erwachsenenbildung - Basisbildung","1110",71500,1,2024
"Bildung, Jugend, Integration und Transparenz","Integration und Diversität","Level up - Erwachsenenbildung - Basisbildung","1020",71500,1,2024
"Bildung, Jugend, Integration und Transparenz","Integration und Diversität","Level up - Erwachsenenbildung - Basisbildung","1050",71500,1,2024
"Bildung, Jugend, Integration und Transparenz","Integration und Diversität","Level up - Erwachsenenbildung - Basisbildung","1090",71500,1,2024
"Bildung, Jugend, Integration und Transparenz","Integration und Diversität","Kleinprojektförderung von integrations- und diversitätsrelevanten Projekten und Organisationen","1100",3000,1,2024
"Bildung, Jugend, Integration und Transparenz","Integration und Diversität","Kleinprojektförderung von integrations- und diversitätsrelevanten Projekten und Organisationen","1160",5000,1,2024
"Bildung, Jugend, Integration und Transparenz","Integration und Diversität","Kleinprojektförderung von integrations- und diversitätsrelevanten Projekten und Organisationen","1120",1750,1,2024
"Bildung, Jugend, Integration und Transparenz","Integration und Diversität","Förderung von integrations- und diversitätsrelevanten Projekten und Organisationen","1070",20000,1,2024
"Bildung, Jugend, Integration und Transparenz","Integration und Diversität","Kleinprojektförderung von integrations- und diversitätsrelevanten Projekten und Organisationen","1200",4940,1,2024
"Bildung, Jugend, Integration und Transparenz","Integration und Diversität","Kleinprojektförderung von integrations- und diversitätsrelevanten Projekten und Organisationen","1030",5000,1,2024
"Bildung, Jugend, Integration und Transparenz","Integration und Diversität","Kleinprojektförderung von integrations- und diversitätsrelevanten Projekten und Organisationen","1020",5000,1,2024
"Bildung, Jugend, Integration und Transparenz","Integration und Diversität","Kleinprojektförderung von integrations- und diversitätsrelevanten Projekten und Organisationen","1140",3030,1,2024
"Bildung, Jugend, Integration und Transparenz","Integration und Diversität","Kleinprojektförderung von integrations- und diversitätsrelevanten Projekten und Organisationen","1060",450,1,2024
"Bildung, Jugend, Integration und Transparenz","Integration und Diversität","Kleinprojektförderung von integrations- und diversitätsrelevanten Projekten und Organisationen","1180",5000,1,2024
"Bildung, Jugend, Integration und Transparenz","Integration und Diversität","Förderung von integrations- und diversitätsrelevanten Projekten und Organisationen","1062",55165,1,2024
"Bildung, Jugend, Integration und Transparenz","Integration und Diversität","Kleinprojektförderung von integrations- und diversitätsrelevanten Projekten und Organisationen","1100",2550,1,2024
"Bildung, Jugend, Integration und Transparenz","Integration und Diversität","Kleinprojektförderung von integrations- und diversitätsrelevanten Projekten und Organisationen","1090",3450,1,2024
"Bildung, Jugend, Integration und Transparenz","Integration und Diversität","Kleinprojektförderung von integrations- und diversitätsrelevanten Projekten und Organisationen","1020",5000,1,2024
"Bildung, Jugend, Integration und Transparenz","Integration und Diversität","Kleinprojektförderung von integrations- und diversitätsrelevanten Projekten und Organisationen","1060",4200,1,2024
"Bildung, Jugend, Integration und Transparenz","Integration und Diversität","Kleinprojektförderung von integrations- und diversitätsrelevanten Projekten und Organisationen","1060",3600,1,2024
"Bildung, Jugend, Integration und Transparenz","Integration und Diversität","Kleinprojektförderung von integrations- und diversitätsrelevanten Projekten und Organisationen","1150",4920,1,2024
"Bildung, Jugend, Integration und Transparenz","Integration und Diversität","Kleinprojektförderung von integrations- und diversitätsrelevanten Projekten und Organisationen","1160",4990,1,2024
"Bildung, Jugend, Integration und Transparenz","Integration und Diversität","Kleinprojektförderung von integrations- und diversitätsrelevanten Projekten und Organisationen","1020",2920,1,2024
"Bildung, Jugend, Integration und Transparenz","Integration und Diversität","Kleinprojektförderung von integrations- und diversitätsrelevanten Projekten und Organisationen","1130",4130,1,2024
"Bildung, Jugend, Integration und Transparenz","Integration und Diversität","Kleinprojektförderung von integrations- und diversitätsrelevanten Projekten und Organisationen","1220",4460,1,2024
"Bildung, Jugend, Integration und Transparenz","Integration und Diversität","Kleinprojektförderung von integrations- und diversitätsrelevanten Projekten und Organisationen","1080",2800,1,2024
"Bildung, Jugend, Integration und Transparenz","Integration und Diversität","Kleinprojektförderung von integrations- und diversitätsrelevanten Projekten und Organisationen","1110",4950,1,2024
"Bildung, Jugend, Integration und Transparenz","Integration und Diversität","Kleinprojektförderung von integrations- und diversitätsrelevanten Projekten und Organisationen","1220",2940,1,2024
"Bildung, Jugend, Integration und Transparenz","Integration und Diversität","Förderung von integrations- und diversitätsrelevanten Projekten und Organisationen","1090",147952,1,2024
"Bildung, Jugend, Integration und Transparenz","Integration und Diversität","Förderung von integrations- und diversitätsrelevanten Projekten und Organisationen","1080",42000,1,2024
"Bildung, Jugend, Integration und Transparenz","Integration und Diversität","Kleinprojektförderung von integrations- und diversitätsrelevanten Projekten und Organisationen","1190",3750,1,2024
"Bildung, Jugend, Integration und Transparenz","Integration und Diversität","Kleinprojektförderung von integrations- und diversitätsrelevanten Projekten und Organisationen","1230",1750,1,2024
"Bildung, Jugend, Integration und Transparenz","Integration und Diversität","Förderung von integrations- und diversitätsrelevanten Projekten und Organisationen","1070",33021,1,2024
"Bildung, Jugend, Integration und Transparenz","Integration und Diversität","Förderung von integrations- und diversitätsrelevanten Projekten und Organisationen","1030",40117,1,2024
"Bildung, Jugend, Integration und Transparenz","Integration und Diversität","Förderung von integrations- und diversitätsrelevanten Projekten und Organisationen","1090",52000,1,2024
"Bildung, Jugend, Integration und Transparenz","Integration und Diversität","Kleinprojektförderung von integrations- und diversitätsrelevanten Projekten und Organisationen","1220",2400,1,2024
"Bildung, Jugend, Integration und Transparenz","Integration und Diversität","Kleinprojektförderung von integrations- und diversitätsrelevanten Projekten und Organisationen","1150",3750,1,2024
"Bildung, Jugend, Integration und Transparenz","Integration und Diversität","Kleinprojektförderung von integrations- und diversitätsrelevanten Projekten und Organisationen","1070",3630,1,2024
"Bildung, Jugend, Integration und Transparenz","Integration und Diversität","Kleinprojektförderung von integrations- und diversitätsrelevanten Projekten und Organisationen","1090",3750,1,2024
"Bildung, Jugend, Integration und Transparenz","Integration und Diversität","Kleinprojektförderung von integrations- und diversitätsrelevanten Projekten und Organisationen","1130",3750,1,2024
"Bildung, Jugend, Integration und Transparenz","Integration und Diversität","Kleinprojektförderung von integrations- und diversitätsrelevanten Projekten und Organisationen","1080",1650,1,2024
"Bildung, Jugend, Integration und Transparenz","Integration und Diversität","Kleinprojektförderung von integrations- und diversitätsrelevanten Projekten und Organisationen","1070",3000,1,2024
"Bildung, Jugend, Integration und Transparenz","Integration und Diversität","Kleinprojektförderung von integrations- und diversitätsrelevanten Projekten und Organisationen","1070",2900,1,2024
"Bildung, Jugend, Integration und Transparenz","Integration und Diversität","Kleinprojektförderung von integrations- und diversitätsrelevanten Projekten und Organisationen","1100",2700,1,2024
"Bildung, Jugend, Integration und Transparenz","Integration und Diversität","Kleinprojektförderung von integrations- und diversitätsrelevanten Projekten und Organisationen","2700",3580,1,2024
"Bildung, Jugend, Integration und Transparenz","Integration und Diversität","Kleinprojektförderung von integrations- und diversitätsrelevanten Projekten und Organisationen","1020",1970,1,2024
"Bildung, Jugend, Integration und Transparenz","Integration und Diversität","Kleinprojektförderung von integrations- und diversitätsrelevanten Projekten und Organisationen","1140",3150,1,2024
"Bildung, Jugend, Integration und Transparenz","Integration und Diversität","Kleinprojektförderung von integrations- und diversitätsrelevanten Projekten und Organisationen","1030",3750,1,2024
"Bildung, Jugend, Integration und Transparenz","Integration und Diversität","Kleinprojektförderung von integrations- und diversitätsrelevanten Projekten und Organisationen","1110",3530,1,2024
"Bildung, Jugend, Integration und Transparenz","Integration und Diversität","Förderung von integrations- und diversitätsrelevanten Projekten und Organisationen","1160",193000,1,2024
"Bildung, Jugend, Integration und Transparenz","Integration und Diversität","Kleinprojektförderung von integrations- und diversitätsrelevanten Projekten und Organisationen","1150",3000,1,2024
"Bildung, Jugend, Integration und Transparenz","Integration und Diversität","Kleinprojektförderung von integrations- und diversitätsrelevanten Projekten und Organisationen","1090",2400,1,2024
"Bildung, Jugend, Integration und Transparenz","Integration und Diversität","Kleinprojektförderung von integrations- und diversitätsrelevanten Projekten und Organisationen","1100",3750,1,2024
"Bildung, Jugend, Integration und Transparenz","Integration und Diversität","Kleinprojektförderung von integrations- und diversitätsrelevanten Projekten und Organisationen","1020",3750,1,2024
"Bildung, Jugend, Integration und Transparenz","Integration und Diversität","Förderung von integrations- und diversitätsrelevanten Projekten und Organisationen","1090",50000,1,2024
"Bildung, Jugend, Integration und Transparenz","Integration und Diversität","Level up - Erwachsenenbildung - Basisbildung","1110",78916,1,2024
"Bildung, Jugend, Integration und Transparenz","Integration und Diversität","Level up - Erwachsenenbildung - Basisbildung","1030",20304,1,2024
"Bildung, Jugend, Integration und Transparenz","Integration und Diversität","Level up - Erwachsenenbildung - Basisbildung","1160",6624,1,2024
"Bildung, Jugend, Integration und Transparenz","Integration und Diversität","Level up - Erwachsenenbildung - Basisbildung","1170",95991,1,2024
"Bildung, Jugend, Integration und Transparenz","Integration und Diversität","Level up - Erwachsenenbildung - Basisbildung","1020",108336,1,2024
"Bildung, Jugend, Integration und Transparenz","Integration und Diversität","Level up - Erwachsenenbildung - Basisbildung","1040",961967,1,2024
"Bildung, Jugend, Integration und Transparenz","Integration und Diversität","Level up - Erwachsenenbildung - Basisbildung","1050",71808,1,2024
"Bildung, Jugend, Integration und Transparenz","Integration und Diversität","Level up - Erwachsenenbildung - Basisbildung","1160",50524,1,2024
"Bildung, Jugend, Integration und Transparenz","Integration und Diversität","Level up - Erwachsenenbildung - Basisbildung","1110",102235,1,2024
"Bildung, Jugend, Integration und Transparenz","Integration und Diversität","Level up - Erwachsenenbildung - Basisbildung","1020",72106,1,2024
"Bildung, Jugend, Integration und Transparenz","Integration und Diversität","Level up - Erwachsenenbildung - Basisbildung","1050",304065,1,2024
"Bildung, Jugend, Integration und Transparenz","Integration und Diversität","Level up - Erwachsenenbildung - Basisbildung","1090",1033835,1,2024
"Bildung, Jugend, Integration und Transparenz","Integration und Diversität","Level up - Erwachsenenbildung - Basisbildung","1170",94181,1,2024
"Bildung, Jugend, Integration und Transparenz","Integration und Diversität","Level up - Erwachsenenbildung - Basisbildung","1090",76140,1,2024
"Bildung, Jugend, Integration und Transparenz","Integration und Diversität","Level up - Erwachsenenbildung - Basisbildung","1020",40153,1,2024
"Bildung, Jugend, Integration und Transparenz","Kinder- und Jugendhilfe","Förderung des Essensbeitrages in Kinderbetreuungseinrichtungen","#",3914768.44,9720,2024
"Bildung, Jugend, Integration und Transparenz","Kinder- und Jugendhilfe","Finanzielle Unterstützung von Angeboten für Kinder und Jugendliche","1010",130000,1,2024
"Bildung, Jugend, Integration und Transparenz","Kinder- und Jugendhilfe","Finanzielle Unterstützung von Angeboten für Kinder und Jugendliche","1010",10000,1,2024
"Bildung, Jugend, Integration und Transparenz","Kinder- und Jugendhilfe","Finanzielle Unterstützung von Angeboten für Kinder und Jugendliche","1170",25000,1,2024
"Bildung, Jugend, Integration und Transparenz","Kinder- und Jugendhilfe","Finanzielle Unterstützung von Angeboten für Kinder und Jugendliche","1030",25000,1,2024
"Bildung, Jugend, Integration und Transparenz","Kinder- und Jugendhilfe","Finanzielle Unterstützung von Angeboten für Kinder und Jugendliche","1200",1538108.85,1,2024
"Bildung, Jugend, Integration und Transparenz","Kinder- und Jugendhilfe","Finanzielle Unterstützung von Angeboten für Kinder und Jugendliche","1020",30000,1,2024
"Bildung, Jugend, Integration und Transparenz","Kinder- und Jugendhilfe","Finanzielle Unterstützung von Angeboten für Kinder und Jugendliche","1220",1960000,1,2024
"Bildung, Jugend, Integration und Transparenz","Kinder- und Jugendhilfe","Finanzielle Unterstützung von Angeboten für Kinder und Jugendliche","1060",8333.33,1,2024
"Bildung, Jugend, Integration und Transparenz","Kinder- und Jugendhilfe","Finanzielle Unterstützung von Angeboten für Kinder und Jugendliche","1030",500063,1,2024
"Bildung, Jugend, Integration und Transparenz","Kinder- und Jugendhilfe","Finanzielle Unterstützung von Angeboten für Kinder und Jugendliche","1090",2359000,1,2024
"Bildung, Jugend, Integration und Transparenz","Kinder- und Jugendhilfe","Finanzielle Unterstützung von Angeboten für Kinder und Jugendliche","1150",7e+05,1,2024
"Bildung, Jugend, Integration und Transparenz","Kinder- und Jugendhilfe","Finanzielle Unterstützung von Angeboten für Kinder und Jugendliche","1100",278312.1,1,2024
"Bildung, Jugend, Integration und Transparenz","Kinder- und Jugendhilfe","Finanzielle Unterstützung von Angeboten für Kinder und Jugendliche","1210",4e+05,1,2024
"Bildung, Jugend, Integration und Transparenz","Kinder- und Jugendhilfe","Finanzielle Unterstützung von Angeboten für Kinder und Jugendliche","1120",36000,1,2024
"Bildung, Jugend, Integration und Transparenz","Kindergärten","Förderungen im Rahmen des Modells ""Beitragsfreier Kindergarten"" in Wien - Vollförderung","#",417061605.1,632706,2024
"Bildung, Jugend, Integration und Transparenz","Kindergärten","Innovationsförd.zur Anhebung d.Mindestanzahl d.Betreuungsst.v.Assistent*innen in KDG-Gruppen","#",11407112.12,5957,2024
"Bildung, Jugend, Integration und Transparenz","Kindergärten","Förderungen im Rahmen des Modells ""Beitragsfreier Kindergarten"" in Wien - Wr.Kinder in BL","#",503101.21,1377,2024
"Bildung, Jugend, Integration und Transparenz","Kindergärten","Förderungen für Kinder mit Behinderungen bis zum Beginn der Schulpflicht in Integrationsgruppen","#",1725094.72,2545,2024
"Bildung, Jugend, Integration und Transparenz","Kindergärten","Förderungen im Rahmen des Modells ""Beitragsfreier Kindergarten"" in Wien - Basisförderung","#",4022209.27,12400,2024
"Bildung, Jugend, Integration und Transparenz","Kindergärten","Förderungen im Rahmen des Modells ""Beitragsfreier Kindergarten"" in Wien - Tageselternvereine","#",6230709.73,7468,2024
"Bildung, Jugend, Integration und Transparenz","Kindergärten","Ermäßigung des Elternbeitrages für Schulkinder mit Hauptwohnsitz in Wien in einem städtischen Hort","#",4370427.68,19548,2024
"Bildung, Jugend, Integration und Transparenz","Kindergärten","Sonderfinanzierung Teuerung; Unterstützungsmaßnahme für private elementare Bildungseinrichtungen KDG","1210",3038,1,2024
"Bildung, Jugend, Integration und Transparenz","Kindergärten","Sonderfinanzierung Teuerung; Unterstützungsmaßnahme für private elementare Bildungseinrichtungen KDG","1120",6076,1,2024
"Bildung, Jugend, Integration und Transparenz","Kindergärten","Sonderfinanzierung Teuerung; Unterstützungsmaßnahme für private elementare Bildungseinrichtungen KDG","1210",15190,1,2024
"Bildung, Jugend, Integration und Transparenz","Kindergärten","Sonderfinanzierung Teuerung; Unterstützungsmaßnahme für private elementare Bildungseinrichtungen KDG","1140",9548,1,2024
"Bildung, Jugend, Integration und Transparenz","Kindergärten","Sonderfinanzierung Teuerung; Unterstützungsmaßnahme für private elementare Bildungseinrichtungen KDG","1030",12152,1,2024
"Bildung, Jugend, Integration und Transparenz","Kindergärten","Sonderfinanzierung Teuerung; Unterstützungsmaßnahme für private elementare Bildungseinrichtungen KDG","1080",8463,1,2024
"Bildung, Jugend, Integration und Transparenz","Kindergärten","Sonderfinanzierung Teuerung; Unterstützungsmaßnahme für private elementare Bildungseinrichtungen KDG","1030",6076,1,2024
"Bildung, Jugend, Integration und Transparenz","Kindergärten","Sonderfinanzierung Teuerung; Unterstützungsmaßnahme für private elementare Bildungseinrichtungen KDG","1180",19530,1,2024
"Bildung, Jugend, Integration und Transparenz","Kindergärten","Sonderfinanzierung Teuerung; Unterstützungsmaßnahme für private elementare Bildungseinrichtungen KDG","1210",3038,1,2024
"Bildung, Jugend, Integration und Transparenz","Kindergärten","Sonderfinanzierung Teuerung; Unterstützungsmaßnahme für private elementare Bildungseinrichtungen KDG","1120",9114,1,2024
"Bildung, Jugend, Integration und Transparenz","Kindergärten","Sonderfinanzierung Teuerung; Unterstützungsmaßnahme für private elementare Bildungseinrichtungen KDG","1180",11935,1,2024
"Bildung, Jugend, Integration und Transparenz","Kindergärten","Sonderfinanzierung Teuerung; Unterstützungsmaßnahme für private elementare Bildungseinrichtungen KDG","1100",7812,1,2024
"Bildung, Jugend, Integration und Transparenz","Kindergärten","Sonderfinanzierung Teuerung; Unterstützungsmaßnahme für private elementare Bildungseinrichtungen KDG","1100",19964,1,2024
"Bildung, Jugend, Integration und Transparenz","Kindergärten","Sonderfinanzierung Teuerung; Unterstützungsmaßnahme für private elementare Bildungseinrichtungen KDG","1130",5859,1,2024
"Bildung, Jugend, Integration und Transparenz","Kindergärten","Sonderfinanzierung Teuerung; Unterstützungsmaßnahme für private elementare Bildungseinrichtungen KDG","1170",188139,1,2024
"Bildung, Jugend, Integration und Transparenz","Kindergärten","Sonderfinanzierung Teuerung; Unterstützungsmaßnahme für private elementare Bildungseinrichtungen KDG","1090",15190,1,2024
"Bildung, Jugend, Integration und Transparenz","Kindergärten","Sonderfinanzierung Teuerung; Unterstützungsmaßnahme für private elementare Bildungseinrichtungen KDG","1170",3038,1,2024
"Bildung, Jugend, Integration und Transparenz","Kindergärten","Sonderfinanzierung Teuerung; Unterstützungsmaßnahme für private elementare Bildungseinrichtungen KDG","1100",12152,1,2024
"Bildung, Jugend, Integration und Transparenz","Kindergärten","Sonderfinanzierung Teuerung; Unterstützungsmaßnahme für private elementare Bildungseinrichtungen KDG","1100",27993,1,2024
"Bildung, Jugend, Integration und Transparenz","Kindergärten","Sonderfinanzierung Teuerung; Unterstützungsmaßnahme für private elementare Bildungseinrichtungen KDG","1210",11718,1,2024
"Bildung, Jugend, Integration und Transparenz","Kindergärten","Sonderfinanzierung Teuerung; Unterstützungsmaßnahme für private elementare Bildungseinrichtungen KDG","1180",1085,1,2024
"Bildung, Jugend, Integration und Transparenz","Kindergärten","Sonderfinanzierung Teuerung; Unterstützungsmaßnahme für private elementare Bildungseinrichtungen KDG","1210",8680,1,2024
"Bildung, Jugend, Integration und Transparenz","Kindergärten","Sonderfinanzierung Teuerung; Unterstützungsmaßnahme für private elementare Bildungseinrichtungen KDG","1200",3038,1,2024
"Bildung, Jugend, Integration und Transparenz","Kindergärten","Sonderfinanzierung Teuerung; Unterstützungsmaßnahme für private elementare Bildungseinrichtungen KDG","1130",15190,1,2024
"Bildung, Jugend, Integration und Transparenz","Kindergärten","Sonderfinanzierung Teuerung; Unterstützungsmaßnahme für private elementare Bildungseinrichtungen KDG","1190",7812,1,2024
"Bildung, Jugend, Integration und Transparenz","Kindergärten","Sonderfinanzierung Teuerung; Unterstützungsmaßnahme für private elementare Bildungseinrichtungen KDG","1020",25823,1,2024
"Bildung, Jugend, Integration und Transparenz","Kindergärten","Sonderfinanzierung Teuerung; Unterstützungsmaßnahme für private elementare Bildungseinrichtungen KDG","1090",24304,1,2024
"Bildung, Jugend, Integration und Transparenz","Kindergärten","Sonderfinanzierung Teuerung; Unterstützungsmaßnahme für private elementare Bildungseinrichtungen KDG","1140",8463,1,2024
"Bildung, Jugend, Integration und Transparenz","Kindergärten","Sonderfinanzierung Teuerung; Unterstützungsmaßnahme für private elementare Bildungseinrichtungen KDG","1180",22785,1,2024
"Bildung, Jugend, Integration und Transparenz","Kindergärten","Sonderfinanzierung Teuerung; Unterstützungsmaßnahme für private elementare Bildungseinrichtungen KDG","1180",4340,1,2024
"Bildung, Jugend, Integration und Transparenz","Kindergärten","Sonderfinanzierung Teuerung; Unterstützungsmaßnahme für private elementare Bildungseinrichtungen KDG","1070",3038,1,2024
"Bildung, Jugend, Integration und Transparenz","Kindergärten","Sonderfinanzierung Teuerung; Unterstützungsmaßnahme für private elementare Bildungseinrichtungen KDG","1220",1085,1,2024
"Bildung, Jugend, Integration und Transparenz","Kindergärten","Sonderfinanzierung Teuerung; Unterstützungsmaßnahme für private elementare Bildungseinrichtungen KDG","1100",1085,1,2024
"Bildung, Jugend, Integration und Transparenz","Kindergärten","Sonderfinanzierung Teuerung; Unterstützungsmaßnahme für private elementare Bildungseinrichtungen KDG","1190",3038,1,2024
"Bildung, Jugend, Integration und Transparenz","Kindergärten","Sonderfinanzierung Teuerung; Unterstützungsmaßnahme für private elementare Bildungseinrichtungen KDG","1210",13671,1,2024
"Bildung, Jugend, Integration und Transparenz","Kindergärten","Sonderfinanzierung Teuerung; Unterstützungsmaßnahme für private elementare Bildungseinrichtungen KDG","3052",9765,1,2024
"Bildung, Jugend, Integration und Transparenz","Kindergärten","Sonderfinanzierung Teuerung; Unterstützungsmaßnahme für private elementare Bildungseinrichtungen KDG","1180",20181,1,2024
"Bildung, Jugend, Integration und Transparenz","Kindergärten","Sonderfinanzierung Teuerung; Unterstützungsmaßnahme für private elementare Bildungseinrichtungen KDG","1070",8680,1,2024
"Bildung, Jugend, Integration und Transparenz","Kindergärten","Sonderfinanzierung Teuerung; Unterstützungsmaßnahme für private elementare Bildungseinrichtungen KDG","1140",30380,1,2024
"Bildung, Jugend, Integration und Transparenz","Kindergärten","Sonderfinanzierung Teuerung; Unterstützungsmaßnahme für private elementare Bildungseinrichtungen KDG","1140",9114,1,2024
"Bildung, Jugend, Integration und Transparenz","Kindergärten","Sonderfinanzierung Teuerung; Unterstützungsmaßnahme für private elementare Bildungseinrichtungen KDG","1190",8680,1,2024
"Bildung, Jugend, Integration und Transparenz","Kindergärten","Sonderfinanzierung Teuerung; Unterstützungsmaßnahme für private elementare Bildungseinrichtungen KDG","1120",6076,1,2024
"Bildung, Jugend, Integration und Transparenz","Kindergärten","Sonderfinanzierung Teuerung; Unterstützungsmaßnahme für private elementare Bildungseinrichtungen KDG","1120",3038,1,2024
"Bildung, Jugend, Integration und Transparenz","Kindergärten","Sonderfinanzierung Teuerung; Unterstützungsmaßnahme für private elementare Bildungseinrichtungen KDG","1210",12152,1,2024
"Bildung, Jugend, Integration und Transparenz","Kindergärten","Sonderfinanzierung Teuerung; Unterstützungsmaßnahme für private elementare Bildungseinrichtungen KDG","1020",1085,1,2024
"Bildung, Jugend, Integration und Transparenz","Kindergärten","Sonderfinanzierung Teuerung; Unterstützungsmaßnahme für private elementare Bildungseinrichtungen KDG","1020",3038,1,2024
"Bildung, Jugend, Integration und Transparenz","Kindergärten","Sonderfinanzierung Teuerung; Unterstützungsmaßnahme für private elementare Bildungseinrichtungen KDG","1150",3038,1,2024
"Bildung, Jugend, Integration und Transparenz","Kindergärten","Sonderfinanzierung Teuerung; Unterstützungsmaßnahme für private elementare Bildungseinrichtungen KDG","1020",15190,1,2024
"Bildung, Jugend, Integration und Transparenz","Kindergärten","Sonderfinanzierung Teuerung; Unterstützungsmaßnahme für private elementare Bildungseinrichtungen KDG","1230",1085,1,2024
"Bildung, Jugend, Integration und Transparenz","Kindergärten","Sonderfinanzierung Teuerung; Unterstützungsmaßnahme für private elementare Bildungseinrichtungen KDG","1150",1085,1,2024
"Bildung, Jugend, Integration und Transparenz","Kindergärten","Sonderfinanzierung Teuerung; Unterstützungsmaßnahme für private elementare Bildungseinrichtungen KDG","1050",1085,1,2024
"Bildung, Jugend, Integration und Transparenz","Kindergärten","Sonderfinanzierung Teuerung; Unterstützungsmaßnahme für private elementare Bildungseinrichtungen KDG","1040",3038,1,2024
"Bildung, Jugend, Integration und Transparenz","Kindergärten","Sonderfinanzierung Teuerung; Unterstützungsmaßnahme für private elementare Bildungseinrichtungen KDG","1180",14105,1,2024
"Bildung, Jugend, Integration und Transparenz","Kindergärten","Sonderfinanzierung Teuerung; Unterstützungsmaßnahme für private elementare Bildungseinrichtungen KDG","1110",25606,1,2024
"Bildung, Jugend, Integration und Transparenz","Kindergärten","Sonderfinanzierung Teuerung; Unterstützungsmaßnahme für private elementare Bildungseinrichtungen KDG","1100",37975,1,2024
"Bildung, Jugend, Integration und Transparenz","Kindergärten","Sonderfinanzierung Teuerung; Unterstützungsmaßnahme für private elementare Bildungseinrichtungen KDG","1200",27342,1,2024
"Bildung, Jugend, Integration und Transparenz","Kindergärten","Sonderfinanzierung Teuerung; Unterstützungsmaßnahme für private elementare Bildungseinrichtungen KDG","1070",9114,1,2024
"Bildung, Jugend, Integration und Transparenz","Kindergärten","Sonderfinanzierung Teuerung; Unterstützungsmaßnahme für private elementare Bildungseinrichtungen KDG","1040",651,1,2024
"Bildung, Jugend, Integration und Transparenz","Kindergärten","Sonderfinanzierung Teuerung; Unterstützungsmaßnahme für private elementare Bildungseinrichtungen KDG","1020",29295,1,2024
"Bildung, Jugend, Integration und Transparenz","Kindergärten","Sonderfinanzierung Teuerung; Unterstützungsmaßnahme für private elementare Bildungseinrichtungen KDG","1190",7161,1,2024
"Bildung, Jugend, Integration und Transparenz","Kindergärten","Förderung von heilpädagogischen Hortgruppen","1190",637781.5,72,2024
"Bildung, Jugend, Integration und Transparenz","Kindergärten","Sonderfinanzierung Teuerung; Unterstützungsmaßnahme für private elementare Bildungseinrichtungen KDG","1020",10850,1,2024
"Bildung, Jugend, Integration und Transparenz","Kindergärten","Sonderfinanzierung Teuerung; Unterstützungsmaßnahme für private elementare Bildungseinrichtungen KDG","1100",53816,1,2024
"Bildung, Jugend, Integration und Transparenz","Kindergärten","Sonderfinanzierung Teuerung; Unterstützungsmaßnahme für private elementare Bildungseinrichtungen KDG","1110",18228,1,2024
"Bildung, Jugend, Integration und Transparenz","Kindergärten","Sonderfinanzierung Teuerung; Unterstützungsmaßnahme für private elementare Bildungseinrichtungen KDG","1140",1085,1,2024
"Bildung, Jugend, Integration und Transparenz","Kindergärten","Sonderfinanzierung Teuerung; Unterstützungsmaßnahme für private elementare Bildungseinrichtungen KDG","1120",6076,1,2024
"Bildung, Jugend, Integration und Transparenz","Kindergärten","Sonderfinanzierung Teuerung; Unterstützungsmaßnahme für private elementare Bildungseinrichtungen KDG","1220",18011,1,2024
"Bildung, Jugend, Integration und Transparenz","Kindergärten","Sonderfinanzierung Teuerung; Unterstützungsmaßnahme für private elementare Bildungseinrichtungen KDG","1060",40145,1,2024
"Bildung, Jugend, Integration und Transparenz","Kindergärten","Sonderfinanzierung Teuerung; Unterstützungsmaßnahme für private elementare Bildungseinrichtungen KDG","1020",14105,1,2024
"Bildung, Jugend, Integration und Transparenz","Kindergärten","Sonderfinanzierung Teuerung; Unterstützungsmaßnahme für private elementare Bildungseinrichtungen KDG","2544",31465,1,2024
"Bildung, Jugend, Integration und Transparenz","Kindergärten","Sonderfinanzierung Teuerung; Unterstützungsmaßnahme für private elementare Bildungseinrichtungen KDG","1020",3038,1,2024
"Bildung, Jugend, Integration und Transparenz","Kindergärten","Förderung von heilpädagogischen Hortgruppen","1080",375393.03,24,2024
"Bildung, Jugend, Integration und Transparenz","Kindergärten","Sonderfinanzierung Teuerung; Unterstützungsmaßnahme für private elementare Bildungseinrichtungen KDG","1110",3038,1,2024
"Bildung, Jugend, Integration und Transparenz","Kindergärten","Sonderfinanzierung Teuerung; Unterstützungsmaßnahme für private elementare Bildungseinrichtungen KDG","1100",12152,1,2024
"Bildung, Jugend, Integration und Transparenz","Kindergärten","Sonderfinanzierung Teuerung; Unterstützungsmaßnahme für private elementare Bildungseinrichtungen KDG","1180",4340,1,2024
"Bildung, Jugend, Integration und Transparenz","Kindergärten","Sonderfinanzierung Teuerung; Unterstützungsmaßnahme für private elementare Bildungseinrichtungen KDG","1070",1448692,1,2024
"Bildung, Jugend, Integration und Transparenz","Kindergärten","Sonderfinanzierung Teuerung; Unterstützungsmaßnahme für private elementare Bildungseinrichtungen KDG","1150",11935,1,2024
"Bildung, Jugend, Integration und Transparenz","Kindergärten","Sonderfinanzierung Teuerung; Unterstützungsmaßnahme für private elementare Bildungseinrichtungen KDG","1060",14756,1,2024
"Bildung, Jugend, Integration und Transparenz","Kindergärten","Sonderfinanzierung Teuerung; Unterstützungsmaßnahme für private elementare Bildungseinrichtungen KDG","1100",11935,1,2024
"Bildung, Jugend, Integration und Transparenz","Kindergärten","Sonderfinanzierung Teuerung; Unterstützungsmaßnahme für private elementare Bildungseinrichtungen KDG","1100",6076,1,2024
"Bildung, Jugend, Integration und Transparenz","Kindergärten","Sonderfinanzierung Teuerung; Unterstützungsmaßnahme für private elementare Bildungseinrichtungen KDG","1120",11501,1,2024
"Bildung, Jugend, Integration und Transparenz","Kindergärten","Sonderfinanzierung Teuerung; Unterstützungsmaßnahme für private elementare Bildungseinrichtungen KDG","1020",10199,1,2024
"Bildung, Jugend, Integration und Transparenz","Kindergärten","Gruppenzuschlag I","1070",680197.4,460,2024
"Bildung, Jugend, Integration und Transparenz","Kindergärten","Sonderfinanzierung Teuerung; Unterstützungsmaßnahme für private elementare Bildungseinrichtungen KDG","1160",2387,1,2024
"Bildung, Jugend, Integration und Transparenz","Kindergärten","Sonderfinanzierung Teuerung; Unterstützungsmaßnahme für private elementare Bildungseinrichtungen KDG","1210",3038,1,2024
"Bildung, Jugend, Integration und Transparenz","Kindergärten","Sonderfinanzierung Teuerung; Unterstützungsmaßnahme für private elementare Bildungseinrichtungen KDG","1210",5425,1,2024
"Bildung, Jugend, Integration und Transparenz","Kindergärten","Sonderfinanzierung Teuerung; Unterstützungsmaßnahme für private elementare Bildungseinrichtungen KDG","1150",19530,1,2024
"Bildung, Jugend, Integration und Transparenz","Kindergärten","Sonderfinanzierung Teuerung; Unterstützungsmaßnahme für private elementare Bildungseinrichtungen KDG","1200",92225,1,2024
"Bildung, Jugend, Integration und Transparenz","Kindergärten","Sonderfinanzierung Teuerung; Unterstützungsmaßnahme für private elementare Bildungseinrichtungen KDG","1120",15190,1,2024
"Bildung, Jugend, Integration und Transparenz","Kindergärten","Sonderfinanzierung Teuerung; Unterstützungsmaßnahme für private elementare Bildungseinrichtungen KDG","1010",13237,1,2024
"Bildung, Jugend, Integration und Transparenz","Kindergärten","Sonderfinanzierung Teuerung; Unterstützungsmaßnahme für private elementare Bildungseinrichtungen KDG","1100",13888,1,2024
"Bildung, Jugend, Integration und Transparenz","Kindergärten","Sonderfinanzierung Teuerung; Unterstützungsmaßnahme für private elementare Bildungseinrichtungen KDG","1210",3038,1,2024
"Bildung, Jugend, Integration und Transparenz","Kindergärten","Sonderfinanzierung Teuerung; Unterstützungsmaßnahme für private elementare Bildungseinrichtungen KDG","1010",14322,1,2024
"Bildung, Jugend, Integration und Transparenz","Kindergärten","Gruppenzuschlag I","1080",647418.3,436,2024
"Bildung, Jugend, Integration und Transparenz","Kindergärten","Sonderfinanzierung Teuerung; Unterstützungsmaßnahme für private elementare Bildungseinrichtungen KDG","1160",12803,1,2024
"Bildung, Jugend, Integration und Transparenz","Kindergärten","Sonderfinanzierung Teuerung; Unterstützungsmaßnahme für private elementare Bildungseinrichtungen KDG","1190",35371,1,2024
"Bildung, Jugend, Integration und Transparenz","Kindergärten","Sonderfinanzierung Teuerung; Unterstützungsmaßnahme für private elementare Bildungseinrichtungen KDG","1100",19530,1,2024
"Bildung, Jugend, Integration und Transparenz","Kindergärten","Sonderfinanzierung Teuerung; Unterstützungsmaßnahme für private elementare Bildungseinrichtungen KDG","1220",32550,1,2024
"Bildung, Jugend, Integration und Transparenz","Kindergärten","Sonderfinanzierung Teuerung; Unterstützungsmaßnahme für private elementare Bildungseinrichtungen KDG","1200",72695,1,2024
"Bildung, Jugend, Integration und Transparenz","Kindergärten","Sonderfinanzierung Teuerung; Unterstützungsmaßnahme für private elementare Bildungseinrichtungen KDG","1160",8680,1,2024
"Bildung, Jugend, Integration und Transparenz","Kindergärten","Sonderfinanzierung Teuerung; Unterstützungsmaßnahme für private elementare Bildungseinrichtungen KDG","1160",21483,1,2024
"Bildung, Jugend, Integration und Transparenz","Kindergärten","Sonderfinanzierung Teuerung; Unterstützungsmaßnahme für private elementare Bildungseinrichtungen KDG","1210",44051,1,2024
"Bildung, Jugend, Integration und Transparenz","Kindergärten","Sonderfinanzierung Teuerung; Unterstützungsmaßnahme für private elementare Bildungseinrichtungen KDG","1150",13020,1,2024
"Bildung, Jugend, Integration und Transparenz","Kindergärten","Sonderfinanzierung Teuerung; Unterstützungsmaßnahme für private elementare Bildungseinrichtungen KDG","1170",18879,1,2024
"Bildung, Jugend, Integration und Transparenz","Kindergärten","Oma Dienst","1010",19900,1,2024
"Bildung, Jugend, Integration und Transparenz","Kindergärten","Gruppenzuschlag I (Spital)","1080",53232.12,12,2024
"Bildung, Jugend, Integration und Transparenz","Kindergärten","Sonderfinanzierung Teuerung; Unterstützungsmaßnahme für private elementare Bildungseinrichtungen KDG","1160",8680,1,2024
"Bildung, Jugend, Integration und Transparenz","Kindergärten","Sonderfinanzierung Teuerung; Unterstützungsmaßnahme für private elementare Bildungseinrichtungen KDG","1020",39928,1,2024
"Bildung, Jugend, Integration und Transparenz","Kindergärten","Sonderfinanzierung Teuerung; Unterstützungsmaßnahme für private elementare Bildungseinrichtungen KDG","1170",3255,1,2024
"Bildung, Jugend, Integration und Transparenz","Kindergärten","Sonderfinanzierung Teuerung; Unterstützungsmaßnahme für private elementare Bildungseinrichtungen KDG","1070",4340,1,2024
"Bildung, Jugend, Integration und Transparenz","Kindergärten","Sonderfinanzierung Teuerung; Unterstützungsmaßnahme für private elementare Bildungseinrichtungen KDG","1020",20615,1,2024
"Bildung, Jugend, Integration und Transparenz","Kindergärten","Sonderfinanzierung Teuerung; Unterstützungsmaßnahme für private elementare Bildungseinrichtungen KDG","1170",7595,1,2024
"Bildung, Jugend, Integration und Transparenz","Kindergärten","Sonderfinanzierung Teuerung; Unterstützungsmaßnahme für private elementare Bildungseinrichtungen KDG","1070",8680,1,2024
"Bildung, Jugend, Integration und Transparenz","Kindergärten","Sonderfinanzierung Teuerung; Unterstützungsmaßnahme für private elementare Bildungseinrichtungen KDG","1200",23870,1,2024
"Bildung, Jugend, Integration und Transparenz","Kindergärten","Sonderfinanzierung Teuerung; Unterstützungsmaßnahme für private elementare Bildungseinrichtungen KDG","1100",6510,1,2024
"Bildung, Jugend, Integration und Transparenz","Kindergärten","Sonderfinanzierung Teuerung; Unterstützungsmaßnahme für private elementare Bildungseinrichtungen KDG","1120",17360,1,2024
"Bildung, Jugend, Integration und Transparenz","Kindergärten","Zuschlag II (A-Häuser)","1070",49682.64,168,2024
"Bildung, Jugend, Integration und Transparenz","Kindergärten","Sonderfinanzierung Teuerung; Unterstützungsmaßnahme für private elementare Bildungseinrichtungen KDG","1020",15190,1,2024
"Bildung, Jugend, Integration und Transparenz","Kindergärten","Sonderfinanzierung Teuerung; Unterstützungsmaßnahme für private elementare Bildungseinrichtungen KDG","1050",14539,1,2024
"Bildung, Jugend, Integration und Transparenz","Kindergärten","Sonderfinanzierung Teuerung; Unterstützungsmaßnahme für private elementare Bildungseinrichtungen KDG","1210",4340,1,2024
"Bildung, Jugend, Integration und Transparenz","Kindergärten","Sonderfinanzierung Teuerung; Unterstützungsmaßnahme für private elementare Bildungseinrichtungen KDG","1130",9114,1,2024
"Bildung, Jugend, Integration und Transparenz","Kindergärten","Sonderfinanzierung Teuerung; Unterstützungsmaßnahme für private elementare Bildungseinrichtungen KDG","1030",11935,1,2024
"Bildung, Jugend, Integration und Transparenz","Kindergärten","Sonderfinanzierung Teuerung; Unterstützungsmaßnahme für private elementare Bildungseinrichtungen KDG","1100",8680,1,2024
"Bildung, Jugend, Integration und Transparenz","Kindergärten","Sonderfinanzierung Teuerung; Unterstützungsmaßnahme für private elementare Bildungseinrichtungen KDG","1210",60543,1,2024
"Bildung, Jugend, Integration und Transparenz","Kindergärten","Sonderfinanzierung Teuerung; Unterstützungsmaßnahme für private elementare Bildungseinrichtungen KDG","1160",121520,1,2024
"Bildung, Jugend, Integration und Transparenz","Kindergärten","Sonderfinanzierung Teuerung; Unterstützungsmaßnahme für private elementare Bildungseinrichtungen KDG","1210",3689,1,2024
"Bildung, Jugend, Integration und Transparenz","Kindergärten","Sonderfinanzierung Teuerung; Unterstützungsmaßnahme für private elementare Bildungseinrichtungen KDG","1100",44268,1,2024
"Bildung, Jugend, Integration und Transparenz","Kindergärten","Zuschlag II (A-Häuser)","1080",25383.2,84,2024
"Bildung, Jugend, Integration und Transparenz","Kindergärten","Sonderfinanzierung Teuerung; Unterstützungsmaßnahme für private elementare Bildungseinrichtungen KDG","1080",15190,1,2024
"Bildung, Jugend, Integration und Transparenz","Kindergärten","Sonderfinanzierung Teuerung; Unterstützungsmaßnahme für private elementare Bildungseinrichtungen KDG","1140",15190,1,2024
"Bildung, Jugend, Integration und Transparenz","Kindergärten","Sonderfinanzierung Teuerung; Unterstützungsmaßnahme für private elementare Bildungseinrichtungen KDG","1230",5425,1,2024
"Bildung, Jugend, Integration und Transparenz","Kindergärten","Sonderfinanzierung Teuerung; Unterstützungsmaßnahme für private elementare Bildungseinrichtungen KDG","1160",15841,1,2024
"Bildung, Jugend, Integration und Transparenz","Kindergärten","Sonderfinanzierung Teuerung; Unterstützungsmaßnahme für private elementare Bildungseinrichtungen KDG","1120",16275,1,2024
"Bildung, Jugend, Integration und Transparenz","Kindergärten","Sonderfinanzierung Teuerung; Unterstützungsmaßnahme für private elementare Bildungseinrichtungen KDG","1190",5208,1,2024
"Bildung, Jugend, Integration und Transparenz","Kindergärten","Sonderfinanzierung Teuerung; Unterstützungsmaßnahme für private elementare Bildungseinrichtungen KDG","1160",15190,1,2024
"Bildung, Jugend, Integration und Transparenz","Kindergärten","Sonderfinanzierung Teuerung; Unterstützungsmaßnahme für private elementare Bildungseinrichtungen KDG","1050",9765,1,2024
"Bildung, Jugend, Integration und Transparenz","Kindergärten","Sonderfinanzierung Teuerung; Unterstützungsmaßnahme für private elementare Bildungseinrichtungen KDG","1030",6076,1,2024
"Bildung, Jugend, Integration und Transparenz","Kindergärten","Sonderfinanzierung Teuerung; Unterstützungsmaßnahme für private elementare Bildungseinrichtungen KDG","1230",3038,1,2024
"Bildung, Jugend, Integration und Transparenz","Kindergärten","Förderungen im Rahmen der Hortgruppenförderung in Wien","1110",45372.36,15,2024
"Bildung, Jugend, Integration und Transparenz","Kindergärten","Sonderfinanzierung Teuerung; Unterstützungsmaßnahme für private elementare Bildungseinrichtungen KDG","1100",23436,1,2024
"Bildung, Jugend, Integration und Transparenz","Kindergärten","Sonderfinanzierung Teuerung; Unterstützungsmaßnahme für private elementare Bildungseinrichtungen KDG","1180",3038,1,2024
"Bildung, Jugend, Integration und Transparenz","Kindergärten","Sonderfinanzierung Teuerung; Unterstützungsmaßnahme für private elementare Bildungseinrichtungen KDG","2201",12152,1,2024
"Bildung, Jugend, Integration und Transparenz","Kindergärten","Sonderfinanzierung Teuerung; Unterstützungsmaßnahme für private elementare Bildungseinrichtungen KDG","1220",3038,1,2024
"Bildung, Jugend, Integration und Transparenz","Kindergärten","Sonderfinanzierung Teuerung; Unterstützungsmaßnahme für private elementare Bildungseinrichtungen KDG","1100",12152,1,2024
"Bildung, Jugend, Integration und Transparenz","Kindergärten","Sonderfinanzierung Teuerung; Unterstützungsmaßnahme für private elementare Bildungseinrichtungen KDG","1160",6076,1,2024
"Bildung, Jugend, Integration und Transparenz","Kindergärten","Sonderfinanzierung Teuerung; Unterstützungsmaßnahme für private elementare Bildungseinrichtungen KDG","1210",12152,1,2024
"Bildung, Jugend, Integration und Transparenz","Kindergärten","Sonderfinanzierung Teuerung; Unterstützungsmaßnahme für private elementare Bildungseinrichtungen KDG","1200",12152,1,2024
"Bildung, Jugend, Integration und Transparenz","Kindergärten","Sonderfinanzierung Teuerung; Unterstützungsmaßnahme für private elementare Bildungseinrichtungen KDG","1210",3038,1,2024
"Bildung, Jugend, Integration und Transparenz","Kindergärten","Sonderfinanzierung Teuerung; Unterstützungsmaßnahme für private elementare Bildungseinrichtungen KDG","1140",3038,1,2024
"Bildung, Jugend, Integration und Transparenz","Kindergärten","Förderungen im Rahmen der Hortgruppenförderung in Wien","1010",21145.8,18,2024
"Bildung, Jugend, Integration und Transparenz","Kindergärten","Sonderfinanzierung Teuerung; Unterstützungsmaßnahme für private elementare Bildungseinrichtungen KDG","1100",9114,1,2024
"Bildung, Jugend, Integration und Transparenz","Kindergärten","Sonderfinanzierung Teuerung; Unterstützungsmaßnahme für private elementare Bildungseinrichtungen KDG","1100",2821,1,2024
"Bildung, Jugend, Integration und Transparenz","Kindergärten","Sonderfinanzierung Teuerung; Unterstützungsmaßnahme für private elementare Bildungseinrichtungen KDG","1100",14973,1,2024
"Bildung, Jugend, Integration und Transparenz","Kindergärten","Sonderfinanzierung Teuerung; Unterstützungsmaßnahme für private elementare Bildungseinrichtungen KDG","1190",6076,1,2024
"Bildung, Jugend, Integration und Transparenz","Kindergärten","Sonderfinanzierung Teuerung; Unterstützungsmaßnahme für private elementare Bildungseinrichtungen KDG","1220",6076,1,2024
"Bildung, Jugend, Integration und Transparenz","Kindergärten","Sonderfinanzierung Teuerung; Unterstützungsmaßnahme für private elementare Bildungseinrichtungen KDG","1100",3038,1,2024
"Bildung, Jugend, Integration und Transparenz","Kindergärten","Sonderfinanzierung Teuerung; Unterstützungsmaßnahme für private elementare Bildungseinrichtungen KDG","1180",5208,1,2024
"Bildung, Jugend, Integration und Transparenz","Kindergärten","Sonderfinanzierung Teuerung; Unterstützungsmaßnahme für private elementare Bildungseinrichtungen KDG","1050",5859,1,2024
"Bildung, Jugend, Integration und Transparenz","Kindergärten","Sonderfinanzierung Teuerung; Unterstützungsmaßnahme für private elementare Bildungseinrichtungen KDG","1030",9114,1,2024
"Bildung, Jugend, Integration und Transparenz","Kindergärten","Sonderfinanzierung Teuerung; Unterstützungsmaßnahme für private elementare Bildungseinrichtungen KDG","1160",3038,1,2024
"Bildung, Jugend, Integration und Transparenz","Kindergärten","Förderungen im Rahmen der Hortgruppenförderung in Wien","1140",19083.35,11,2024
"Bildung, Jugend, Integration und Transparenz","Kindergärten","Sonderfinanzierung Teuerung; Unterstützungsmaßnahme für private elementare Bildungseinrichtungen KDG","1210",3038,1,2024
"Bildung, Jugend, Integration und Transparenz","Kindergärten","Sonderfinanzierung Teuerung; Unterstützungsmaßnahme für private elementare Bildungseinrichtungen KDG","1160",6076,1,2024
"Bildung, Jugend, Integration und Transparenz","Kindergärten","Sonderfinanzierung Teuerung; Unterstützungsmaßnahme für private elementare Bildungseinrichtungen KDG","1140",3038,1,2024
"Bildung, Jugend, Integration und Transparenz","Kindergärten","Sonderfinanzierung Teuerung; Unterstützungsmaßnahme für private elementare Bildungseinrichtungen KDG","1200",12152,1,2024
"Bildung, Jugend, Integration und Transparenz","Kindergärten","Sonderfinanzierung Teuerung; Unterstützungsmaßnahme für private elementare Bildungseinrichtungen KDG","1100",5642,1,2024
"Bildung, Jugend, Integration und Transparenz","Kindergärten","Sonderfinanzierung Teuerung; Unterstützungsmaßnahme für private elementare Bildungseinrichtungen KDG","1210",21266,1,2024
"Bildung, Jugend, Integration und Transparenz","Kindergärten","Sonderfinanzierung Teuerung; Unterstützungsmaßnahme für private elementare Bildungseinrichtungen KDG","1100",11935,1,2024
"Bildung, Jugend, Integration und Transparenz","Kindergärten","Sonderfinanzierung Teuerung; Unterstützungsmaßnahme für private elementare Bildungseinrichtungen KDG","1100",6076,1,2024
"Bildung, Jugend, Integration und Transparenz","Kindergärten","Sonderfinanzierung Teuerung; Unterstützungsmaßnahme für private elementare Bildungseinrichtungen KDG","1100",6076,1,2024
"Bildung, Jugend, Integration und Transparenz","Kindergärten","Sonderfinanzierung Teuerung; Unterstützungsmaßnahme für private elementare Bildungseinrichtungen KDG","1220",3038,1,2024
"Bildung, Jugend, Integration und Transparenz","Kindergärten","Förderungen im Rahmen der Hortgruppenförderung in Wien","1080",45372.36,15,2024
"Bildung, Jugend, Integration und Transparenz","Kindergärten","Sonderfinanzierung Teuerung; Unterstützungsmaßnahme für private elementare Bildungseinrichtungen KDG","1100",6076,1,2024
"Bildung, Jugend, Integration und Transparenz","Kindergärten","Sonderfinanzierung Teuerung; Unterstützungsmaßnahme für private elementare Bildungseinrichtungen KDG","1020",2170,1,2024
"Bildung, Jugend, Integration und Transparenz","Kindergärten","Sonderfinanzierung Teuerung; Unterstützungsmaßnahme für private elementare Bildungseinrichtungen KDG","1120",3038,1,2024
"Bildung, Jugend, Integration und Transparenz","Kindergärten","Sonderfinanzierung Teuerung; Unterstützungsmaßnahme für private elementare Bildungseinrichtungen KDG","1170",6076,1,2024
"Bildung, Jugend, Integration und Transparenz","Kindergärten","Sonderfinanzierung Teuerung; Unterstützungsmaßnahme für private elementare Bildungseinrichtungen KDG","1100",3038,1,2024
"Bildung, Jugend, Integration und Transparenz","Kindergärten","Sonderfinanzierung Teuerung; Unterstützungsmaßnahme für private elementare Bildungseinrichtungen KDG","1060",6076,1,2024
"Bildung, Jugend, Integration und Transparenz","Kindergärten","Sonderfinanzierung Teuerung; Unterstützungsmaßnahme für private elementare Bildungseinrichtungen KDG","1100",3038,1,2024
"Bildung, Jugend, Integration und Transparenz","Kindergärten","Sonderfinanzierung Teuerung; Unterstützungsmaßnahme für private elementare Bildungseinrichtungen KDG","1100",6076,1,2024
"Bildung, Jugend, Integration und Transparenz","Kindergärten","Sonderfinanzierung Teuerung; Unterstützungsmaßnahme für private elementare Bildungseinrichtungen KDG","1130",3038,1,2024
"Bildung, Jugend, Integration und Transparenz","Kindergärten","Sonderfinanzierung Teuerung; Unterstützungsmaßnahme für private elementare Bildungseinrichtungen KDG","1190",2387,1,2024
"Bildung, Jugend, Integration und Transparenz","Kindergärten","Förderungen im Rahmen der Hortgruppenförderung in Wien","1120",31718.7,26,2024
"Bildung, Jugend, Integration und Transparenz","Kindergärten","Sonderfinanzierung Teuerung; Unterstützungsmaßnahme für private elementare Bildungseinrichtungen KDG","1220",6076,1,2024
"Bildung, Jugend, Integration und Transparenz","Kindergärten","Sonderfinanzierung Teuerung; Unterstützungsmaßnahme für private elementare Bildungseinrichtungen KDG","1060",3038,1,2024
"Bildung, Jugend, Integration und Transparenz","Kindergärten","Sonderfinanzierung Teuerung; Unterstützungsmaßnahme für private elementare Bildungseinrichtungen KDG","1150",15190,1,2024
"Bildung, Jugend, Integration und Transparenz","Kindergärten","Sonderfinanzierung Teuerung; Unterstützungsmaßnahme für private elementare Bildungseinrichtungen KDG","1200",3038,1,2024
"Bildung, Jugend, Integration und Transparenz","Kindergärten","Sonderfinanzierung Teuerung; Unterstützungsmaßnahme für private elementare Bildungseinrichtungen KDG","1100",6076,1,2024
"Bildung, Jugend, Integration und Transparenz","Kindergärten","Sonderfinanzierung Teuerung; Unterstützungsmaßnahme für private elementare Bildungseinrichtungen KDG","1180",3038,1,2024
"Bildung, Jugend, Integration und Transparenz","Kindergärten","Sonderfinanzierung Teuerung; Unterstützungsmaßnahme für private elementare Bildungseinrichtungen KDG","1100",3038,1,2024
"Bildung, Jugend, Integration und Transparenz","Kindergärten","Sonderfinanzierung Teuerung; Unterstützungsmaßnahme für private elementare Bildungseinrichtungen KDG","1080",5425,1,2024
"Bildung, Jugend, Integration und Transparenz","Kindergärten","Sonderfinanzierung Teuerung; Unterstützungsmaßnahme für private elementare Bildungseinrichtungen KDG","1210",3038,1,2024
"Bildung, Jugend, Integration und Transparenz","Kindergärten","Sonderfinanzierung Teuerung; Unterstützungsmaßnahme für private elementare Bildungseinrichtungen KDG","1040",3038,1,2024
"Bildung, Jugend, Integration und Transparenz","Kindergärten","Förderungen im Rahmen der Hortgruppenförderung in Wien","1170",1769522.04,585,2024
"Bildung, Jugend, Integration und Transparenz","Kindergärten","Sonderfinanzierung Teuerung; Unterstützungsmaßnahme für private elementare Bildungseinrichtungen KDG","1130",3038,1,2024
"Bildung, Jugend, Integration und Transparenz","Kindergärten","Sonderfinanzierung Teuerung; Unterstützungsmaßnahme für private elementare Bildungseinrichtungen KDG","1120",6076,1,2024
"Bildung, Jugend, Integration und Transparenz","Kindergärten","Sonderfinanzierung Teuerung; Unterstützungsmaßnahme für private elementare Bildungseinrichtungen KDG","1230",3038,1,2024
"Bildung, Jugend, Integration und Transparenz","Kindergärten","Sonderfinanzierung Teuerung; Unterstützungsmaßnahme für private elementare Bildungseinrichtungen KDG","1220",3038,1,2024
"Bildung, Jugend, Integration und Transparenz","Kindergärten","Sonderfinanzierung Teuerung; Unterstützungsmaßnahme für private elementare Bildungseinrichtungen KDG","1050",12152,1,2024
"Bildung, Jugend, Integration und Transparenz","Kindergärten","Sonderfinanzierung Teuerung; Unterstützungsmaßnahme für private elementare Bildungseinrichtungen KDG","1230",3038,1,2024
"Bildung, Jugend, Integration und Transparenz","Kindergärten","Sonderfinanzierung Teuerung; Unterstützungsmaßnahme für private elementare Bildungseinrichtungen KDG","1020",9114,1,2024
"Bildung, Jugend, Integration und Transparenz","Kindergärten","Sonderfinanzierung Teuerung; Unterstützungsmaßnahme für private elementare Bildungseinrichtungen KDG","1090",47740,1,2024
"Bildung, Jugend, Integration und Transparenz","Kindergärten","Sonderfinanzierung Teuerung; Unterstützungsmaßnahme für private elementare Bildungseinrichtungen KDG","1120",9114,1,2024
"Bildung, Jugend, Integration und Transparenz","Kindergärten","Sonderfinanzierung Teuerung; Unterstützungsmaßnahme für private elementare Bildungseinrichtungen KDG","1030",12152,1,2024
"Bildung, Jugend, Integration und Transparenz","Kindergärten","Förderungen im Rahmen der Hortgruppenförderung in Wien","1010",181489.44,60,2024
"Bildung, Jugend, Integration und Transparenz","Kindergärten","Sonderfinanzierung Teuerung; Unterstützungsmaßnahme für private elementare Bildungseinrichtungen KDG","1220",15190,1,2024
"Bildung, Jugend, Integration und Transparenz","Kindergärten","Sonderfinanzierung Teuerung; Unterstützungsmaßnahme für private elementare Bildungseinrichtungen KDG","1220",12152,1,2024
"Bildung, Jugend, Integration und Transparenz","Kindergärten","Sonderfinanzierung Teuerung; Unterstützungsmaßnahme für private elementare Bildungseinrichtungen KDG","1220",12152,1,2024
"Bildung, Jugend, Integration und Transparenz","Kindergärten","Sonderfinanzierung Teuerung; Unterstützungsmaßnahme für private elementare Bildungseinrichtungen KDG","1100",6076,1,2024
"Bildung, Jugend, Integration und Transparenz","Kindergärten","Sonderfinanzierung Teuerung; Unterstützungsmaßnahme für private elementare Bildungseinrichtungen KDG","1140",29512,1,2024
"Bildung, Jugend, Integration und Transparenz","Kindergärten","Sonderfinanzierung Teuerung; Unterstützungsmaßnahme für private elementare Bildungseinrichtungen KDG","1190",3038,1,2024
"Bildung, Jugend, Integration und Transparenz","Kindergärten","Sonderfinanzierung Teuerung; Unterstützungsmaßnahme für private elementare Bildungseinrichtungen KDG","1220",3472,1,2024
"Bildung, Jugend, Integration und Transparenz","Kindergärten","Sonderfinanzierung Teuerung; Unterstützungsmaßnahme für private elementare Bildungseinrichtungen KDG","1120",6076,1,2024
"Bildung, Jugend, Integration und Transparenz","Kindergärten","Sonderfinanzierung Teuerung; Unterstützungsmaßnahme für private elementare Bildungseinrichtungen KDG","1100",6510,1,2024
"Bildung, Jugend, Integration und Transparenz","Kindergärten","Sonderfinanzierung Teuerung; Unterstützungsmaßnahme für private elementare Bildungseinrichtungen KDG","1180",18445,1,2024
"Bildung, Jugend, Integration und Transparenz","Kindergärten","Förderungen im Zusammenhang mit der Schaffung von neuen elementaren Bildungsplätzen","1080",206005,1,2024
"Bildung, Jugend, Integration und Transparenz","Kindergärten","Förderungen im Rahmen der Hortgruppenförderung in Wien","1020",272234.16,90,2024
"Bildung, Jugend, Integration und Transparenz","Kindergärten","Sonderfinanzierung Teuerung; Unterstützungsmaßnahme für private elementare Bildungseinrichtungen KDG","1120",3038,1,2024
"Bildung, Jugend, Integration und Transparenz","Kindergärten","Sonderfinanzierung Teuerung; Unterstützungsmaßnahme für private elementare Bildungseinrichtungen KDG","1100",7595,1,2024
"Bildung, Jugend, Integration und Transparenz","Kindergärten","Sonderfinanzierung Teuerung; Unterstützungsmaßnahme für private elementare Bildungseinrichtungen KDG","2542",46221,1,2024
"Bildung, Jugend, Integration und Transparenz","Kindergärten","Sonderfinanzierung Teuerung; Unterstützungsmaßnahme für private elementare Bildungseinrichtungen KDG","1150",3038,1,2024
"Bildung, Jugend, Integration und Transparenz","Kindergärten","Sonderfinanzierung Teuerung; Unterstützungsmaßnahme für private elementare Bildungseinrichtungen KDG","1050",3038,1,2024
"Bildung, Jugend, Integration und Transparenz","Kindergärten","Sonderfinanzierung Teuerung; Unterstützungsmaßnahme für private elementare Bildungseinrichtungen KDG","1100",3038,1,2024
"Bildung, Jugend, Integration und Transparenz","Kindergärten","Sonderfinanzierung Teuerung; Unterstützungsmaßnahme für private elementare Bildungseinrichtungen KDG","1140",24955,1,2024
"Bildung, Jugend, Integration und Transparenz","Kindergärten","Sonderfinanzierung Teuerung; Unterstützungsmaßnahme für private elementare Bildungseinrichtungen KDG","1120",6076,1,2024
"Bildung, Jugend, Integration und Transparenz","Kindergärten","Sonderfinanzierung Teuerung; Unterstützungsmaßnahme für private elementare Bildungseinrichtungen KDG","1090",13020,1,2024
"Bildung, Jugend, Integration und Transparenz","Kindergärten","Sonderfinanzierung Teuerung; Unterstützungsmaßnahme für private elementare Bildungseinrichtungen KDG","1160",3038,1,2024
"Bildung, Jugend, Integration und Transparenz","Kindergärten","Förderungen im Rahmen der Hortgruppenförderung in Wien","1140",15124.36,15,2024
"Bildung, Jugend, Integration und Transparenz","Kindergärten","Sonderfinanzierung Teuerung; Unterstützungsmaßnahme für private elementare Bildungseinrichtungen KDG","1020",1085,1,2024
"Bildung, Jugend, Integration und Transparenz","Kindergärten","Sonderfinanzierung Teuerung; Unterstützungsmaßnahme für private elementare Bildungseinrichtungen KDG","1110",3038,1,2024
"Bildung, Jugend, Integration und Transparenz","Kindergärten","Sonderfinanzierung Teuerung; Unterstützungsmaßnahme für private elementare Bildungseinrichtungen KDG","1220",13020,1,2024
"Bildung, Jugend, Integration und Transparenz","Kindergärten","Sonderfinanzierung Teuerung; Unterstützungsmaßnahme für private elementare Bildungseinrichtungen KDG","1210",4340,1,2024
"Bildung, Jugend, Integration und Transparenz","Kindergärten","Sonderfinanzierung Teuerung; Unterstützungsmaßnahme für private elementare Bildungseinrichtungen KDG","1130",9548,1,2024
"Bildung, Jugend, Integration und Transparenz","Kindergärten","Sonderfinanzierung Teuerung; Unterstützungsmaßnahme für private elementare Bildungseinrichtungen KDG","1140",1085,1,2024
"Bildung, Jugend, Integration und Transparenz","Kindergärten","Sonderfinanzierung Teuerung; Unterstützungsmaßnahme für private elementare Bildungseinrichtungen KDG","1150",13020,1,2024
"Bildung, Jugend, Integration und Transparenz","Kindergärten","Sonderfinanzierung Teuerung; Unterstützungsmaßnahme für private elementare Bildungseinrichtungen KDG","1160",54033,1,2024
"Bildung, Jugend, Integration und Transparenz","Kindergärten","Sonderfinanzierung Teuerung; Unterstützungsmaßnahme für private elementare Bildungseinrichtungen KDG","1100",16058,1,2024
"Bildung, Jugend, Integration und Transparenz","Kindergärten","Sonderfinanzierung Teuerung; Unterstützungsmaßnahme für private elementare Bildungseinrichtungen KDG","1090",3038,1,2024
"Bildung, Jugend, Integration und Transparenz","Kindergärten","Förderungen im Rahmen der Hortgruppenförderung in Wien","3052",45372.36,15,2024
"Bildung, Jugend, Integration und Transparenz","Kindergärten","Sonderfinanzierung Teuerung; Unterstützungsmaßnahme für private elementare Bildungseinrichtungen KDG","1100",49910,1,2024
"Bildung, Jugend, Integration und Transparenz","Kindergärten","Sonderfinanzierung Teuerung; Unterstützungsmaßnahme für private elementare Bildungseinrichtungen KDG","1220",3038,1,2024
"Bildung, Jugend, Integration und Transparenz","Kindergärten","Sonderfinanzierung Teuerung; Unterstützungsmaßnahme für private elementare Bildungseinrichtungen KDG","1230",3038,1,2024
"Bildung, Jugend, Integration und Transparenz","Kindergärten","Sonderfinanzierung Teuerung; Unterstützungsmaßnahme für private elementare Bildungseinrichtungen KDG","1020",9114,1,2024
"Bildung, Jugend, Integration und Transparenz","Kindergärten","Sonderfinanzierung Teuerung; Unterstützungsmaßnahme für private elementare Bildungseinrichtungen KDG","1190",9765,1,2024
"Bildung, Jugend, Integration und Transparenz","Kindergärten","Sonderfinanzierung Teuerung; Unterstützungsmaßnahme für private elementare Bildungseinrichtungen KDG","1050",6076,1,2024
"Bildung, Jugend, Integration und Transparenz","Kindergärten","Sonderfinanzierung Teuerung; Unterstützungsmaßnahme für private elementare Bildungseinrichtungen KDG","1090",11935,1,2024
"Bildung, Jugend, Integration und Transparenz","Kindergärten","Sonderfinanzierung Teuerung; Unterstützungsmaßnahme für private elementare Bildungseinrichtungen KDG","1230",16926,1,2024
"Bildung, Jugend, Integration und Transparenz","Kindergärten","Sonderfinanzierung Teuerung; Unterstützungsmaßnahme für private elementare Bildungseinrichtungen KDG","1020",3038,1,2024
"Bildung, Jugend, Integration und Transparenz","Kindergärten","Sonderfinanzierung Teuerung; Unterstützungsmaßnahme für private elementare Bildungseinrichtungen KDG","1140",20181,1,2024
"Bildung, Jugend, Integration und Transparenz","Kindergärten","Förderungen im Rahmen der Hortgruppenförderung in Wien","1140",0.02,1,2024
"Bildung, Jugend, Integration und Transparenz","Kindergärten","Sonderfinanzierung Teuerung; Unterstützungsmaßnahme für private elementare Bildungseinrichtungen KDG","1180",6076,1,2024
"Bildung, Jugend, Integration und Transparenz","Kindergärten","Sonderfinanzierung Teuerung; Unterstützungsmaßnahme für private elementare Bildungseinrichtungen KDG","1170",8029,1,2024
"Bildung, Jugend, Integration und Transparenz","Kindergärten","Sonderfinanzierung Teuerung; Unterstützungsmaßnahme für private elementare Bildungseinrichtungen KDG","1100",27125,1,2024
"Bildung, Jugend, Integration und Transparenz","Kindergärten","Sonderfinanzierung Teuerung; Unterstützungsmaßnahme für private elementare Bildungseinrichtungen KDG","1090",3038,1,2024
"Bildung, Jugend, Integration und Transparenz","Kindergärten","Sonderfinanzierung Teuerung; Unterstützungsmaßnahme für private elementare Bildungseinrichtungen KDG","1020",6076,1,2024
"Bildung, Jugend, Integration und Transparenz","Kindergärten","Sonderfinanzierung Teuerung; Unterstützungsmaßnahme für private elementare Bildungseinrichtungen KDG","1210",2821,1,2024
"Bildung, Jugend, Integration und Transparenz","Kindergärten","Sonderfinanzierung Teuerung; Unterstützungsmaßnahme für private elementare Bildungseinrichtungen KDG","1060",1085,1,2024
"Bildung, Jugend, Integration und Transparenz","Kindergärten","Sonderfinanzierung Teuerung; Unterstützungsmaßnahme für private elementare Bildungseinrichtungen KDG","1230",2170,1,2024
"Bildung, Jugend, Integration und Transparenz","Kindergärten","Sonderfinanzierung Teuerung; Unterstützungsmaßnahme für private elementare Bildungseinrichtungen KDG","1100",8680,1,2024
"Bildung, Jugend, Integration und Transparenz","Kindergärten","Sonderfinanzierung Teuerung; Unterstützungsmaßnahme für private elementare Bildungseinrichtungen KDG","1080",5208,1,2024
"Bildung, Jugend, Integration und Transparenz","Kindergärten","Förderungen im Rahmen der Hortgruppenförderung in Wien","1140",126874.8,104,2024
"Bildung, Jugend, Integration und Transparenz","Kindergärten","Sonderfinanzierung Teuerung; Unterstützungsmaßnahme für private elementare Bildungseinrichtungen KDG","1070",1085,1,2024
"Bildung, Jugend, Integration und Transparenz","Kindergärten","Sonderfinanzierung Teuerung; Unterstützungsmaßnahme für private elementare Bildungseinrichtungen KDG","1100",7595,1,2024
"Bildung, Jugend, Integration und Transparenz","Kindergärten","Sonderfinanzierung Teuerung; Unterstützungsmaßnahme für private elementare Bildungseinrichtungen KDG","1080",2398067,1,2024
"Bildung, Jugend, Integration und Transparenz","Kindergärten","Sonderfinanzierung Teuerung; Unterstützungsmaßnahme für private elementare Bildungseinrichtungen KDG","1180",1085,1,2024
"Bildung, Jugend, Integration und Transparenz","Kindergärten","Sonderfinanzierung Teuerung; Unterstützungsmaßnahme für private elementare Bildungseinrichtungen KDG","1160",49693,1,2024
"Bildung, Jugend, Integration und Transparenz","Kindergärten","Sonderfinanzierung Teuerung; Unterstützungsmaßnahme für private elementare Bildungseinrichtungen KDG","1220",9765,1,2024
"Bildung, Jugend, Integration und Transparenz","Kindergärten","Sonderfinanzierung Teuerung; Unterstützungsmaßnahme für private elementare Bildungseinrichtungen KDG","1200",3038,1,2024
"Bildung, Jugend, Integration und Transparenz","Kindergärten","Sonderfinanzierung Teuerung; Unterstützungsmaßnahme für private elementare Bildungseinrichtungen KDG","1150",208320,1,2024
"Bildung, Jugend, Integration und Transparenz","Kindergärten","Sonderfinanzierung Teuerung; Unterstützungsmaßnahme für private elementare Bildungseinrichtungen KDG","1120",6076,1,2024
"Bildung, Jugend, Integration und Transparenz","Kindergärten","Sonderfinanzierung Teuerung; Unterstützungsmaßnahme für private elementare Bildungseinrichtungen KDG","1190",8680,1,2024
"Bildung, Jugend, Integration und Transparenz","Kindergärten","Förderungen im Rahmen der Hortgruppenförderung in Wien","1060",63437.4,52,2024
"Bildung, Jugend, Integration und Transparenz","Kindergärten","Sonderfinanzierung Teuerung; Unterstützungsmaßnahme für private elementare Bildungseinrichtungen KDG","1050",6076,1,2024
"Bildung, Jugend, Integration und Transparenz","Kindergärten","Sonderfinanzierung Teuerung; Unterstützungsmaßnahme für private elementare Bildungseinrichtungen KDG","1140",8463,1,2024
"Bildung, Jugend, Integration und Transparenz","Kindergärten","Sonderfinanzierung Teuerung; Unterstützungsmaßnahme für private elementare Bildungseinrichtungen KDG","1160",8246,1,2024
"Bildung, Jugend, Integration und Transparenz","Kindergärten","Sonderfinanzierung Teuerung; Unterstützungsmaßnahme für private elementare Bildungseinrichtungen KDG","1220",8680,1,2024
"Bildung, Jugend, Integration und Transparenz","Kindergärten","Sonderfinanzierung Teuerung; Unterstützungsmaßnahme für private elementare Bildungseinrichtungen KDG","1020",18445,1,2024
"Bildung, Jugend, Integration und Transparenz","Kindergärten","Sonderfinanzierung Teuerung; Unterstützungsmaßnahme für private elementare Bildungseinrichtungen KDG","1120",3038,1,2024
"Bildung, Jugend, Integration und Transparenz","Kindergärten","Sonderfinanzierung Teuerung; Unterstützungsmaßnahme für private elementare Bildungseinrichtungen KDG","1070",8246,1,2024
"Bildung, Jugend, Integration und Transparenz","Kindergärten","Sonderfinanzierung Teuerung; Unterstützungsmaßnahme für private elementare Bildungseinrichtungen KDG","1050",11935,1,2024
"Bildung, Jugend, Integration und Transparenz","Kindergärten","Sonderfinanzierung Teuerung; Unterstützungsmaßnahme für private elementare Bildungseinrichtungen KDG","1110",1085,1,2024
"Bildung, Jugend, Integration und Transparenz","Kindergärten","Sonderfinanzierung Teuerung; Unterstützungsmaßnahme für private elementare Bildungseinrichtungen KDG","1110",9114,1,2024
"Bildung, Jugend, Integration und Transparenz","Kindergärten","Förderungen im Rahmen der Hortgruppenförderung in Wien","1070",1800761.09,639,2024
"Bildung, Jugend, Integration und Transparenz","Kindergärten","Sonderfinanzierung Teuerung; Unterstützungsmaßnahme für private elementare Bildungseinrichtungen KDG","1180",20181,1,2024
"Bildung, Jugend, Integration und Transparenz","Kindergärten","Sonderfinanzierung Teuerung; Unterstützungsmaßnahme für private elementare Bildungseinrichtungen KDG","1230",23870,1,2024
"Bildung, Jugend, Integration und Transparenz","Kindergärten","Sonderfinanzierung Teuerung; Unterstützungsmaßnahme für private elementare Bildungseinrichtungen KDG","1220",1085,1,2024
"Bildung, Jugend, Integration und Transparenz","Kindergärten","Sonderfinanzierung Teuerung; Unterstützungsmaßnahme für private elementare Bildungseinrichtungen KDG","1030",8897,1,2024
"Bildung, Jugend, Integration und Transparenz","Kindergärten","Sonderfinanzierung Teuerung; Unterstützungsmaßnahme für private elementare Bildungseinrichtungen KDG","1080",13020,1,2024
"Bildung, Jugend, Integration und Transparenz","Kindergärten","Sonderfinanzierung Teuerung; Unterstützungsmaßnahme für private elementare Bildungseinrichtungen KDG","1190",9765,1,2024
"Bildung, Jugend, Integration und Transparenz","Kindergärten","Sonderfinanzierung Teuerung; Unterstützungsmaßnahme für private elementare Bildungseinrichtungen KDG","1100",13888,1,2024
"Bildung, Jugend, Integration und Transparenz","Kindergärten","Sonderfinanzierung Teuerung; Unterstützungsmaßnahme für private elementare Bildungseinrichtungen KDG","1090",14105,1,2024
"Bildung, Jugend, Integration und Transparenz","Kindergärten","Sonderfinanzierung Teuerung; Unterstützungsmaßnahme für private elementare Bildungseinrichtungen KDG","1210",22785,1,2024
"Bildung, Jugend, Integration und Transparenz","Kindergärten","Sonderfinanzierung Teuerung; Unterstützungsmaßnahme für private elementare Bildungseinrichtungen KDG","1100",6076,1,2024
"Bildung, Jugend, Integration und Transparenz","Kindergärten","Förderungen im Rahmen der Hortgruppenförderung in Wien","1030",45372.37,16,2024
"Bildung, Jugend, Integration und Transparenz","Kindergärten","Sonderfinanzierung Teuerung; Unterstützungsmaßnahme für private elementare Bildungseinrichtungen KDG","1030",27125,1,2024
"Bildung, Jugend, Integration und Transparenz","Kindergärten","Sonderfinanzierung Teuerung; Unterstützungsmaßnahme für private elementare Bildungseinrichtungen KDG","1150",10850,1,2024
"Bildung, Jugend, Integration und Transparenz","Kindergärten","Sonderfinanzierung Teuerung; Unterstützungsmaßnahme für private elementare Bildungseinrichtungen KDG","1120",1085,1,2024
"Bildung, Jugend, Integration und Transparenz","Kindergärten","Sonderfinanzierung Teuerung; Unterstützungsmaßnahme für private elementare Bildungseinrichtungen KDG","1030",6076,1,2024
"Bildung, Jugend, Integration und Transparenz","Kindergärten","Sonderfinanzierung Teuerung; Unterstützungsmaßnahme für private elementare Bildungseinrichtungen KDG","1190",10416,1,2024
"Bildung, Jugend, Integration und Transparenz","Kindergärten","Sonderfinanzierung Teuerung; Unterstützungsmaßnahme für private elementare Bildungseinrichtungen KDG","1090",3255,1,2024
"Bildung, Jugend, Integration und Transparenz","Kindergärten","Sonderfinanzierung Teuerung; Unterstützungsmaßnahme für private elementare Bildungseinrichtungen KDG","1230",6076,1,2024
"Bildung, Jugend, Integration und Transparenz","Kindergärten","Sonderfinanzierung Teuerung; Unterstützungsmaßnahme für private elementare Bildungseinrichtungen KDG","1190",6076,1,2024
"Bildung, Jugend, Integration und Transparenz","Kindergärten","Sonderfinanzierung Teuerung; Unterstützungsmaßnahme für private elementare Bildungseinrichtungen KDG","1170",6076,1,2024
"Bildung, Jugend, Integration und Transparenz","Kindergärten","Sonderfinanzierung Teuerung; Unterstützungsmaßnahme für private elementare Bildungseinrichtungen KDG","1010",1326955,1,2024
"Bildung, Jugend, Integration und Transparenz","Kindergärten","Förderungen im Rahmen der Hortgruppenförderung in Wien","1100",45372.36,15,2024
"Bildung, Jugend, Integration und Transparenz","Kindergärten","Sonderfinanzierung Teuerung; Unterstützungsmaßnahme für private elementare Bildungseinrichtungen KDG","1040",28210,1,2024
"Bildung, Jugend, Integration und Transparenz","Kindergärten","Sonderfinanzierung Teuerung; Unterstützungsmaßnahme für private elementare Bildungseinrichtungen KDG","1090",9765,1,2024
"Bildung, Jugend, Integration und Transparenz","Kindergärten","Sonderfinanzierung Teuerung; Unterstützungsmaßnahme für private elementare Bildungseinrichtungen KDG","1200",3038,1,2024
"Bildung, Jugend, Integration und Transparenz","Kindergärten","Sonderfinanzierung Teuerung; Unterstützungsmaßnahme für private elementare Bildungseinrichtungen KDG","1200",1085,1,2024
"Bildung, Jugend, Integration und Transparenz","Kindergärten","Sonderfinanzierung Teuerung; Unterstützungsmaßnahme für private elementare Bildungseinrichtungen KDG","1100",4774,1,2024
"Bildung, Jugend, Integration und Transparenz","Kindergärten","Sonderfinanzierung Teuerung; Unterstützungsmaßnahme für private elementare Bildungseinrichtungen KDG","1120",3038,1,2024
"Bildung, Jugend, Integration und Transparenz","Kindergärten","Sonderfinanzierung Teuerung; Unterstützungsmaßnahme für private elementare Bildungseinrichtungen KDG","1150",27342,1,2024
"Bildung, Jugend, Integration und Transparenz","Kindergärten","Sonderfinanzierung Teuerung; Unterstützungsmaßnahme für private elementare Bildungseinrichtungen KDG","1100",58590,1,2024
"Bildung, Jugend, Integration und Transparenz","Kindergärten","Sonderfinanzierung Teuerung; Unterstützungsmaßnahme für private elementare Bildungseinrichtungen KDG","1170",55986,1,2024
"Bildung, Jugend, Integration und Transparenz","Kindergärten","Sonderfinanzierung Teuerung; Unterstützungsmaßnahme für private elementare Bildungseinrichtungen KDG","1170",3038,1,2024
"Bildung, Jugend, Integration und Transparenz","Kindergärten","Förderungen im Rahmen der Hortgruppenförderung in Wien","1100",0.03,1,2024
"Bildung, Jugend, Integration und Transparenz","Kindergärten","Sonderfinanzierung Teuerung; Unterstützungsmaßnahme für private elementare Bildungseinrichtungen KDG","1140",1085,1,2024
"Bildung, Jugend, Integration und Transparenz","Kindergärten","Sonderfinanzierung Teuerung; Unterstützungsmaßnahme für private elementare Bildungseinrichtungen KDG","1030",3038,1,2024
"Bildung, Jugend, Integration und Transparenz","Kindergärten","Sonderfinanzierung Teuerung; Unterstützungsmaßnahme für private elementare Bildungseinrichtungen KDG","1160",62496,1,2024
"Bildung, Jugend, Integration und Transparenz","Kindergärten","Sonderfinanzierung Teuerung; Unterstützungsmaßnahme für private elementare Bildungseinrichtungen KDG","1140",6076,1,2024
"Bildung, Jugend, Integration und Transparenz","Kindergärten","Sonderfinanzierung Teuerung; Unterstützungsmaßnahme für private elementare Bildungseinrichtungen KDG","1100",18879,1,2024
"Bildung, Jugend, Integration und Transparenz","Kindergärten","Sonderfinanzierung Teuerung; Unterstützungsmaßnahme für private elementare Bildungseinrichtungen KDG","1060",3038,1,2024
"Bildung, Jugend, Integration und Transparenz","Kindergärten","Sonderfinanzierung Teuerung; Unterstützungsmaßnahme für private elementare Bildungseinrichtungen KDG","1160",2821,1,2024
"Bildung, Jugend, Integration und Transparenz","Kindergärten","Sonderfinanzierung Teuerung; Unterstützungsmaßnahme für private elementare Bildungseinrichtungen KDG","1050",15190,1,2024
"Bildung, Jugend, Integration und Transparenz","Kindergärten","Sonderfinanzierung Teuerung; Unterstützungsmaßnahme für private elementare Bildungseinrichtungen KDG","1110",3038,1,2024
"Bildung, Jugend, Integration und Transparenz","Kindergärten","Sonderfinanzierung Teuerung; Unterstützungsmaßnahme für private elementare Bildungseinrichtungen KDG","1060",3038,1,2024
"Bildung, Jugend, Integration und Transparenz","Kindergärten","Förderungen im Zusammenhang mit der Schaffung von neuen elementaren Bildungsplätzen","1070",76441,1,2024
"Bildung, Jugend, Integration und Transparenz","Kindergärten","Förderungen im Rahmen der Hortgruppenförderung in Wien","1120",90744.72,30,2024
"Bildung, Jugend, Integration und Transparenz","Kindergärten","Sonderfinanzierung Teuerung; Unterstützungsmaßnahme für private elementare Bildungseinrichtungen KDG","1220",19964,1,2024
"Bildung, Jugend, Integration und Transparenz","Kindergärten","Sonderfinanzierung Teuerung; Unterstützungsmaßnahme für private elementare Bildungseinrichtungen KDG","1220",30380,1,2024
"Bildung, Jugend, Integration und Transparenz","Kindergärten","Sonderfinanzierung Teuerung; Unterstützungsmaßnahme für private elementare Bildungseinrichtungen KDG","1230",5208,1,2024
"Bildung, Jugend, Integration und Transparenz","Kindergärten","Sonderfinanzierung Teuerung; Unterstützungsmaßnahme für private elementare Bildungseinrichtungen KDG","1210",6076,1,2024
"Bildung, Jugend, Integration und Transparenz","Kindergärten","Sonderfinanzierung Teuerung; Unterstützungsmaßnahme für private elementare Bildungseinrichtungen KDG","1020",7378,1,2024
"Bildung, Jugend, Integration und Transparenz","Kindergärten","Sonderfinanzierung Teuerung; Unterstützungsmaßnahme für private elementare Bildungseinrichtungen KDG","1100",16275,1,2024
"Bildung, Jugend, Integration und Transparenz","Kindergärten","Sonderfinanzierung Teuerung; Unterstützungsmaßnahme für private elementare Bildungseinrichtungen KDG","1020",11501,1,2024
"Bildung, Jugend, Integration und Transparenz","Kindergärten","Sonderfinanzierung Teuerung; Unterstützungsmaßnahme für private elementare Bildungseinrichtungen KDG","1160",15841,1,2024
"Bildung, Jugend, Integration und Transparenz","Kindergärten","Sonderfinanzierung Teuerung; Unterstützungsmaßnahme für private elementare Bildungseinrichtungen KDG","1170",3038,1,2024
"Bildung, Jugend, Integration und Transparenz","Kindergärten","Sonderfinanzierung Teuerung; Unterstützungsmaßnahme für private elementare Bildungseinrichtungen KDG","1060",3038,1,2024
"Bildung, Jugend, Integration und Transparenz","Kindergärten","Förderungen im Rahmen der Hortgruppenförderung in Wien","1190",15124.36,15,2024
"Bildung, Jugend, Integration und Transparenz","Kindergärten","Sonderfinanzierung Teuerung; Unterstützungsmaßnahme für private elementare Bildungseinrichtungen KDG","1110",3038,1,2024
"Bildung, Jugend, Integration und Transparenz","Kindergärten","Sonderfinanzierung Teuerung; Unterstützungsmaßnahme für private elementare Bildungseinrichtungen KDG","1230",3038,1,2024
"Bildung, Jugend, Integration und Transparenz","Kindergärten","Sonderfinanzierung Teuerung; Unterstützungsmaßnahme für private elementare Bildungseinrichtungen KDG","1130",3038,1,2024
"Bildung, Jugend, Integration und Transparenz","Kindergärten","Sonderfinanzierung Teuerung; Unterstützungsmaßnahme für private elementare Bildungseinrichtungen KDG","1020",3038,1,2024
"Bildung, Jugend, Integration und Transparenz","Kindergärten","Sonderfinanzierung Teuerung; Unterstützungsmaßnahme für private elementare Bildungseinrichtungen KDG","1030",3038,1,2024
"Bildung, Jugend, Integration und Transparenz","Kindergärten","Sonderfinanzierung Teuerung; Unterstützungsmaßnahme für private elementare Bildungseinrichtungen KDG","1200",3038,1,2024
"Bildung, Jugend, Integration und Transparenz","Kindergärten","Sonderfinanzierung Teuerung; Unterstützungsmaßnahme für private elementare Bildungseinrichtungen KDG","1220",12152,1,2024
"Bildung, Jugend, Integration und Transparenz","Kindergärten","Sonderfinanzierung Teuerung; Unterstützungsmaßnahme für private elementare Bildungseinrichtungen KDG","1190",2604,1,2024
"Bildung, Jugend, Integration und Transparenz","Kindergärten","Sonderfinanzierung Teuerung; Unterstützungsmaßnahme für private elementare Bildungseinrichtungen KDG","1200",3038,1,2024
"Bildung, Jugend, Integration und Transparenz","Kindergärten","Sonderfinanzierung Teuerung; Unterstützungsmaßnahme für private elementare Bildungseinrichtungen KDG","1030",6076,1,2024
"Bildung, Jugend, Integration und Transparenz","Kindergärten","Förderungen im Rahmen der Hortgruppenförderung in Wien","1040",63437.4,52,2024
"Bildung, Jugend, Integration und Transparenz","Kindergärten","Sonderfinanzierung Teuerung; Unterstützungsmaßnahme für private elementare Bildungseinrichtungen KDG","1140",8680,1,2024
"Bildung, Jugend, Integration und Transparenz","Kindergärten","Sonderfinanzierung Teuerung; Unterstützungsmaßnahme für private elementare Bildungseinrichtungen KDG","1130",4340,1,2024
"Bildung, Jugend, Integration und Transparenz","Kindergärten","Sonderfinanzierung Teuerung; Unterstützungsmaßnahme für private elementare Bildungseinrichtungen KDG","1100",40362,1,2024
"Bildung, Jugend, Integration und Transparenz","Kindergärten","Sonderfinanzierung Teuerung; Unterstützungsmaßnahme für private elementare Bildungseinrichtungen KDG","1090",3038,1,2024
"Bildung, Jugend, Integration und Transparenz","Kindergärten","Sonderfinanzierung Teuerung; Unterstützungsmaßnahme für private elementare Bildungseinrichtungen KDG","1210",3038,1,2024
"Bildung, Jugend, Integration und Transparenz","Kindergärten","Sonderfinanzierung Teuerung; Unterstützungsmaßnahme für private elementare Bildungseinrichtungen KDG","1030",12369,1,2024
"Bildung, Jugend, Integration und Transparenz","Kindergärten","Sonderfinanzierung Teuerung; Unterstützungsmaßnahme für private elementare Bildungseinrichtungen KDG","1230",3038,1,2024
"Bildung, Jugend, Integration und Transparenz","Kindergärten","Sonderfinanzierung Teuerung; Unterstützungsmaßnahme für private elementare Bildungseinrichtungen KDG","1100",11067,1,2024
"Bildung, Jugend, Integration und Transparenz","Kindergärten","Sonderfinanzierung Teuerung; Unterstützungsmaßnahme für private elementare Bildungseinrichtungen KDG","1120",69440,1,2024
"Bildung, Jugend, Integration und Transparenz","Kindergärten","Sonderfinanzierung Teuerung; Unterstützungsmaßnahme für private elementare Bildungseinrichtungen KDG","1220",14105,1,2024
"Bildung, Jugend, Integration und Transparenz","Kindergärten","Förderungen im Rahmen der Hortgruppenförderung in Wien","1100",31718.7,26,2024
"Bildung, Jugend, Integration und Transparenz","Kindergärten","Sonderfinanzierung Teuerung; Unterstützungsmaßnahme für private elementare Bildungseinrichtungen KDG","1070",258881,1,2024
"Bildung, Jugend, Integration und Transparenz","Kindergärten","Sonderfinanzierung Teuerung; Unterstützungsmaßnahme für private elementare Bildungseinrichtungen KDG","1020",34720,1,2024
"Bildung, Jugend, Integration und Transparenz","Kindergärten","Sonderfinanzierung Teuerung; Unterstützungsmaßnahme für private elementare Bildungseinrichtungen KDG","1160",6076,1,2024
"Bildung, Jugend, Integration und Transparenz","Kindergärten","Sonderfinanzierung Teuerung; Unterstützungsmaßnahme für private elementare Bildungseinrichtungen KDG","1010",6076,1,2024
"Bildung, Jugend, Integration und Transparenz","Kindergärten","Sonderfinanzierung Teuerung; Unterstützungsmaßnahme für private elementare Bildungseinrichtungen KDG","1030",15190,1,2024
"Bildung, Jugend, Integration und Transparenz","Kindergärten","Sonderfinanzierung Teuerung; Unterstützungsmaßnahme für private elementare Bildungseinrichtungen KDG","1040",4340,1,2024
"Bildung, Jugend, Integration und Transparenz","Kindergärten","Sonderfinanzierung Teuerung; Unterstützungsmaßnahme für private elementare Bildungseinrichtungen KDG","1020",3038,1,2024
"Bildung, Jugend, Integration und Transparenz","Kindergärten","Sonderfinanzierung Teuerung; Unterstützungsmaßnahme für private elementare Bildungseinrichtungen KDG","1010",737149,1,2024
"Bildung, Jugend, Integration und Transparenz","Kindergärten","Sonderfinanzierung Teuerung; Unterstützungsmaßnahme für private elementare Bildungseinrichtungen KDG","1130",3038,1,2024
"Bildung, Jugend, Integration und Transparenz","Kindergärten","Sonderfinanzierung Teuerung; Unterstützungsmaßnahme für private elementare Bildungseinrichtungen KDG","1220",12152,1,2024
"Bildung, Jugend, Integration und Transparenz","Kindergärten","Förderungen im Rahmen der Hortgruppenförderung in Wien","1060",32172.9,24,2024
"Bildung, Jugend, Integration und Transparenz","Kindergärten","Sonderfinanzierung Teuerung; Unterstützungsmaßnahme für private elementare Bildungseinrichtungen KDG","1210",3038,1,2024
"Bildung, Jugend, Integration und Transparenz","Kindergärten","Sonderfinanzierung Teuerung; Unterstützungsmaßnahme für private elementare Bildungseinrichtungen KDG","1080",365862,1,2024
"Bildung, Jugend, Integration und Transparenz","Kindergärten","Sonderfinanzierung Teuerung; Unterstützungsmaßnahme für private elementare Bildungseinrichtungen KDG","1160",19964,1,2024
"Bildung, Jugend, Integration und Transparenz","Kindergärten","Sonderfinanzierung Teuerung; Unterstützungsmaßnahme für private elementare Bildungseinrichtungen KDG","1070",9114,1,2024
"Bildung, Jugend, Integration und Transparenz","Kindergärten","Sonderfinanzierung Teuerung; Unterstützungsmaßnahme für private elementare Bildungseinrichtungen KDG","1190",42749,1,2024
"Bildung, Jugend, Integration und Transparenz","Kindergärten","Sonderfinanzierung Teuerung; Unterstützungsmaßnahme für private elementare Bildungseinrichtungen KDG","1180",3038,1,2024
"Bildung, Jugend, Integration und Transparenz","Kindergärten","Sonderfinanzierung Teuerung; Unterstützungsmaßnahme für private elementare Bildungseinrichtungen KDG","1230",3038,1,2024
"Bildung, Jugend, Integration und Transparenz","Kindergärten","Sonderfinanzierung Teuerung; Unterstützungsmaßnahme für private elementare Bildungseinrichtungen KDG","1220",4340,1,2024
"Bildung, Jugend, Integration und Transparenz","Kindergärten","Sonderfinanzierung Teuerung; Unterstützungsmaßnahme für private elementare Bildungseinrichtungen KDG","1180",3038,1,2024
"Bildung, Jugend, Integration und Transparenz","Kindergärten","Sonderfinanzierung Teuerung; Unterstützungsmaßnahme für private elementare Bildungseinrichtungen KDG","1020",3038,1,2024
"Bildung, Jugend, Integration und Transparenz","Kindergärten","Förderungen im Rahmen der Hortgruppenförderung in Wien","1070",63437.4,52,2024
"Bildung, Jugend, Integration und Transparenz","Kindergärten","Sonderfinanzierung Teuerung; Unterstützungsmaßnahme für private elementare Bildungseinrichtungen KDG","1220",6076,1,2024
"Bildung, Jugend, Integration und Transparenz","Kindergärten","Sonderfinanzierung Teuerung; Unterstützungsmaßnahme für private elementare Bildungseinrichtungen KDG","1072",50127,1,2024
"Bildung, Jugend, Integration und Transparenz","Kindergärten","Sonderfinanzierung Teuerung; Unterstützungsmaßnahme für private elementare Bildungseinrichtungen KDG","1190",5425,1,2024
"Bildung, Jugend, Integration und Transparenz","Kindergärten","Sonderfinanzierung Teuerung; Unterstützungsmaßnahme für private elementare Bildungseinrichtungen KDG","1190",17360,1,2024
"Bildung, Jugend, Integration und Transparenz","Kindergärten","Sonderfinanzierung Teuerung; Unterstützungsmaßnahme für private elementare Bildungseinrichtungen KDG","1080",7595,1,2024
"Bildung, Jugend, Integration und Transparenz","Kindergärten","Sonderfinanzierung Teuerung; Unterstützungsmaßnahme für private elementare Bildungseinrichtungen KDG","1180",6076,1,2024
"Bildung, Jugend, Integration und Transparenz","Kindergärten","Sonderfinanzierung Teuerung; Unterstützungsmaßnahme für private elementare Bildungseinrichtungen KDG","1080",3255,1,2024
"Bildung, Jugend, Integration und Transparenz","Kindergärten","Sonderfinanzierung Teuerung; Unterstützungsmaßnahme für priv. elementare Bildungseinrichtungen HORT","1030",5425,1,2024
"Bildung, Jugend, Integration und Transparenz","Kindergärten","Sonderfinanzierung Teuerung; Unterstützungsmaßnahme für priv. elementare Bildungseinrichtungen HORT","1220",8680,1,2024
"Bildung, Jugend, Integration und Transparenz","Kindergärten","Sonderfinanzierung Teuerung; Unterstützungsmaßnahme für priv. elementare Bildungseinrichtungen HORT","1110",4123,1,2024
"Bildung, Jugend, Integration und Transparenz","Kindergärten","Förderungen im Rahmen der Hortgruppenförderung in Wien","1100",21145.8,18,2024
"Bildung, Jugend, Integration und Transparenz","Kindergärten","Sonderfinanzierung Teuerung; Unterstützungsmaßnahme für priv. elementare Bildungseinrichtungen HORT","1010",3038,1,2024
"Bildung, Jugend, Integration und Transparenz","Kindergärten","Sonderfinanzierung Teuerung; Unterstützungsmaßnahme für priv. elementare Bildungseinrichtungen HORT","1080",3906,1,2024
"Bildung, Jugend, Integration und Transparenz","Kindergärten","Sonderfinanzierung Teuerung; Unterstützungsmaßnahme für priv. elementare Bildungseinrichtungen HORT","1120",3038,1,2024
"Bildung, Jugend, Integration und Transparenz","Kindergärten","Sonderfinanzierung Teuerung; Unterstützungsmaßnahme für priv. elementare Bildungseinrichtungen HORT","1170",201593,1,2024
"Bildung, Jugend, Integration und Transparenz","Kindergärten","Sonderfinanzierung Teuerung; Unterstützungsmaßnahme für priv. elementare Bildungseinrichtungen HORT","1010",21700,1,2024
"Bildung, Jugend, Integration und Transparenz","Kindergärten","Sonderfinanzierung Teuerung; Unterstützungsmaßnahme für priv. elementare Bildungseinrichtungen HORT","1020",31248,1,2024
"Bildung, Jugend, Integration und Transparenz","Kindergärten","Sonderfinanzierung Teuerung; Unterstützungsmaßnahme für priv. elementare Bildungseinrichtungen HORT","3052",5425,1,2024
"Bildung, Jugend, Integration und Transparenz","Kindergärten","Sonderfinanzierung Teuerung; Unterstützungsmaßnahme für priv. elementare Bildungseinrichtungen HORT","1140",3038,1,2024
"Bildung, Jugend, Integration und Transparenz","Kindergärten","Sonderfinanzierung Teuerung; Unterstützungsmaßnahme für priv. elementare Bildungseinrichtungen HORT","1060",6076,1,2024
"Bildung, Jugend, Integration und Transparenz","Kindergärten","Sonderfinanzierung Teuerung; Unterstützungsmaßnahme für priv. elementare Bildungseinrichtungen HORT","1070",199423,1,2024
"Bildung, Jugend, Integration und Transparenz","Kindergärten","Förderungen im Rahmen der Hortgruppenförderung in Wien","1140",90744.72,30,2024
"Bildung, Jugend, Integration und Transparenz","Kindergärten","Sonderfinanzierung Teuerung; Unterstützungsmaßnahme für priv. elementare Bildungseinrichtungen HORT","1100",4340,1,2024
"Bildung, Jugend, Integration und Transparenz","Kindergärten","Sonderfinanzierung Teuerung; Unterstützungsmaßnahme für priv. elementare Bildungseinrichtungen HORT","1120",10850,1,2024
"Bildung, Jugend, Integration und Transparenz","Kindergärten","Sonderfinanzierung Teuerung; Unterstützungsmaßnahme für priv. elementare Bildungseinrichtungen HORT","1040",6076,1,2024
"Bildung, Jugend, Integration und Transparenz","Kindergärten","Sonderfinanzierung Teuerung; Unterstützungsmaßnahme für priv. elementare Bildungseinrichtungen HORT","1100",3038,1,2024
"Bildung, Jugend, Integration und Transparenz","Kindergärten","Sonderfinanzierung Teuerung; Unterstützungsmaßnahme für priv. elementare Bildungseinrichtungen HORT","1060",3038,1,2024
"Bildung, Jugend, Integration und Transparenz","Kindergärten","Sonderfinanzierung Teuerung; Unterstützungsmaßnahme für priv. elementare Bildungseinrichtungen HORT","1070",6076,1,2024
"Bildung, Jugend, Integration und Transparenz","Kindergärten","Sonderfinanzierung Teuerung; Unterstützungsmaßnahme für priv. elementare Bildungseinrichtungen HORT","1100",2170,1,2024
"Bildung, Jugend, Integration und Transparenz","Kindergärten","Sonderfinanzierung Teuerung; Unterstützungsmaßnahme für priv. elementare Bildungseinrichtungen HORT","1140",8680,1,2024
"Bildung, Jugend, Integration und Transparenz","Kindergärten","Sonderfinanzierung Teuerung; Unterstützungsmaßnahme für priv. elementare Bildungseinrichtungen HORT","1130",3689,1,2024
"Bildung, Jugend, Integration und Transparenz","Kindergärten","Sonderfinanzierung Teuerung; Unterstützungsmaßnahme für priv. elementare Bildungseinrichtungen HORT","1160",6076,1,2024
"Bildung, Jugend, Integration und Transparenz","Kindergärten","Förderungen im Rahmen der Hortgruppenförderung in Wien","1220",45372.36,15,2024
"Bildung, Jugend, Integration und Transparenz","Kindergärten","Sonderfinanzierung Teuerung; Unterstützungsmaßnahme für priv. elementare Bildungseinrichtungen HORT","1140",20181,1,2024
"Bildung, Jugend, Integration und Transparenz","Kindergärten","Sonderfinanzierung Teuerung; Unterstützungsmaßnahme für priv. elementare Bildungseinrichtungen HORT","1170",4557,1,2024
"Bildung, Jugend, Integration und Transparenz","Kindergärten","Sonderfinanzierung Teuerung; Unterstützungsmaßnahme für priv. elementare Bildungseinrichtungen HORT","1230",3906,1,2024
"Bildung, Jugend, Integration und Transparenz","Kindergärten","Sonderfinanzierung Teuerung; Unterstützungsmaßnahme für priv. elementare Bildungseinrichtungen HORT","1080",3255,1,2024
"Bildung, Jugend, Integration und Transparenz","Kindergärten","Sonderfinanzierung Teuerung; Unterstützungsmaßnahme für priv. elementare Bildungseinrichtungen HORT","1080",228718,1,2024
"Bildung, Jugend, Integration und Transparenz","Kindergärten","Sonderfinanzierung Teuerung; Unterstützungsmaßnahme für priv. elementare Bildungseinrichtungen HORT","1220",4991,1,2024
"Bildung, Jugend, Integration und Transparenz","Kindergärten","Sonderfinanzierung Teuerung; Unterstützungsmaßnahme für priv. elementare Bildungseinrichtungen HORT","1150",16275,1,2024
"Bildung, Jugend, Integration und Transparenz","Kindergärten","Sonderfinanzierung Teuerung; Unterstützungsmaßnahme für priv. elementare Bildungseinrichtungen HORT","1010",9548,1,2024
"Bildung, Jugend, Integration und Transparenz","Kindergärten","Sonderfinanzierung Teuerung; Unterstützungsmaßnahme für priv. elementare Bildungseinrichtungen HORT","1180",10850,1,2024
"Bildung, Jugend, Integration und Transparenz","Kindergärten","Sonderfinanzierung Teuerung; Unterstützungsmaßnahme für priv. elementare Bildungseinrichtungen HORT","1230",9331,1,2024
"Bildung, Jugend, Integration und Transparenz","Kindergärten","Förderungen im Rahmen der Hortgruppenförderung in Wien","1130",80621.37,26,2024
"Bildung, Jugend, Integration und Transparenz","Kindergärten","Sonderfinanzierung Teuerung; Unterstützungsmaßnahme für priv. elementare Bildungseinrichtungen HORT","1010",68355,1,2024
"Bildung, Jugend, Integration und Transparenz","Kindergärten","Sonderfinanzierung Teuerung; Unterstützungsmaßnahme für priv. elementare Bildungseinrichtungen HORT","1090",5425,1,2024
"Bildung, Jugend, Integration und Transparenz","Kindergärten","Sonderfinanzierung Teuerung; Unterstützungsmaßnahme für priv. elementare Bildungseinrichtungen HORT","1170",5425,1,2024
"Bildung, Jugend, Integration und Transparenz","Kindergärten","Sonderfinanzierung Teuerung; Unterstützungsmaßnahme für priv. elementare Bildungseinrichtungen HORT","1060",6076,1,2024
"Bildung, Jugend, Integration und Transparenz","Kindergärten","Sonderfinanzierung Teuerung; Unterstützungsmaßnahme für priv. elementare Bildungseinrichtungen HORT","1160",4340,1,2024
"Bildung, Jugend, Integration und Transparenz","Kindergärten","Sonderfinanzierung Teuerung; Unterstützungsmaßnahme für priv. elementare Bildungseinrichtungen HORT","1090",3038,1,2024
"Bildung, Jugend, Integration und Transparenz","Kindergärten","Sonderfinanzierung Teuerung; Unterstützungsmaßnahme für priv. elementare Bildungseinrichtungen HORT","1020",21049,1,2024
"Bildung, Jugend, Integration und Transparenz","Kindergärten","Sonderfinanzierung Teuerung; Unterstützungsmaßnahme für priv. elementare Bildungseinrichtungen HORT","1070",15190,1,2024
"Bildung, Jugend, Integration und Transparenz","Kindergärten","Sonderfinanzierung Teuerung; Unterstützungsmaßnahme für priv. elementare Bildungseinrichtungen HORT","1020",32550,1,2024
"Bildung, Jugend, Integration und Transparenz","Kindergärten","Sonderfinanzierung Teuerung; Unterstützungsmaßnahme für priv. elementare Bildungseinrichtungen HORT","1010",859754,1,2024
"Bildung, Jugend, Integration und Transparenz","Kindergärten","Förderungen im Zusammenhang mit der Schaffung von neuen elementaren Bildungsplätzen","1070",123651,1,2024
"Bildung, Jugend, Integration und Transparenz","Kindergärten","Förderungen im Rahmen der Hortgruppenförderung in Wien","1160",106891.54,52,2024
"Bildung, Jugend, Integration und Transparenz","Kindergärten","Sonderfinanzierung Teuerung; Unterstützungsmaßnahme für priv. elementare Bildungseinrichtungen HORT","1080",18011,1,2024
"Bildung, Jugend, Integration und Transparenz","Kindergärten","Zuschlag für Personalressourcen und Betreuungsqualität in privaten elementaren Bildungseinrichtungen","1130",23600,8,2024
"Bildung, Jugend, Integration und Transparenz","Kindergärten","Zuschlag für Personalressourcen und Betreuungsqualität in privaten elementaren Bildungseinrichtungen","1030",453350,172,2024
"Bildung, Jugend, Integration und Transparenz","Kindergärten","Zuschlag für Personalressourcen und Betreuungsqualität in privaten elementaren Bildungseinrichtungen","1220",27050,6,2024
"Bildung, Jugend, Integration und Transparenz","Kindergärten","Zuschlag für Personalressourcen und Betreuungsqualität in privaten elementaren Bildungseinrichtungen","1040",18600,8,2024
"Bildung, Jugend, Integration und Transparenz","Kindergärten","Zuschlag für Personalressourcen und Betreuungsqualität in privaten elementaren Bildungseinrichtungen","1080",11800,4,2024
"Bildung, Jugend, Integration und Transparenz","Kindergärten","Zuschlag für Personalressourcen und Betreuungsqualität in privaten elementaren Bildungseinrichtungen","1110",23600,8,2024
"Bildung, Jugend, Integration und Transparenz","Kindergärten","Zuschlag für Personalressourcen und Betreuungsqualität in privaten elementaren Bildungseinrichtungen","1020",13600,6,2024
"Bildung, Jugend, Integration und Transparenz","Kindergärten","Zuschlag für Personalressourcen und Betreuungsqualität in privaten elementaren Bildungseinrichtungen","1100",30400,10,2024
"Bildung, Jugend, Integration und Transparenz","Kindergärten","Zuschlag für Personalressourcen und Betreuungsqualität in privaten elementaren Bildungseinrichtungen","1110",61000,26,2024
"Bildung, Jugend, Integration und Transparenz","Kindergärten","Förderungen im Rahmen der Hortgruppenförderung in Wien","1140",225210.3,182,2024
"Bildung, Jugend, Integration und Transparenz","Kindergärten","Zuschlag für Personalressourcen und Betreuungsqualität in privaten elementaren Bildungseinrichtungen","1150",62400,52,2024
"Bildung, Jugend, Integration und Transparenz","Kindergärten","Zuschlag für Personalressourcen und Betreuungsqualität in privaten elementaren Bildungseinrichtungen","1190",11800,6,2024
"Bildung, Jugend, Integration und Transparenz","Kindergärten","Zuschlag für Personalressourcen und Betreuungsqualität in privaten elementaren Bildungseinrichtungen","1100",6800,4,2024
"Bildung, Jugend, Integration und Transparenz","Kindergärten","Zuschlag für Personalressourcen und Betreuungsqualität in privaten elementaren Bildungseinrichtungen","1210",17000,6,2024
"Bildung, Jugend, Integration und Transparenz","Kindergärten","Zuschlag für Personalressourcen und Betreuungsqualität in privaten elementaren Bildungseinrichtungen","1180",27000,12,2024
"Bildung, Jugend, Integration und Transparenz","Kindergärten","Zuschlag für Personalressourcen und Betreuungsqualität in privaten elementaren Bildungseinrichtungen","1180",18600,6,2024
"Bildung, Jugend, Integration und Transparenz","Kindergärten","Zuschlag für Personalressourcen und Betreuungsqualität in privaten elementaren Bildungseinrichtungen","1100",8400,4,2024
"Bildung, Jugend, Integration und Transparenz","Kindergärten","Zuschlag für Personalressourcen und Betreuungsqualität in privaten elementaren Bildungseinrichtungen","1100",23800,8,2024
"Bildung, Jugend, Integration und Transparenz","Kindergärten","Zuschlag für Personalressourcen und Betreuungsqualität in privaten elementaren Bildungseinrichtungen","1170",208200,76,2024
"Bildung, Jugend, Integration und Transparenz","Kindergärten","Zuschlag für Personalressourcen und Betreuungsqualität in privaten elementaren Bildungseinrichtungen","1100",25400,10,2024
"Bildung, Jugend, Integration und Transparenz","Kindergärten","Förderungen im Rahmen der Hortgruppenförderung in Wien","1170",45372.36,15,2024
"Bildung, Jugend, Integration und Transparenz","Kindergärten","Zuschlag für Personalressourcen und Betreuungsqualität in privaten elementaren Bildungseinrichtungen","1210",11800,4,2024
"Bildung, Jugend, Integration und Transparenz","Kindergärten","Zuschlag für Personalressourcen und Betreuungsqualität in privaten elementaren Bildungseinrichtungen","1130",35400,13,2024
"Bildung, Jugend, Integration und Transparenz","Kindergärten","Zuschlag für Personalressourcen und Betreuungsqualität in privaten elementaren Bildungseinrichtungen","1020",34000,10,2024
"Bildung, Jugend, Integration und Transparenz","Kindergärten","Zuschlag für Personalressourcen und Betreuungsqualität in privaten elementaren Bildungseinrichtungen","1140",1700,2,2024
"Bildung, Jugend, Integration und Transparenz","Kindergärten","Zuschlag für Personalressourcen und Betreuungsqualität in privaten elementaren Bildungseinrichtungen","1210",15200,8,2024
"Bildung, Jugend, Integration und Transparenz","Kindergärten","Zuschlag für Personalressourcen und Betreuungsqualität in privaten elementaren Bildungseinrichtungen","3052",3400,2,2024
"Bildung, Jugend, Integration und Transparenz","Kindergärten","Zuschlag für Personalressourcen und Betreuungsqualität in privaten elementaren Bildungseinrichtungen","1180",27000,10,2024
"Bildung, Jugend, Integration und Transparenz","Kindergärten","Zuschlag für Personalressourcen und Betreuungsqualität in privaten elementaren Bildungseinrichtungen","1140",28800,14,2024
"Bildung, Jugend, Integration und Transparenz","Kindergärten","Zuschlag für Personalressourcen und Betreuungsqualität in privaten elementaren Bildungseinrichtungen","1020",18600,8,2024
"Bildung, Jugend, Integration und Transparenz","Kindergärten","Zuschlag für Personalressourcen und Betreuungsqualität in privaten elementaren Bildungseinrichtungen","1110",25400,12,2024
"Bildung, Jugend, Integration und Transparenz","Kindergärten","Förderungen im Rahmen der Hortgruppenförderung in Wien","1230",45372.36,15,2024
"Bildung, Jugend, Integration und Transparenz","Kindergärten","Zuschlag für Personalressourcen und Betreuungsqualität in privaten elementaren Bildungseinrichtungen","1100",42400,16,2024
"Bildung, Jugend, Integration und Transparenz","Kindergärten","Zuschlag für Personalressourcen und Betreuungsqualität in privaten elementaren Bildungseinrichtungen","1020",38800,14,2024
"Bildung, Jugend, Integration und Transparenz","Kindergärten","Zuschlag für Personalressourcen und Betreuungsqualität in privaten elementaren Bildungseinrichtungen","1190",11800,4,2024
"Bildung, Jugend, Integration und Transparenz","Kindergärten","Zuschlag für Personalressourcen und Betreuungsqualität in privaten elementaren Bildungseinrichtungen","1020",13400,6,2024
"Bildung, Jugend, Integration und Transparenz","Kindergärten","Zuschlag für Personalressourcen und Betreuungsqualität in privaten elementaren Bildungseinrichtungen","1100",44100,16,2024
"Bildung, Jugend, Integration und Transparenz","Kindergärten","Zuschlag für Personalressourcen und Betreuungsqualität in privaten elementaren Bildungseinrichtungen","1220",11000,8,2024
"Bildung, Jugend, Integration und Transparenz","Kindergärten","Zuschlag für Personalressourcen und Betreuungsqualität in privaten elementaren Bildungseinrichtungen","1060",41300,20,2024
"Bildung, Jugend, Integration und Transparenz","Kindergärten","Zuschlag für Personalressourcen und Betreuungsqualität in privaten elementaren Bildungseinrichtungen","1070",1128800,656,2024
"Bildung, Jugend, Integration und Transparenz","Kindergärten","Zuschlag für Personalressourcen und Betreuungsqualität in privaten elementaren Bildungseinrichtungen","1150",15200,8,2024
"Bildung, Jugend, Integration und Transparenz","Kindergärten","Zuschlag für Personalressourcen und Betreuungsqualität in privaten elementaren Bildungseinrichtungen","1060",16800,6,2024
"Bildung, Jugend, Integration und Transparenz","Kindergärten","Förderungen im Rahmen der Hortgruppenförderung in Wien","1080",45372.36,15,2024
"Bildung, Jugend, Integration und Transparenz","Kindergärten","Zuschlag für Personalressourcen und Betreuungsqualität in privaten elementaren Bildungseinrichtungen","1100",16800,6,2024
"Bildung, Jugend, Integration und Transparenz","Kindergärten","Zuschlag für Personalressourcen und Betreuungsqualität in privaten elementaren Bildungseinrichtungen","1120",11800,4,2024
"Bildung, Jugend, Integration und Transparenz","Kindergärten","Zuschlag für Personalressourcen und Betreuungsqualität in privaten elementaren Bildungseinrichtungen","1020",1700,2,2024
"Bildung, Jugend, Integration und Transparenz","Kindergärten","Zuschlag für Personalressourcen und Betreuungsqualität in privaten elementaren Bildungseinrichtungen","1150",25400,8,2024
"Bildung, Jugend, Integration und Transparenz","Kindergärten","Zuschlag für Personalressourcen und Betreuungsqualität in privaten elementaren Bildungseinrichtungen","1200",157700,62,2024
"Bildung, Jugend, Integration und Transparenz","Kindergärten","Zuschlag für Personalressourcen und Betreuungsqualität in privaten elementaren Bildungseinrichtungen","1010",7600,4,2024
"Bildung, Jugend, Integration und Transparenz","Kindergärten","Zuschlag für Personalressourcen und Betreuungsqualität in privaten elementaren Bildungseinrichtungen","1160",15200,6,2024
"Bildung, Jugend, Integration und Transparenz","Kindergärten","Zuschlag für Personalressourcen und Betreuungsqualität in privaten elementaren Bildungseinrichtungen","1190",27000,12,2024
"Bildung, Jugend, Integration und Transparenz","Kindergärten","Zuschlag für Personalressourcen und Betreuungsqualität in privaten elementaren Bildungseinrichtungen","1100",20200,10,2024
"Bildung, Jugend, Integration und Transparenz","Kindergärten","Zuschlag für Personalressourcen und Betreuungsqualität in privaten elementaren Bildungseinrichtungen","1220",45400,16,2024
"Bildung, Jugend, Integration und Transparenz","Kindergärten","Förderungen im Rahmen der Hortgruppenförderung in Wien","1080",1789325.73,655,2024
"Bildung, Jugend, Integration und Transparenz","Kindergärten","Zuschlag für Personalressourcen und Betreuungsqualität in privaten elementaren Bildungseinrichtungen","1200",93000,32,2024
"Bildung, Jugend, Integration und Transparenz","Kindergärten","Zuschlag für Personalressourcen und Betreuungsqualität in privaten elementaren Bildungseinrichtungen","1160",11800,4,2024
"Bildung, Jugend, Integration und Transparenz","Kindergärten","Zuschlag für Personalressourcen und Betreuungsqualität in privaten elementaren Bildungseinrichtungen","1160",13500,10,2024
"Bildung, Jugend, Integration und Transparenz","Kindergärten","Zuschlag für Personalressourcen und Betreuungsqualität in privaten elementaren Bildungseinrichtungen","1210",52200,22,2024
"Bildung, Jugend, Integration und Transparenz","Kindergärten","Zuschlag für Personalressourcen und Betreuungsqualität in privaten elementaren Bildungseinrichtungen","1150",15200,6,2024
"Bildung, Jugend, Integration und Transparenz","Kindergärten","Zuschlag für Personalressourcen und Betreuungsqualität in privaten elementaren Bildungseinrichtungen","1170",20200,8,2024
"Bildung, Jugend, Integration und Transparenz","Kindergärten","Zuschlag für Personalressourcen und Betreuungsqualität in privaten elementaren Bildungseinrichtungen","1160",8850,4,2024
"Bildung, Jugend, Integration und Transparenz","Kindergärten","Zuschlag für Personalressourcen und Betreuungsqualität in privaten elementaren Bildungseinrichtungen","1020",42200,18,2024
"Bildung, Jugend, Integration und Transparenz","Kindergärten","Zuschlag für Personalressourcen und Betreuungsqualität in privaten elementaren Bildungseinrichtungen","1170",16800,6,2024
"Bildung, Jugend, Integration und Transparenz","Kindergärten","Zuschlag für Personalressourcen und Betreuungsqualität in privaten elementaren Bildungseinrichtungen","1070",2550,2,2024
"Bildung, Jugend, Integration und Transparenz","Kindergärten","Förderungen im Rahmen der Hortgruppenförderung in Wien","1220",45372.36,15,2024
"Bildung, Jugend, Integration und Transparenz","Kindergärten","Zuschlag für Personalressourcen und Betreuungsqualität in privaten elementaren Bildungseinrichtungen","1020",18600,8,2024
"Bildung, Jugend, Integration und Transparenz","Kindergärten","Zuschlag für Personalressourcen und Betreuungsqualität in privaten elementaren Bildungseinrichtungen","1170",9250,4,2024
"Bildung, Jugend, Integration und Transparenz","Kindergärten","Zuschlag für Personalressourcen und Betreuungsqualität in privaten elementaren Bildungseinrichtungen","1100",6800,4,2024
"Bildung, Jugend, Integration und Transparenz","Kindergärten","Zuschlag für Personalressourcen und Betreuungsqualität in privaten elementaren Bildungseinrichtungen","1020",16800,8,2024
"Bildung, Jugend, Integration und Transparenz","Kindergärten","Zuschlag für Personalressourcen und Betreuungsqualität in privaten elementaren Bildungseinrichtungen","1210",3400,2,2024
"Bildung, Jugend, Integration und Transparenz","Kindergärten","Zuschlag für Personalressourcen und Betreuungsqualität in privaten elementaren Bildungseinrichtungen","1030",16800,6,2024
"Bildung, Jugend, Integration und Transparenz","Kindergärten","Zuschlag für Personalressourcen und Betreuungsqualität in privaten elementaren Bildungseinrichtungen","1210",75800,30,2024
"Bildung, Jugend, Integration und Transparenz","Kindergärten","Zuschlag für Personalressourcen und Betreuungsqualität in privaten elementaren Bildungseinrichtungen","1160",133400,58,2024
"Bildung, Jugend, Integration und Transparenz","Kindergärten","Zuschlag für Personalressourcen und Betreuungsqualität in privaten elementaren Bildungseinrichtungen","1100",52250,20,2024
"Bildung, Jugend, Integration und Transparenz","Kindergärten","Zuschlag für Personalressourcen und Betreuungsqualität in privaten elementaren Bildungseinrichtungen","1080",16800,8,2024
"Bildung, Jugend, Integration und Transparenz","Kindergärten","Förderungen im Rahmen der Hortgruppenförderung in Wien","1150",136117.08,45,2024
"Bildung, Jugend, Integration und Transparenz","Kindergärten","Zuschlag für Personalressourcen und Betreuungsqualität in privaten elementaren Bildungseinrichtungen","1050",10200,4,2024
"Bildung, Jugend, Integration und Transparenz","Kindergärten","Zuschlag für Personalressourcen und Betreuungsqualität in privaten elementaren Bildungseinrichtungen","1100",11800,4,2024
"Bildung, Jugend, Integration und Transparenz","Kindergärten","Zuschlag für Personalressourcen und Betreuungsqualität in privaten elementaren Bildungseinrichtungen","1090",37400,22,2024
"Bildung, Jugend, Integration und Transparenz","Kindergärten","Zuschlag für Personalressourcen und Betreuungsqualität in privaten elementaren Bildungseinrichtungen","1140",23600,8,2024
"Bildung, Jugend, Integration und Transparenz","Kindergärten","Zuschlag für Personalressourcen und Betreuungsqualität in privaten elementaren Bildungseinrichtungen","1100",8400,4,2024
"Bildung, Jugend, Integration und Transparenz","Kindergärten","Zuschlag für Personalressourcen und Betreuungsqualität in privaten elementaren Bildungseinrichtungen","1100",6800,4,2024
"Bildung, Jugend, Integration und Transparenz","Kindergärten","Zuschlag für Personalressourcen und Betreuungsqualität in privaten elementaren Bildungseinrichtungen","2542",64200,26,2024
"Bildung, Jugend, Integration und Transparenz","Kindergärten","Zuschlag für Personalressourcen und Betreuungsqualität in privaten elementaren Bildungseinrichtungen","1140",23800,8,2024
"Bildung, Jugend, Integration und Transparenz","Kindergärten","Zuschlag für Personalressourcen und Betreuungsqualität in privaten elementaren Bildungseinrichtungen","1090",15200,6,2024
"Bildung, Jugend, Integration und Transparenz","Kindergärten","Zuschlag für Personalressourcen und Betreuungsqualität in privaten elementaren Bildungseinrichtungen","1130",3400,2,2024
"Bildung, Jugend, Integration und Transparenz","Kindergärten","Förderungen im Rahmen der Hortgruppenförderung in Wien","1010",90744.72,30,2024
"Bildung, Jugend, Integration und Transparenz","Kindergärten","Zuschlag für Personalressourcen und Betreuungsqualität in privaten elementaren Bildungseinrichtungen","1150",15200,6,2024
"Bildung, Jugend, Integration und Transparenz","Kindergärten","Zuschlag für Personalressourcen und Betreuungsqualität in privaten elementaren Bildungseinrichtungen","1160",65800,22,2024
"Bildung, Jugend, Integration und Transparenz","Kindergärten","Zuschlag für Personalressourcen und Betreuungsqualität in privaten elementaren Bildungseinrichtungen","1100",19000,8,2024
"Bildung, Jugend, Integration und Transparenz","Kindergärten","Zuschlag für Personalressourcen und Betreuungsqualität in privaten elementaren Bildungseinrichtungen","1100",54000,24,2024
"Bildung, Jugend, Integration und Transparenz","Kindergärten","Zuschlag für Personalressourcen und Betreuungsqualität in privaten elementaren Bildungseinrichtungen","1190",10200,4,2024
"Bildung, Jugend, Integration und Transparenz","Kindergärten","Zuschlag für Personalressourcen und Betreuungsqualität in privaten elementaren Bildungseinrichtungen","1090",11800,6,2024
"Bildung, Jugend, Integration und Transparenz","Kindergärten","Zuschlag für Personalressourcen und Betreuungsqualität in privaten elementaren Bildungseinrichtungen","1140",11800,6,2024
"Bildung, Jugend, Integration und Transparenz","Kindergärten","Zuschlag für Personalressourcen und Betreuungsqualität in privaten elementaren Bildungseinrichtungen","1170",3400,2,2024
"Bildung, Jugend, Integration und Transparenz","Kindergärten","Zuschlag für Personalressourcen und Betreuungsqualität in privaten elementaren Bildungseinrichtungen","1100",30400,14,2024
"Bildung, Jugend, Integration und Transparenz","Kindergärten","Zuschlag für Personalressourcen und Betreuungsqualität in privaten elementaren Bildungseinrichtungen","1230",3400,2,2024
"Bildung, Jugend, Integration und Transparenz","Kindergärten","Förderungen im Rahmen der Hortgruppenförderung in Wien","1130",0.06,2,2024
"Bildung, Jugend, Integration und Transparenz","Kindergärten","Zuschlag für Personalressourcen und Betreuungsqualität in privaten elementaren Bildungseinrichtungen","1100",3400,2,2024
"Bildung, Jugend, Integration und Transparenz","Kindergärten","Zuschlag für Personalressourcen und Betreuungsqualität in privaten elementaren Bildungseinrichtungen","1100",8400,4,2024
"Bildung, Jugend, Integration und Transparenz","Kindergärten","Zuschlag für Personalressourcen und Betreuungsqualität in privaten elementaren Bildungseinrichtungen","1080",2638800,1024,2024
"Bildung, Jugend, Integration und Transparenz","Kindergärten","Zuschlag für Personalressourcen und Betreuungsqualität in privaten elementaren Bildungseinrichtungen","1160",60600,22,2024
"Bildung, Jugend, Integration und Transparenz","Kindergärten","Zuschlag für Personalressourcen und Betreuungsqualität in privaten elementaren Bildungseinrichtungen","1220",10200,4,2024
"Bildung, Jugend, Integration und Transparenz","Kindergärten","Zuschlag für Personalressourcen und Betreuungsqualität in privaten elementaren Bildungseinrichtungen","1150",236200,100,2024
"Bildung, Jugend, Integration und Transparenz","Kindergärten","Zuschlag für Personalressourcen und Betreuungsqualität in privaten elementaren Bildungseinrichtungen","1190",6800,4,2024
"Bildung, Jugend, Integration und Transparenz","Kindergärten","Zuschlag für Personalressourcen und Betreuungsqualität in privaten elementaren Bildungseinrichtungen","1140",11800,4,2024
"Bildung, Jugend, Integration und Transparenz","Kindergärten","Zuschlag für Personalressourcen und Betreuungsqualität in privaten elementaren Bildungseinrichtungen","1220",6800,4,2024
"Bildung, Jugend, Integration und Transparenz","Kindergärten","Zuschlag für Personalressourcen und Betreuungsqualität in privaten elementaren Bildungseinrichtungen","1070",20250,10,2024
"Bildung, Jugend, Integration und Transparenz","Kindergärten","Förderung von heilpädagogischen Kindergartengruppen","1080",606827.72,693,2024
"Bildung, Jugend, Integration und Transparenz","Kindergärten","Förderungen im Rahmen der Hortgruppenförderung in Wien","1180",90744.72,30,2024
"Bildung, Jugend, Integration und Transparenz","Kindergärten","Zuschlag für Personalressourcen und Betreuungsqualität in privaten elementaren Bildungseinrichtungen","1130",8400,4,2024
"Bildung, Jugend, Integration und Transparenz","Kindergärten","Zuschlag für Personalressourcen und Betreuungsqualität in privaten elementaren Bildungseinrichtungen","1180",10200,6,2024
"Bildung, Jugend, Integration und Transparenz","Kindergärten","Zuschlag für Personalressourcen und Betreuungsqualität in privaten elementaren Bildungseinrichtungen","1230",28800,10,2024
"Bildung, Jugend, Integration und Transparenz","Kindergärten","Zuschlag für Personalressourcen und Betreuungsqualität in privaten elementaren Bildungseinrichtungen","1190",10200,4,2024
"Bildung, Jugend, Integration und Transparenz","Kindergärten","Zuschlag für Personalressourcen und Betreuungsqualität in privaten elementaren Bildungseinrichtungen","1090",18600,6,2024
"Bildung, Jugend, Integration und Transparenz","Kindergärten","Zuschlag für Personalressourcen und Betreuungsqualität in privaten elementaren Bildungseinrichtungen","1210",25200,12,2024
"Bildung, Jugend, Integration und Transparenz","Kindergärten","Zuschlag für Personalressourcen und Betreuungsqualität in privaten elementaren Bildungseinrichtungen","1010",1381600,587,2024
"Bildung, Jugend, Integration und Transparenz","Kindergärten","Zuschlag für Personalressourcen und Betreuungsqualität in privaten elementaren Bildungseinrichtungen","1040",37200,12,2024
"Bildung, Jugend, Integration und Transparenz","Kindergärten","Zuschlag für Personalressourcen und Betreuungsqualität in privaten elementaren Bildungseinrichtungen","1150",28900,11,2024
"Bildung, Jugend, Integration und Transparenz","Kindergärten","Zuschlag für Personalressourcen und Betreuungsqualität in privaten elementaren Bildungseinrichtungen","1100",65800,28,2024
"Bildung, Jugend, Integration und Transparenz","Kindergärten","Förderungen im Rahmen der Hortgruppenförderung in Wien","1230",113430.88,39,2024
"Bildung, Jugend, Integration und Transparenz","Kindergärten","Zuschlag für Personalressourcen und Betreuungsqualität in privaten elementaren Bildungseinrichtungen","1100",23800,10,2024
"Bildung, Jugend, Integration und Transparenz","Kindergärten","Zuschlag für Personalressourcen und Betreuungsqualität in privaten elementaren Bildungseinrichtungen","1050",16800,8,2024
"Bildung, Jugend, Integration und Transparenz","Kindergärten","Zuschlag für Personalressourcen und Betreuungsqualität in privaten elementaren Bildungseinrichtungen","1220",39000,12,2024
"Bildung, Jugend, Integration und Transparenz","Kindergärten","Zuschlag für Personalressourcen und Betreuungsqualität in privaten elementaren Bildungseinrichtungen","1020",8400,4,2024
"Bildung, Jugend, Integration und Transparenz","Kindergärten","Zuschlag für Personalressourcen und Betreuungsqualität in privaten elementaren Bildungseinrichtungen","1100",20200,8,2024
"Bildung, Jugend, Integration und Transparenz","Kindergärten","Zuschlag für Personalressourcen und Betreuungsqualität in privaten elementaren Bildungseinrichtungen","1020",18600,6,2024
"Bildung, Jugend, Integration und Transparenz","Kindergärten","Zuschlag für Personalressourcen und Betreuungsqualität in privaten elementaren Bildungseinrichtungen","1160",23600,8,2024
"Bildung, Jugend, Integration und Transparenz","Kindergärten","Zuschlag für Personalressourcen und Betreuungsqualität in privaten elementaren Bildungseinrichtungen","1100",48250,16,2024
"Bildung, Jugend, Integration und Transparenz","Kindergärten","Zuschlag für Personalressourcen und Betreuungsqualität in privaten elementaren Bildungseinrichtungen","1100",10200,4,2024
"Bildung, Jugend, Integration und Transparenz","Kindergärten","Zuschlag für Personalressourcen und Betreuungsqualität in privaten elementaren Bildungseinrichtungen","1120",40500,28,2024
"Bildung, Jugend, Integration und Transparenz","Kindergärten","Förderungen im Rahmen der Hortgruppenförderung in Wien","1010",670503.22,247,2024
"Bildung, Jugend, Integration und Transparenz","Kindergärten","Zuschlag für Personalressourcen und Betreuungsqualität in privaten elementaren Bildungseinrichtungen","1070",71500,29,2024
"Bildung, Jugend, Integration und Transparenz","Kindergärten","Zuschlag für Personalressourcen und Betreuungsqualität in privaten elementaren Bildungseinrichtungen","1020",50600,18,2024
"Bildung, Jugend, Integration und Transparenz","Kindergärten","Zuschlag für Personalressourcen und Betreuungsqualität in privaten elementaren Bildungseinrichtungen","1030",12750,6,2024
"Bildung, Jugend, Integration und Transparenz","Kindergärten","Zuschlag für Personalressourcen und Betreuungsqualität in privaten elementaren Bildungseinrichtungen","1010",840400,314,2024
"Bildung, Jugend, Integration und Transparenz","Kindergärten","Zuschlag für Personalressourcen und Betreuungsqualität in privaten elementaren Bildungseinrichtungen","1080",190600,80,2024
"Bildung, Jugend, Integration und Transparenz","Kindergärten","Zuschlag für Personalressourcen und Betreuungsqualität in privaten elementaren Bildungseinrichtungen","1080",5000,2,2024
"Bildung, Jugend, Integration und Transparenz","Kindergärten","Förderungen im Rahmen der Hortgruppenförderung in Wien","1090",45372.36,15,2024
"Bildung, Jugend, Integration und Transparenz","Kindergärten","Förderungen im Rahmen der Hortgruppenförderung in Wien","1170",45372.36,15,2024
"Bildung, Jugend, Integration und Transparenz","Kindergärten","Förderungen im Rahmen der Hortgruppenförderung in Wien","1060",63437.4,52,2024
"Bildung, Jugend, Integration und Transparenz","Kindergärten","Förderungen im Rahmen der Hortgruppenförderung in Wien","1160",45372.36,15,2024
"Bildung, Jugend, Integration und Transparenz","Kindergärten","Förderungen im Rahmen der Hortgruppenförderung in Wien","1090",31718.7,26,2024
"Bildung, Jugend, Integration und Transparenz","Kindergärten","Förderungen im Rahmen der Hortgruppenförderung in Wien","1020",196613.52,68,2024
"Bildung, Jugend, Integration und Transparenz","Kindergärten","Förderungen im Rahmen der Hortgruppenförderung in Wien","1070",158966.06,121,2024
"Bildung, Jugend, Integration und Transparenz","Kindergärten","Förderung von heilpädagogischen Kindergartengruppen","1190",218142.21,248,2024
"Bildung, Jugend, Integration und Transparenz","Kindergärten","Förderungen im Rahmen der Hortgruppenförderung in Wien","1020",272234.16,90,2024
"Bildung, Jugend, Integration und Transparenz","Kindergärten","Förderungen im Rahmen der Hortgruppenförderung in Wien","1010",7486439.22,2475,2024
"Bildung, Jugend, Integration und Transparenz","Kindergärten","Förderungen im Rahmen der Hortgruppenförderung in Wien","1080",151241.51,63,2024
"Bildung, Jugend, Integration und Transparenz","Kindergärten","Förderungen im Rahmen der Hortgruppenförderung in Wien","1180",21145.8,18,2024
"Bildung, Jugend, Integration und Transparenz","Kindergärten","Sonderfinanzierung Teuerung; Unterstützungsmaßnahme für private elementare Bildungseinrichtungen KDG","1130",16709,1,2024
"Bildung, Jugend, Integration und Transparenz","Kindergärten","Sonderfinanzierung Teuerung; Unterstützungsmaßnahme für private elementare Bildungseinrichtungen KDG","1030",383439,1,2024
"Bildung, Jugend, Integration und Transparenz","Kindergärten","Sonderfinanzierung Teuerung; Unterstützungsmaßnahme für private elementare Bildungseinrichtungen KDG","1220",39277,1,2024
"Bildung, Jugend, Integration und Transparenz","Kindergärten","Sonderfinanzierung Teuerung; Unterstützungsmaßnahme für private elementare Bildungseinrichtungen KDG","1070",3038,1,2024
"Bildung, Jugend, Integration und Transparenz","Kindergärten","Sonderfinanzierung Teuerung; Unterstützungsmaßnahme für private elementare Bildungseinrichtungen KDG","1040",17360,1,2024
"Bildung, Jugend, Integration und Transparenz","Kindergärten","Sonderfinanzierung Teuerung; Unterstützungsmaßnahme für private elementare Bildungseinrichtungen KDG","1020",3038,1,2024
"Bildung, Jugend, Integration und Transparenz","Kindergärten","Förderung innovativer Projekte zum Erwerb von Bildungskompetenzen für chancenbenachteiligte Kinder","1030",805178.96,1,2024
"Bildung, Jugend, Integration und Transparenz","Kindergärten","Sonderfinanzierung Teuerung; Unterstützungsmaßnahme für private elementare Bildungseinrichtungen KDG","1080",7595,1,2024
"Bildung, Jugend, Integration und Transparenz","Kindergärten","Sonderfinanzierung Teuerung; Unterstützungsmaßnahme für private elementare Bildungseinrichtungen KDG","1120",60760,1,2024
"Bildung, Jugend, Integration und Transparenz","Kindergärten","Sonderfinanzierung Teuerung; Unterstützungsmaßnahme für private elementare Bildungseinrichtungen KDG","1110",25172,1,2024
"Bildung, Jugend, Integration und Transparenz","Kindergärten","Sonderfinanzierung Teuerung; Unterstützungsmaßnahme für private elementare Bildungseinrichtungen KDG","1110",17360,1,2024
"Bildung, Jugend, Integration und Transparenz","Kindergärten","Sonderfinanzierung Teuerung; Unterstützungsmaßnahme für private elementare Bildungseinrichtungen KDG","1020",8897,1,2024
"Bildung, Jugend, Integration und Transparenz","Kindergärten","Sonderfinanzierung Teuerung; Unterstützungsmaßnahme für private elementare Bildungseinrichtungen KDG","1100",22785,1,2024
"Bildung, Jugend, Integration und Transparenz","Kindergärten","Sonderfinanzierung Teuerung; Unterstützungsmaßnahme für private elementare Bildungseinrichtungen KDG","1070",9548,1,2024
"Bildung, Jugend, Integration und Transparenz","Kindergärten","Sonderfinanzierung Teuerung; Unterstützungsmaßnahme für private elementare Bildungseinrichtungen KDG","1020",3038,1,2024
"Bildung, Jugend, Integration und Transparenz","Kindergärten","Sonderfinanzierung Teuerung; Unterstützungsmaßnahme für private elementare Bildungseinrichtungen KDG","1190",1085,1,2024
"Bildung, Jugend, Integration und Transparenz","Kindergärten","Sonderfinanzierung Teuerung; Unterstützungsmaßnahme für private elementare Bildungseinrichtungen KDG","1110",56203,1,2024
"Bildung, Jugend, Integration und Transparenz","Kindergärten","Sonderfinanzierung Unterstützungsmaßnahme 2023","1070",9200,1,2024
"Bildung, Jugend, Integration und Transparenz","Kindergärten","Sonderfinanzierung Teuerung; Unterstützungsmaßnahme für private elementare Bildungseinrichtungen KDG","1020",16926,1,2024
"Bildung, Jugend, Integration und Transparenz","Kindergärten","Sonderfinanzierung Teuerung; Unterstützungsmaßnahme für private elementare Bildungseinrichtungen KDG","1200",3038,1,2024
"Bildung, Jugend, Integration und Transparenz","Kindergärten","Sonderfinanzierung Teuerung; Unterstützungsmaßnahme für private elementare Bildungseinrichtungen KDG","1150",108066,1,2024
"Bildung, Jugend, Integration und Transparenz","Kindergärten","Sonderfinanzierung Teuerung; Unterstützungsmaßnahme für private elementare Bildungseinrichtungen KDG","1100",3038,1,2024
"Bildung, Jugend, Integration und Transparenz","Kindergärten","Sonderfinanzierung Teuerung; Unterstützungsmaßnahme für private elementare Bildungseinrichtungen KDG","1100",21266,1,2024
"Bildung, Jugend, Integration und Transparenz","Kindergärten","Sonderfinanzierung Teuerung; Unterstützungsmaßnahme für private elementare Bildungseinrichtungen KDG","1190",6076,1,2024
"Bildung, Jugend, Integration und Transparenz","Kindergärten","Sonderfinanzierung Teuerung; Unterstützungsmaßnahme für private elementare Bildungseinrichtungen KDG","1100",6076,1,2024
"Bildung, Jugend, Integration und Transparenz","Kindergärten","Sonderfinanzierung Teuerung; Unterstützungsmaßnahme für private elementare Bildungseinrichtungen KDG","1190",11935,1,2024
"Bildung, Jugend, Integration und Transparenz","Kindergärten","Sonderfinanzierung Teuerung; Unterstützungsmaßnahme für private elementare Bildungseinrichtungen KDG","1210",6076,1,2024
"Bildung, Jugend, Integration und Transparenz","Kindergärten","Sonderfinanzierung Teuerung; Unterstützungsmaßnahme für private elementare Bildungseinrichtungen KDG","1100",8246,1,2024
"Bildung, Jugend, Integration und Transparenz","Schulen","Zweckzuschuss für den Ankauf von Unterrichtsmaterialien für Privatschulerhalter","#",608478.41,34,2024
"Bildung, Jugend, Integration und Transparenz","Schulen","Zuschüsse für Schulveranstaltungen","#",103642,1273,2024
"Bildung, Jugend, Integration und Transparenz","Schulen","Sonstige Förderungen","1010",1340700,1,2024
"Bildung, Jugend, Integration und Transparenz","Schulen","Sonstige Förderungen","1170",159300,1,2024
"Bildung, Jugend, Integration und Transparenz","Schulen","Sonstige Förderungen","1170",351538.2,1,2024
"Bildung, Jugend, Integration und Transparenz","Schulen","Sonstige Förderungen","1190",199000,1,2024
"Finanzen, Wirtschaft, Arbeit, Internationales und Wiener Stadtwerke","Europäische Angelegenheiten","EZA-Leitprojekt","1150",4e+05,1,2024
"Finanzen, Wirtschaft, Arbeit, Internationales und Wiener Stadtwerke","Europäische Angelegenheiten","Wiener Entwicklungszusammenarbeit","1060",40000,1,2024
"Finanzen, Wirtschaft, Arbeit, Internationales und Wiener Stadtwerke","Europäische Angelegenheiten","Wiener Entwicklungszusammenarbeit","1130",40000,1,2024
"Finanzen, Wirtschaft, Arbeit, Internationales und Wiener Stadtwerke","Europäische Angelegenheiten","Wiener Entwicklungszusammenarbeit","1210",40000,1,2024
"Finanzen, Wirtschaft, Arbeit, Internationales und Wiener Stadtwerke","Europäische Angelegenheiten","Wiener Entwicklungszusammenarbeit","1120",31642,1,2024
"Finanzen, Wirtschaft, Arbeit, Internationales und Wiener Stadtwerke","Europäische Angelegenheiten","Wiener Entwicklungszusammenarbeit","1120",40000,1,2024
"Finanzen, Wirtschaft, Arbeit, Internationales und Wiener Stadtwerke","Europäische Angelegenheiten","Wiener Entwicklungszusammenarbeit","1120",39993,1,2024
"Finanzen, Wirtschaft, Arbeit, Internationales und Wiener Stadtwerke","Europäische Angelegenheiten","Wiener Entwicklungszusammenarbeit","1010",40000,1,2024
"Finanzen, Wirtschaft, Arbeit, Internationales und Wiener Stadtwerke","Europäische Angelegenheiten","Wiener Entwicklungszusammenarbeit","1060",28913.44,1,2024
"Finanzen, Wirtschaft, Arbeit, Internationales und Wiener Stadtwerke","Europäische Angelegenheiten","Wiener Entwicklungszusammenarbeit","1150",32386.49,1,2024
"Finanzen, Wirtschaft, Arbeit, Internationales und Wiener Stadtwerke","Europäische Angelegenheiten","Wiener Entwicklungszusammenarbeit","1170",40000,1,2024
"Finanzen, Wirtschaft, Arbeit, Internationales und Wiener Stadtwerke","Europäische Angelegenheiten","Wiener Entwicklungszusammenarbeit","1230",39380,1,2024
"Finanzen, Wirtschaft, Arbeit, Internationales und Wiener Stadtwerke","Europäische Angelegenheiten","Wiener Entwicklungszusammenarbeit","1160",40000,1,2024
"Finanzen, Wirtschaft, Arbeit, Internationales und Wiener Stadtwerke","Europäische Angelegenheiten","Wiener Entwicklungszusammenarbeit","1090",38844,1,2024
"Finanzen, Wirtschaft, Arbeit, Internationales und Wiener Stadtwerke","Finanzwesen","Förderung der Niederlassung von internationalen Organisationen in Wien","#",2979455.88,14,2024
"Finanzen, Wirtschaft, Arbeit, Internationales und Wiener Stadtwerke","Finanzwesen","Förderung von Projekten und Institutionen mit unmittelbarem Bezug zur Stadt Wien","1080",79950,1,2024
"Finanzen, Wirtschaft, Arbeit, Internationales und Wiener Stadtwerke","Finanzwesen","Förderung von Projekten und Institutionen mit unmittelbarem Bezug zur Stadt Wien","1030",50000,1,2024
"Finanzen, Wirtschaft, Arbeit, Internationales und Wiener Stadtwerke","Finanzwesen","Förderung von Projekten und Institutionen mit unmittelbarem Bezug zur Stadt Wien","1100",120000,1,2024
"Finanzen, Wirtschaft, Arbeit, Internationales und Wiener Stadtwerke","Finanzwesen","Förderung von Projekten und Institutionen mit unmittelbarem Bezug zur Stadt Wien","1010",10000,1,2024
"Finanzen, Wirtschaft, Arbeit, Internationales und Wiener Stadtwerke","Finanzwesen","Förderung von Projekten und Institutionen mit unmittelbarem Bezug zur Stadt Wien","1150",50000,1,2024
"Finanzen, Wirtschaft, Arbeit, Internationales und Wiener Stadtwerke","Finanzwesen","Förderung von Projekten und Institutionen mit unmittelbarem Bezug zur Stadt Wien","1100",150000,1,2024
"Finanzen, Wirtschaft, Arbeit, Internationales und Wiener Stadtwerke","Finanzwesen","Förderung von Projekten und Institutionen mit unmittelbarem Bezug zur Stadt Wien","1190",450000,1,2024
"Finanzen, Wirtschaft, Arbeit, Internationales und Wiener Stadtwerke","Finanzwesen","Förderung von Projekten und Institutionen mit unmittelbarem Bezug zur Stadt Wien","1020",15988.02,1,2024
"Finanzen, Wirtschaft, Arbeit, Internationales und Wiener Stadtwerke","Finanzwesen","Förderung von Projekten und Institutionen mit unmittelbarem Bezug zur Stadt Wien","1010",70000,1,2024
"Finanzen, Wirtschaft, Arbeit, Internationales und Wiener Stadtwerke","Finanzwesen","Förderung von Projekten und Institutionen mit unmittelbarem Bezug zur Stadt Wien","1160",54344.77,1,2024
"Finanzen, Wirtschaft, Arbeit, Internationales und Wiener Stadtwerke","Finanzwesen","Förderung von Projekten und Institutionen mit unmittelbarem Bezug zur Stadt Wien","1110",132000,1,2024
"Finanzen, Wirtschaft, Arbeit, Internationales und Wiener Stadtwerke","Finanzwesen","Förderung von Projekten und Institutionen mit unmittelbarem Bezug zur Stadt Wien","3100",4800,1,2024
"Finanzen, Wirtschaft, Arbeit, Internationales und Wiener Stadtwerke","Finanzwesen","Förderung von Projekten und Institutionen mit unmittelbarem Bezug zur Stadt Wien","1060",2500,1,2024
"Finanzen, Wirtschaft, Arbeit, Internationales und Wiener Stadtwerke","Finanzwesen","Förderung von Projekten und Institutionen mit unmittelbarem Bezug zur Stadt Wien","1020",34880,1,2024
"Finanzen, Wirtschaft, Arbeit, Internationales und Wiener Stadtwerke","Finanzwesen","Förderung von Projekten und Institutionen mit unmittelbarem Bezug zur Stadt Wien","1010",15000,1,2024
"Finanzen, Wirtschaft, Arbeit, Internationales und Wiener Stadtwerke","Finanzwesen","Förderung von Projekten und Institutionen mit unmittelbarem Bezug zur Stadt Wien","1090",16200,1,2024
"Finanzen, Wirtschaft, Arbeit, Internationales und Wiener Stadtwerke","Finanzwesen","Förderung von Projekten und Institutionen mit unmittelbarem Bezug zur Stadt Wien","1040",52000,1,2024
"Finanzen, Wirtschaft, Arbeit, Internationales und Wiener Stadtwerke","Finanzwesen","Förderung von Projekten und Institutionen mit unmittelbarem Bezug zur Stadt Wien","1050",70750,1,2024
"Finanzen, Wirtschaft, Arbeit, Internationales und Wiener Stadtwerke","Finanzwesen","Förderung von Projekten und Institutionen mit unmittelbarem Bezug zur Stadt Wien","1050",45000,1,2024
"Finanzen, Wirtschaft, Arbeit, Internationales und Wiener Stadtwerke","Finanzwesen","Förderung von Projekten und Institutionen mit unmittelbarem Bezug zur Stadt Wien","1200",844861.63,1,2024
"Finanzen, Wirtschaft, Arbeit, Internationales und Wiener Stadtwerke","Finanzwesen","Förderung von Projekten und Institutionen mit unmittelbarem Bezug zur Stadt Wien","1010",50000,1,2024
"Finanzen, Wirtschaft, Arbeit, Internationales und Wiener Stadtwerke","Finanzwesen","Förderung von Projekten und Institutionen mit unmittelbarem Bezug zur Stadt Wien","1030",105000,1,2024
"Finanzen, Wirtschaft, Arbeit, Internationales und Wiener Stadtwerke","Finanzwesen","Förderung von Projekten und Institutionen mit unmittelbarem Bezug zur Stadt Wien","1100",150000,1,2024
"Finanzen, Wirtschaft, Arbeit, Internationales und Wiener Stadtwerke","Finanzwesen","Förderung von Projekten und Institutionen mit unmittelbarem Bezug zur Stadt Wien","1030",5000,1,2024
"Finanzen, Wirtschaft, Arbeit, Internationales und Wiener Stadtwerke","Finanzwesen","Förderung von Projekten und Institutionen mit unmittelbarem Bezug zur Stadt Wien","1020",1e+05,1,2024
"Finanzen, Wirtschaft, Arbeit, Internationales und Wiener Stadtwerke","Finanzwesen","Förderung von Projekten und Institutionen mit unmittelbarem Bezug zur Stadt Wien","1060",36500,1,2024
"Finanzen, Wirtschaft, Arbeit, Internationales und Wiener Stadtwerke","Finanzwesen","Förderung von Projekten und Institutionen mit unmittelbarem Bezug zur Stadt Wien","1010",35000,1,2024
"Finanzen, Wirtschaft, Arbeit, Internationales und Wiener Stadtwerke","Finanzwesen","Förderung von Projekten und Institutionen mit unmittelbarem Bezug zur Stadt Wien","1030",85000,1,2024
"Finanzen, Wirtschaft, Arbeit, Internationales und Wiener Stadtwerke","Finanzwesen","Förderung von Projekten und Institutionen mit unmittelbarem Bezug zur Stadt Wien","1020",7010.85,1,2024
"Finanzen, Wirtschaft, Arbeit, Internationales und Wiener Stadtwerke","Finanzwesen","Förderung von Projekten und Institutionen mit unmittelbarem Bezug zur Stadt Wien","1070",1e+05,1,2024
"Finanzen, Wirtschaft, Arbeit, Internationales und Wiener Stadtwerke","Finanzwesen","Förderung von Projekten und Institutionen mit unmittelbarem Bezug zur Stadt Wien","1020",2e+05,1,2024
"Finanzen, Wirtschaft, Arbeit, Internationales und Wiener Stadtwerke","Finanzwesen","Förderung von Projekten und Institutionen mit unmittelbarem Bezug zur Stadt Wien","1040",1e+05,1,2024
"Finanzen, Wirtschaft, Arbeit, Internationales und Wiener Stadtwerke","Finanzwesen","Förderung von Projekten und Institutionen mit unmittelbarem Bezug zur Stadt Wien","1010",50000,1,2024
"Finanzen, Wirtschaft, Arbeit, Internationales und Wiener Stadtwerke","Finanzwesen","Förderung von Projekten und Institutionen mit unmittelbarem Bezug zur Stadt Wien","1010",60000,1,2024
"Finanzen, Wirtschaft, Arbeit, Internationales und Wiener Stadtwerke","Finanzwesen","Förderung von Projekten und Institutionen mit unmittelbarem Bezug zur Stadt Wien","1090",50000,1,2024
"Finanzen, Wirtschaft, Arbeit, Internationales und Wiener Stadtwerke","Finanzwesen","Förderung von Projekten und Institutionen mit unmittelbarem Bezug zur Stadt Wien","1020",35000,1,2024
"Finanzen, Wirtschaft, Arbeit, Internationales und Wiener Stadtwerke","Finanzwesen","Förderung zum Ausbau des 5 G-Netzes","1210",1298000,1,2024
"Finanzen, Wirtschaft, Arbeit, Internationales und Wiener Stadtwerke","Finanzwesen","Förderung zum Ausbau des 5 G-Netzes","1020",1320000,1,2024
"Finanzen, Wirtschaft, Arbeit, Internationales und Wiener Stadtwerke","Finanzwesen","Förderung von Projekten und Institutionen mit unmittelbarem Bezug zur Stadt Wien","1160",14250,1,2024
"Finanzen, Wirtschaft, Arbeit, Internationales und Wiener Stadtwerke","Finanzwesen","Förderung von Projekten und Institutionen mit unmittelbarem Bezug zur Stadt Wien","1010",355000,1,2024
"Finanzen, Wirtschaft, Arbeit, Internationales und Wiener Stadtwerke","Finanzwesen","Förderung von Projekten und Institutionen mit unmittelbarem Bezug zur Stadt Wien","2361",35339.51,1,2024
"Finanzen, Wirtschaft, Arbeit, Internationales und Wiener Stadtwerke","Finanzwesen","Förderung von Projekten und Institutionen mit unmittelbarem Bezug zur Stadt Wien","1010",30000,1,2024
"Finanzen, Wirtschaft, Arbeit, Internationales und Wiener Stadtwerke","Finanzwesen","Förderung von Projekten und Institutionen mit unmittelbarem Bezug zur Stadt Wien","1080",15988.02,1,2024
"Finanzen, Wirtschaft, Arbeit, Internationales und Wiener Stadtwerke","Finanzwesen","Förderung von Projekten und Institutionen mit unmittelbarem Bezug zur Stadt Wien","1010",48144,1,2024
"Finanzen, Wirtschaft, Arbeit, Internationales und Wiener Stadtwerke","Finanzwesen","Förderung von Projekten und Institutionen mit unmittelbarem Bezug zur Stadt Wien","1010",53156.36,1,2024
"Finanzen, Wirtschaft, Arbeit, Internationales und Wiener Stadtwerke","Finanzwesen","Förderung von Projekten und Institutionen mit unmittelbarem Bezug zur Stadt Wien","1190",465365,1,2024
"Finanzen, Wirtschaft, Arbeit, Internationales und Wiener Stadtwerke","Finanzwesen","Förderung von Projekten und Institutionen mit unmittelbarem Bezug zur Stadt Wien","1060",170000,1,2024
"Finanzen, Wirtschaft, Arbeit, Internationales und Wiener Stadtwerke","Finanzwesen","Förderung von Projekten und Institutionen mit unmittelbarem Bezug zur Stadt Wien","1090",60000,1,2024
"Finanzen, Wirtschaft, Arbeit, Internationales und Wiener Stadtwerke","Finanzwesen","Förderung von Projekten und Institutionen mit unmittelbarem Bezug zur Stadt Wien","1010",32500,1,2024
"Finanzen, Wirtschaft, Arbeit, Internationales und Wiener Stadtwerke","Finanzwesen","Förderung von Projekten und Institutionen mit unmittelbarem Bezug zur Stadt Wien","1090",25000,1,2024
"Finanzen, Wirtschaft, Arbeit, Internationales und Wiener Stadtwerke","Finanzwesen","Förderung von Projekten und Institutionen mit unmittelbarem Bezug zur Stadt Wien","1060",580000,1,2024
"Finanzen, Wirtschaft, Arbeit, Internationales und Wiener Stadtwerke","Finanzwesen","Förderung von Projekten und Institutionen mit unmittelbarem Bezug zur Stadt Wien","1030",230600,1,2024
"Finanzen, Wirtschaft, Arbeit, Internationales und Wiener Stadtwerke","Finanzwesen","Förderung von Projekten und Institutionen mit unmittelbarem Bezug zur Stadt Wien","1020",8000,1,2024
"Finanzen, Wirtschaft, Arbeit, Internationales und Wiener Stadtwerke","Wirtschaft, Arbeit und Statistik","Wiener Fachhochschul-Förderrichtlinie 2015","1200",37092.85,1,2024
"Finanzen, Wirtschaft, Arbeit, Internationales und Wiener Stadtwerke","Wirtschaft, Arbeit und Statistik","Wiener Fachhochschul-Förderrichtlinie 2015","1200",42083,1,2024
"Finanzen, Wirtschaft, Arbeit, Internationales und Wiener Stadtwerke","Wirtschaft, Arbeit und Statistik","Wiener Fachhochschul-Förderrichtlinie 2015","1100",15952.73,1,2024
"Finanzen, Wirtschaft, Arbeit, Internationales und Wiener Stadtwerke","Wirtschaft, Arbeit und Statistik","Wiener Fachhochschul-Förderrichtlinie 2015","1200",155007,1,2024
"Finanzen, Wirtschaft, Arbeit, Internationales und Wiener Stadtwerke","Wirtschaft, Arbeit und Statistik","Wiener Fachhochschul-Förderrichtlinie 2015","1100",26606,1,2024
"Finanzen, Wirtschaft, Arbeit, Internationales und Wiener Stadtwerke","Wirtschaft, Arbeit und Statistik","Wiener Fachhochschul-Förderrichtlinie 2015","1100",20120,1,2024
"Finanzen, Wirtschaft, Arbeit, Internationales und Wiener Stadtwerke","Wirtschaft, Arbeit und Statistik","Wiener Fachhochschul-Förderrichtlinie 2015","1020",23574.44,1,2024
"Finanzen, Wirtschaft, Arbeit, Internationales und Wiener Stadtwerke","Wirtschaft, Arbeit und Statistik","Wiener Fachhochschul-Förderrichtlinie 2020","1190",54238,1,2024
"Finanzen, Wirtschaft, Arbeit, Internationales und Wiener Stadtwerke","Wirtschaft, Arbeit und Statistik","Wiener Fachhochschul-Förderrichtlinie 2020","1180",42480.2,1,2024
"Finanzen, Wirtschaft, Arbeit, Internationales und Wiener Stadtwerke","Wirtschaft, Arbeit und Statistik","Wiener Fachhochschul-Förderrichtlinie 2020","1200",157394.21,1,2024
"Finanzen, Wirtschaft, Arbeit, Internationales und Wiener Stadtwerke","Wirtschaft, Arbeit und Statistik","Wiener Fachhochschul-Förderrichtlinie 2020","1200",236202.48,1,2024
"Finanzen, Wirtschaft, Arbeit, Internationales und Wiener Stadtwerke","Wirtschaft, Arbeit und Statistik","Wiener Fachhochschul-Förderrichtlinie 2020","1020",87751,1,2024
"Finanzen, Wirtschaft, Arbeit, Internationales und Wiener Stadtwerke","Wirtschaft, Arbeit und Statistik","Wiener Fachhochschul-Förderrichtlinie 2020","1100",81456,1,2024
"Finanzen, Wirtschaft, Arbeit, Internationales und Wiener Stadtwerke","Wirtschaft, Arbeit und Statistik","Wiener Fachhochschul-Förderrichtlinie 2020","1180",88008,1,2024
"Finanzen, Wirtschaft, Arbeit, Internationales und Wiener Stadtwerke","Wirtschaft, Arbeit und Statistik","Wiener Fachhochschul-Förderrichtlinie 2020","1200",8572,1,2024
"Finanzen, Wirtschaft, Arbeit, Internationales und Wiener Stadtwerke","Wirtschaft, Arbeit und Statistik","Wiener Fachhochschul-Förderrichtlinie 2020","1200",39064,1,2024
"Finanzen, Wirtschaft, Arbeit, Internationales und Wiener Stadtwerke","Wirtschaft, Arbeit und Statistik","Wiener Fachhochschul-Förderrichtlinie 2020","1200",39897,1,2024
"Finanzen, Wirtschaft, Arbeit, Internationales und Wiener Stadtwerke","Wirtschaft, Arbeit und Statistik","Wiener Fachhochschul-Förderrichtlinie 2020","1020",74937,1,2024
"Finanzen, Wirtschaft, Arbeit, Internationales und Wiener Stadtwerke","Wirtschaft, Arbeit und Statistik","Wiener Fachhochschul-Förderrichtlinie 2020","1020",57643,1,2024
"Finanzen, Wirtschaft, Arbeit, Internationales und Wiener Stadtwerke","Wirtschaft, Arbeit und Statistik","Wiener Fachhochschul-Förderrichtlinie 2020","1100",64982,1,2024
"Finanzen, Wirtschaft, Arbeit, Internationales und Wiener Stadtwerke","Wirtschaft, Arbeit und Statistik","Wiener Fachhochschul-Förderrichtlinie 2020","1100",25473,1,2024
"Finanzen, Wirtschaft, Arbeit, Internationales und Wiener Stadtwerke","Wirtschaft, Arbeit und Statistik","Wiener Fachhochschul-Förderrichtlinie 2020","1100",64796,1,2024
"Finanzen, Wirtschaft, Arbeit, Internationales und Wiener Stadtwerke","Wirtschaft, Arbeit und Statistik","Wiener Fachhochschul-Förderrichtlinie 2020","1100",81576,1,2024
"Finanzen, Wirtschaft, Arbeit, Internationales und Wiener Stadtwerke","Wirtschaft, Arbeit und Statistik","Wiener Fachhochschul-Förderrichtlinie 2020","1100",38079,1,2024
"Finanzen, Wirtschaft, Arbeit, Internationales und Wiener Stadtwerke","Wirtschaft, Arbeit und Statistik","Wiener Fachhochschul-Förderrichtlinie 2020","1100",31794,1,2024
"Finanzen, Wirtschaft, Arbeit, Internationales und Wiener Stadtwerke","Wirtschaft, Arbeit und Statistik","Wiener Fachhochschul-Förderrichtlinie 2020","1200",157423,1,2024
"Finanzen, Wirtschaft, Arbeit, Internationales und Wiener Stadtwerke","Wirtschaft, Arbeit und Statistik","Wiener Fachhochschul-Förderrichtlinie 2020","1200",5038.38,1,2024
"Finanzen, Wirtschaft, Arbeit, Internationales und Wiener Stadtwerke","Wirtschaft, Arbeit und Statistik","Wiener Fachhochschul-Förderrichtlinie 2020","1200",164320,1,2024
"Finanzen, Wirtschaft, Arbeit, Internationales und Wiener Stadtwerke","Wirtschaft, Arbeit und Statistik","Wiener Fachhochschul-Förderrichtlinie 2020","1200",8037.21,1,2024
"Finanzen, Wirtschaft, Arbeit, Internationales und Wiener Stadtwerke","Wirtschaft, Arbeit und Statistik","Wiener Fachhochschul-Förderrichtlinie 2020","1200",128780,1,2024
"Finanzen, Wirtschaft, Arbeit, Internationales und Wiener Stadtwerke","Wirtschaft, Arbeit und Statistik","Wiener Fachhochschul-Förderrichtlinie 2020","1200",4992.64,1,2024
"Finanzen, Wirtschaft, Arbeit, Internationales und Wiener Stadtwerke","Wirtschaft, Arbeit und Statistik","Wiener Fachhochschul-Förderrichtlinie 2020","1020",70089,1,2024
"Finanzen, Wirtschaft, Arbeit, Internationales und Wiener Stadtwerke","Wirtschaft, Arbeit und Statistik","Wiener Fachhochschul-Förderrichtlinie 2020","1020",5096.26,1,2024
"Finanzen, Wirtschaft, Arbeit, Internationales und Wiener Stadtwerke","Wirtschaft, Arbeit und Statistik","Wiener Fachhochschul-Förderrichtlinie 2020","1180",5402.37,1,2024
"Finanzen, Wirtschaft, Arbeit, Internationales und Wiener Stadtwerke","Wirtschaft, Arbeit und Statistik","Wiener Fachhochschul-Förderrichtlinie 2020","1100",4615.85,1,2024
"Finanzen, Wirtschaft, Arbeit, Internationales und Wiener Stadtwerke","Wirtschaft, Arbeit und Statistik","Wiener Fachhochschul-Förderrichtlinie 2020","1100",98060,1,2024
"Finanzen, Wirtschaft, Arbeit, Internationales und Wiener Stadtwerke","Wirtschaft, Arbeit und Statistik","Wiener Fachhochschul-Förderrichtlinie 2020","1100",80192,1,2024
"Finanzen, Wirtschaft, Arbeit, Internationales und Wiener Stadtwerke","Wirtschaft, Arbeit und Statistik","Wiener Fachhochschul-Förderrichtlinie 2020","1100",48785,1,2024
"Finanzen, Wirtschaft, Arbeit, Internationales und Wiener Stadtwerke","Wirtschaft, Arbeit und Statistik","Wiener Fachhochschul-Förderrichtlinie 2020","1180",77394,1,2024
"Finanzen, Wirtschaft, Arbeit, Internationales und Wiener Stadtwerke","Wirtschaft, Arbeit und Statistik","Wiener Fachhochschul-Förderrichtlinie 2020","1200",99974,1,2024
"Finanzen, Wirtschaft, Arbeit, Internationales und Wiener Stadtwerke","Wirtschaft, Arbeit und Statistik","Wiener Fachhochschul-Förderrichtlinie 2020","1200",93876,1,2024
"Finanzen, Wirtschaft, Arbeit, Internationales und Wiener Stadtwerke","Wirtschaft, Arbeit und Statistik","Wiener Fachhochschul-Förderrichtlinie 2020","1100",61599,1,2024
"Finanzen, Wirtschaft, Arbeit, Internationales und Wiener Stadtwerke","Wirtschaft, Arbeit und Statistik","Wiener Fachhochschul-Förderrichtlinie 2020","1100",61741,1,2024
"Finanzen, Wirtschaft, Arbeit, Internationales und Wiener Stadtwerke","Wirtschaft, Arbeit und Statistik","Wiener Fachhochschul-Förderrichtlinie 2020","1200",25396,1,2024
"Finanzen, Wirtschaft, Arbeit, Internationales und Wiener Stadtwerke","Wirtschaft, Arbeit und Statistik","Wiener Fachhochschul-Förderrichtlinie 2020","1200",78006,1,2024
"Finanzen, Wirtschaft, Arbeit, Internationales und Wiener Stadtwerke","Wirtschaft, Arbeit und Statistik","Wiener Fachhochschul-Förderrichtlinie 2020","1200",41024,1,2024
"Finanzen, Wirtschaft, Arbeit, Internationales und Wiener Stadtwerke","Wirtschaft, Arbeit und Statistik","Wiener Fachhochschul-Förderrichtlinie 2020","1200",30843,1,2024
"Finanzen, Wirtschaft, Arbeit, Internationales und Wiener Stadtwerke","Wirtschaft, Arbeit und Statistik","Wiener Fachhochschul-Förderrichtlinie 2020","1200",30844,1,2024
"Finanzen, Wirtschaft, Arbeit, Internationales und Wiener Stadtwerke","Wirtschaft, Arbeit und Statistik","Wiener Fachhochschul-Förderrichtlinie 2020","1180",7805,1,2024
"Finanzen, Wirtschaft, Arbeit, Internationales und Wiener Stadtwerke","Wirtschaft, Arbeit und Statistik","Wiener Fachhochschul-Förderrichtlinie 2020","1180",91351,1,2024
"Finanzen, Wirtschaft, Arbeit, Internationales und Wiener Stadtwerke","Wirtschaft, Arbeit und Statistik","Wiener Fachhochschul-Förderrichtlinie 2020","1020",64999,1,2024
"Finanzen, Wirtschaft, Arbeit, Internationales und Wiener Stadtwerke","Wirtschaft, Arbeit und Statistik","Wiener Fachhochschul-Förderrichtlinie 2020","1100",39274,1,2024
"Finanzen, Wirtschaft, Arbeit, Internationales und Wiener Stadtwerke","Wirtschaft, Arbeit und Statistik","Wiener Fachhochschul-Förderrichtlinie 2020","1100",29393,1,2024
"Finanzen, Wirtschaft, Arbeit, Internationales und Wiener Stadtwerke","Wirtschaft, Arbeit und Statistik","Wiener Fachhochschul-Förderrichtlinie 2020","1100",66154,1,2024
"Finanzen, Wirtschaft, Arbeit, Internationales und Wiener Stadtwerke","Wirtschaft, Arbeit und Statistik","Wiener Fachhochschul-Förderrichtlinie 2020","1100",48728,1,2024
"Finanzen, Wirtschaft, Arbeit, Internationales und Wiener Stadtwerke","Wirtschaft, Arbeit und Statistik","Wiener Fachhochschul-Förderrichtlinie 2020","1100",53438,1,2024
"Finanzen, Wirtschaft, Arbeit, Internationales und Wiener Stadtwerke","Wirtschaft, Arbeit und Statistik","Wiener Fachhochschul-Förderrichtlinie 2020","1100",39001,1,2024
"Finanzen, Wirtschaft, Arbeit, Internationales und Wiener Stadtwerke","Wirtschaft, Arbeit und Statistik","Wiener Fachhochschul-Förderrichtlinie 2020","1200",51994,1,2024
"Finanzen, Wirtschaft, Arbeit, Internationales und Wiener Stadtwerke","Wirtschaft, Arbeit und Statistik","Wiener Fachhochschul-Förderrichtlinie 2020","1200",94714,1,2024
"Finanzen, Wirtschaft, Arbeit, Internationales und Wiener Stadtwerke","Wirtschaft, Arbeit und Statistik","Wiener Fachhochschul-Förderrichtlinie 2020","1200",41406.45,1,2024
"Finanzen, Wirtschaft, Arbeit, Internationales und Wiener Stadtwerke","Wirtschaft, Arbeit und Statistik","Wiener Fachhochschul-Förderrichtlinie 2020","1180",52775,1,2024
"Finanzen, Wirtschaft, Arbeit, Internationales und Wiener Stadtwerke","Wirtschaft, Arbeit und Statistik","Wiener Fachhochschul-Förderrichtlinie 2020","1200",25326,1,2024
"Innovation, Stadtplanung und Mobilität","Straßenverwaltung und Straßenbau","Förderung der Errichtung von Fahrrad- und Scooterabstellanlagen auf nicht öffentlichem Grund","1180",3312,1,2024
"Innovation, Stadtplanung und Mobilität","Straßenverwaltung und Straßenbau","Förderung von (Elektro-)Transportfahrrädern, ""Spezialfahrrädern"" und ""Grätzlrädern""","1130",1000,1,2024
"Innovation, Stadtplanung und Mobilität","Straßenverwaltung und Straßenbau","Förderung von (Elektro-)Transportfahrrädern, ""Spezialfahrrädern"" und ""Grätzlrädern""","1070",1000,1,2024
"Innovation, Stadtplanung und Mobilität","Straßenverwaltung und Straßenbau","Förderung von (Elektro-)Transportfahrrädern, ""Spezialfahrrädern"" und ""Grätzlrädern""","1140",1000,1,2024
"Innovation, Stadtplanung und Mobilität","Straßenverwaltung und Straßenbau","Förderung von (Elektro-)Transportfahrrädern, ""Spezialfahrrädern"" und ""Grätzlrädern""","1150",1000,1,2024
"Innovation, Stadtplanung und Mobilität","Straßenverwaltung und Straßenbau","Förderung von (Elektro-)Transportfahrrädern, ""Spezialfahrrädern"" und ""Grätzlrädern""","1050",1000,1,2024
"Innovation, Stadtplanung und Mobilität","Straßenverwaltung und Straßenbau","Förderung von (Elektro-)Transportfahrrädern, ""Spezialfahrrädern"" und ""Grätzlrädern""","1210",1000,1,2024
"Innovation, Stadtplanung und Mobilität","Straßenverwaltung und Straßenbau","Förderung von (Elektro-)Transportfahrrädern, ""Spezialfahrrädern"" und ""Grätzlrädern""","1030",1000,1,2024
"Innovation, Stadtplanung und Mobilität","Straßenverwaltung und Straßenbau","Förderung von (Elektro-)Transportfahrrädern, ""Spezialfahrrädern"" und ""Grätzlrädern""","1140",1000,1,2024
"Innovation, Stadtplanung und Mobilität","Straßenverwaltung und Straßenbau","Förderung von (Elektro-)Transportfahrrädern, ""Spezialfahrrädern"" und ""Grätzlrädern""","1230",795.84,1,2024
"Innovation, Stadtplanung und Mobilität","Straßenverwaltung und Straßenbau","Förderung von (Elektro-)Transportfahrrädern, ""Spezialfahrrädern"" und ""Grätzlrädern""","1030",1000,1,2024
"Innovation, Stadtplanung und Mobilität","Straßenverwaltung und Straßenbau","Förderung von (Elektro-)Transportfahrrädern, ""Spezialfahrrädern"" und ""Grätzlrädern""","1180",1000,1,2024
"Innovation, Stadtplanung und Mobilität","Straßenverwaltung und Straßenbau","Förderung von (Elektro-)Transportfahrrädern, ""Spezialfahrrädern"" und ""Grätzlrädern""","1150",1000,1,2024
"Innovation, Stadtplanung und Mobilität","Straßenverwaltung und Straßenbau","Förderung von (Elektro-)Transportfahrrädern, ""Spezialfahrrädern"" und ""Grätzlrädern""","1020",1000,1,2024
"Innovation, Stadtplanung und Mobilität","Straßenverwaltung und Straßenbau","Förderung von (Elektro-)Transportfahrrädern, ""Spezialfahrrädern"" und ""Grätzlrädern""","1200",1000,1,2024
"Innovation, Stadtplanung und Mobilität","Straßenverwaltung und Straßenbau","Förderung von (Elektro-)Transportfahrrädern, ""Spezialfahrrädern"" und ""Grätzlrädern""","1170",1000,1,2024
"Innovation, Stadtplanung und Mobilität","Straßenverwaltung und Straßenbau","Förderung der Errichtung von Fahrrad- und Scooterabstellanlagen auf nicht öffentlichem Grund","1010",55198,1,2024
"Innovation, Stadtplanung und Mobilität","Straßenverwaltung und Straßenbau","Förderung der Errichtung von Fahrrad- und Scooterabstellanlagen auf nicht öffentlichem Grund","1160",1872,1,2024
"Innovation, Stadtplanung und Mobilität","Straßenverwaltung und Straßenbau","Förderung der Errichtung von Fahrrad- und Scooterabstellanlagen auf nicht öffentlichem Grund","1140",2070,1,2024
"Innovation, Stadtplanung und Mobilität","Straßenverwaltung und Straßenbau","Förderung der Errichtung von Fahrrad- und Scooterabstellanlagen auf nicht öffentlichem Grund","1140",2070,1,2024
"Innovation, Stadtplanung und Mobilität","Straßenverwaltung und Straßenbau","Förderung der Errichtung von Fahrrad- und Scooterabstellanlagen auf nicht öffentlichem Grund","1200",1842.8,1,2024
"Innovation, Stadtplanung und Mobilität","Straßenverwaltung und Straßenbau","Förderung der Errichtung von Fahrrad- und Scooterabstellanlagen auf nicht öffentlichem Grund","1080",356,1,2024
"Innovation, Stadtplanung und Mobilität","Straßenverwaltung und Straßenbau","Förderung von (Elektro-)Transportfahrrädern, ""Spezialfahrrädern"" und ""Grätzlrädern""","1050",1000,1,2024
"Innovation, Stadtplanung und Mobilität","Straßenverwaltung und Straßenbau","Förderung der Errichtung von Fahrrad- und Scooterabstellanlagen auf nicht öffentlichem Grund","1020",990,1,2024
"Innovation, Stadtplanung und Mobilität","Straßenverwaltung und Straßenbau","Förderung von (Elektro-)Transportfahrrädern, ""Spezialfahrrädern"" und ""Grätzlrädern""","1160",1000,1,2024
"Innovation, Stadtplanung und Mobilität","Straßenverwaltung und Straßenbau","Förderung von (Elektro-)Transportfahrrädern, ""Spezialfahrrädern"" und ""Grätzlrädern""","1020",1000,1,2024
"Innovation, Stadtplanung und Mobilität","Straßenverwaltung und Straßenbau","Förderung von (Elektro-)Transportfahrrädern, ""Spezialfahrrädern"" und ""Grätzlrädern""","1220",1000,1,2024
"Innovation, Stadtplanung und Mobilität","Straßenverwaltung und Straßenbau","Förderung von (Elektro-)Transportfahrrädern, ""Spezialfahrrädern"" und ""Grätzlrädern""","1030",1000,1,2024
"Innovation, Stadtplanung und Mobilität","Straßenverwaltung und Straßenbau","Förderung von (Elektro-)Transportfahrrädern, ""Spezialfahrrädern"" und ""Grätzlrädern""","1140",1000,1,2024
"Innovation, Stadtplanung und Mobilität","Straßenverwaltung und Straßenbau","Förderung von (Elektro-)Transportfahrrädern, ""Spezialfahrrädern"" und ""Grätzlrädern""","1200",1000,1,2024
"Innovation, Stadtplanung und Mobilität","Straßenverwaltung und Straßenbau","Förderung von (Elektro-)Transportfahrrädern, ""Spezialfahrrädern"" und ""Grätzlrädern""","1220",1000,1,2024
"Innovation, Stadtplanung und Mobilität","Straßenverwaltung und Straßenbau","Förderung von (Elektro-)Transportfahrrädern, ""Spezialfahrrädern"" und ""Grätzlrädern""","1090",1000,1,2024
"Innovation, Stadtplanung und Mobilität","Straßenverwaltung und Straßenbau","Förderung von (Elektro-)Transportfahrrädern, ""Spezialfahrrädern"" und ""Grätzlrädern""","1030",800,1,2024
"Innovation, Stadtplanung und Mobilität","Straßenverwaltung und Straßenbau","Förderung von (Elektro-)Transportfahrrädern, ""Spezialfahrrädern"" und ""Grätzlrädern""","1030",800,1,2024
"Innovation, Stadtplanung und Mobilität","Straßenverwaltung und Straßenbau","Förderung von (Elektro-)Transportfahrrädern, ""Spezialfahrrädern"" und ""Grätzlrädern""","1190",1000,1,2024
"Innovation, Stadtplanung und Mobilität","Straßenverwaltung und Straßenbau","Förderung von (Elektro-)Transportfahrrädern, ""Spezialfahrrädern"" und ""Grätzlrädern""","1090",1000,1,2024
"Innovation, Stadtplanung und Mobilität","Straßenverwaltung und Straßenbau","Förderung von (Elektro-)Transportfahrrädern, ""Spezialfahrrädern"" und ""Grätzlrädern""","1170",800,1,2024
"Innovation, Stadtplanung und Mobilität","Straßenverwaltung und Straßenbau","Förderung von (Elektro-)Transportfahrrädern, ""Spezialfahrrädern"" und ""Grätzlrädern""","1220",416.25,1,2024
"Innovation, Stadtplanung und Mobilität","Straßenverwaltung und Straßenbau","Förderung der Errichtung von Fahrrad- und Scooterabstellanlagen auf nicht öffentlichem Grund","1210",416,1,2024
"Innovation, Stadtplanung und Mobilität","Straßenverwaltung und Straßenbau","Förderung der Errichtung von Fahrrad- und Scooterabstellanlagen auf nicht öffentlichem Grund","1010",2704,1,2024
"Innovation, Stadtplanung und Mobilität","Straßenverwaltung und Straßenbau","Förderung der Errichtung von Fahrrad- und Scooterabstellanlagen auf nicht öffentlichem Grund","1190",1872,1,2024
"Innovation, Stadtplanung und Mobilität","Straßenverwaltung und Straßenbau","Förderung der Errichtung von Fahrrad- und Scooterabstellanlagen auf nicht öffentlichem Grund","1030",1450,1,2024
"Innovation, Stadtplanung und Mobilität","Straßenverwaltung und Straßenbau","Förderung der Errichtung von Fahrrad- und Scooterabstellanlagen auf nicht öffentlichem Grund","1020",4160,1,2024
"Innovation, Stadtplanung und Mobilität","Straßenverwaltung und Straßenbau","Förderung der Errichtung von Fahrrad- und Scooterabstellanlagen auf nicht öffentlichem Grund","1100",148.18,1,2024
"Innovation, Stadtplanung und Mobilität","Straßenverwaltung und Straßenbau","Förderung der Errichtung von Fahrrad- und Scooterabstellanlagen auf nicht öffentlichem Grund","2481",712,1,2024
"Innovation, Stadtplanung und Mobilität","Straßenverwaltung und Straßenbau","Förderung der Errichtung von Fahrrad- und Scooterabstellanlagen auf nicht öffentlichem Grund","1130",2064,1,2024
"Innovation, Stadtplanung und Mobilität","Straßenverwaltung und Straßenbau","Förderung der Errichtung von Fahrrad- und Scooterabstellanlagen auf nicht öffentlichem Grund","1060",5910,1,2024
"Innovation, Stadtplanung und Mobilität","Straßenverwaltung und Straßenbau","Förderung von (Elektro-)Transportfahrrädern, ""Spezialfahrrädern"" und ""Grätzlrädern""","1160",1000,1,2024
"Innovation, Stadtplanung und Mobilität","Straßenverwaltung und Straßenbau","Förderung von (Elektro-)Transportfahrrädern, ""Spezialfahrrädern"" und ""Grätzlrädern""","1020",1000,1,2024
"Innovation, Stadtplanung und Mobilität","Straßenverwaltung und Straßenbau","Förderung von (Elektro-)Transportfahrrädern, ""Spezialfahrrädern"" und ""Grätzlrädern""","1190",1000,1,2024
"Innovation, Stadtplanung und Mobilität","Straßenverwaltung und Straßenbau","Förderung von (Elektro-)Transportfahrrädern, ""Spezialfahrrädern"" und ""Grätzlrädern""","1170",1000,1,2024
"Innovation, Stadtplanung und Mobilität","Straßenverwaltung und Straßenbau","Förderung von (Elektro-)Transportfahrrädern, ""Spezialfahrrädern"" und ""Grätzlrädern""","1020",1000,1,2024
"Innovation, Stadtplanung und Mobilität","Straßenverwaltung und Straßenbau","Förderung von (Elektro-)Transportfahrrädern, ""Spezialfahrrädern"" und ""Grätzlrädern""","1020",1000,1,2024
"Innovation, Stadtplanung und Mobilität","Straßenverwaltung und Straßenbau","Förderung von (Elektro-)Transportfahrrädern, ""Spezialfahrrädern"" und ""Grätzlrädern""","1090",1000,1,2024
"Innovation, Stadtplanung und Mobilität","Straßenverwaltung und Straßenbau","Förderung von (Elektro-)Transportfahrrädern, ""Spezialfahrrädern"" und ""Grätzlrädern""","1200",1000,1,2024
"Innovation, Stadtplanung und Mobilität","Straßenverwaltung und Straßenbau","Förderung von (Elektro-)Transportfahrrädern, ""Spezialfahrrädern"" und ""Grätzlrädern""","1030",1000,1,2024
"Innovation, Stadtplanung und Mobilität","Straßenverwaltung und Straßenbau","Förderung von (Elektro-)Transportfahrrädern, ""Spezialfahrrädern"" und ""Grätzlrädern""","1140",1000,1,2024
"Innovation, Stadtplanung und Mobilität","Straßenverwaltung und Straßenbau","Förderung von (Elektro-)Transportfahrrädern, ""Spezialfahrrädern"" und ""Grätzlrädern""","1020",1000,1,2024
"Innovation, Stadtplanung und Mobilität","Straßenverwaltung und Straßenbau","Förderung von (Elektro-)Transportfahrrädern, ""Spezialfahrrädern"" und ""Grätzlrädern""","1210",1000,1,2024
"Innovation, Stadtplanung und Mobilität","Straßenverwaltung und Straßenbau","Förderung von (Elektro-)Transportfahrrädern, ""Spezialfahrrädern"" und ""Grätzlrädern""","1180",1000,1,2024
"Innovation, Stadtplanung und Mobilität","Straßenverwaltung und Straßenbau","Förderung von (Elektro-)Transportfahrrädern, ""Spezialfahrrädern"" und ""Grätzlrädern""","1160",1000,1,2024
"Innovation, Stadtplanung und Mobilität","Straßenverwaltung und Straßenbau","Förderung von (Elektro-)Transportfahrrädern, ""Spezialfahrrädern"" und ""Grätzlrädern""","1100",1000,1,2024
"Innovation, Stadtplanung und Mobilität","Straßenverwaltung und Straßenbau","Förderung von (Elektro-)Transportfahrrädern, ""Spezialfahrrädern"" und ""Grätzlrädern""","1020",1000,1,2024
"Innovation, Stadtplanung und Mobilität","Straßenverwaltung und Straßenbau","Förderung von (Elektro-)Transportfahrrädern, ""Spezialfahrrädern"" und ""Grätzlrädern""","1040",1000,1,2024
"Innovation, Stadtplanung und Mobilität","Straßenverwaltung und Straßenbau","Förderung von (Elektro-)Transportfahrrädern, ""Spezialfahrrädern"" und ""Grätzlrädern""","1160",1000,1,2024
"Innovation, Stadtplanung und Mobilität","Straßenverwaltung und Straßenbau","Förderung von (Elektro-)Transportfahrrädern, ""Spezialfahrrädern"" und ""Grätzlrädern""","1030",1000,1,2024
"Innovation, Stadtplanung und Mobilität","Straßenverwaltung und Straßenbau","Förderung von (Elektro-)Transportfahrrädern, ""Spezialfahrrädern"" und ""Grätzlrädern""","1220",1000,1,2024
"Innovation, Stadtplanung und Mobilität","Straßenverwaltung und Straßenbau","Förderung von (Elektro-)Transportfahrrädern, ""Spezialfahrrädern"" und ""Grätzlrädern""","1150",1000,1,2024
"Innovation, Stadtplanung und Mobilität","Straßenverwaltung und Straßenbau","Förderung von (Elektro-)Transportfahrrädern, ""Spezialfahrrädern"" und ""Grätzlrädern""","1230",1000,1,2024
"Innovation, Stadtplanung und Mobilität","Straßenverwaltung und Straßenbau","Förderung von (Elektro-)Transportfahrrädern, ""Spezialfahrrädern"" und ""Grätzlrädern""","1040",1000,1,2024
"Innovation, Stadtplanung und Mobilität","Straßenverwaltung und Straßenbau","Förderung von (Elektro-)Transportfahrrädern, ""Spezialfahrrädern"" und ""Grätzlrädern""","1080",1000,1,2024
"Innovation, Stadtplanung und Mobilität","Straßenverwaltung und Straßenbau","Förderung von (Elektro-)Transportfahrrädern, ""Spezialfahrrädern"" und ""Grätzlrädern""","1220",1000,1,2024
"Innovation, Stadtplanung und Mobilität","Straßenverwaltung und Straßenbau","Förderung von (Elektro-)Transportfahrrädern, ""Spezialfahrrädern"" und ""Grätzlrädern""","1060",1000,1,2024
"Innovation, Stadtplanung und Mobilität","Straßenverwaltung und Straßenbau","Förderung von (Elektro-)Transportfahrrädern, ""Spezialfahrrädern"" und ""Grätzlrädern""","1200",1000,1,2024
"Innovation, Stadtplanung und Mobilität","Straßenverwaltung und Straßenbau","Förderung von (Elektro-)Transportfahrrädern, ""Spezialfahrrädern"" und ""Grätzlrädern""","1030",1000,1,2024
"Innovation, Stadtplanung und Mobilität","Straßenverwaltung und Straßenbau","Förderung von (Elektro-)Transportfahrrädern, ""Spezialfahrrädern"" und ""Grätzlrädern""","1200",1000,1,2024
"Innovation, Stadtplanung und Mobilität","Straßenverwaltung und Straßenbau","Förderung von (Elektro-)Transportfahrrädern, ""Spezialfahrrädern"" und ""Grätzlrädern""","1040",1000,1,2024
"Innovation, Stadtplanung und Mobilität","Straßenverwaltung und Straßenbau","Förderung von (Elektro-)Transportfahrrädern, ""Spezialfahrrädern"" und ""Grätzlrädern""","1050",1000,1,2024
"Innovation, Stadtplanung und Mobilität","Straßenverwaltung und Straßenbau","Förderung von (Elektro-)Transportfahrrädern, ""Spezialfahrrädern"" und ""Grätzlrädern""","1140",800,1,2024
"Innovation, Stadtplanung und Mobilität","Straßenverwaltung und Straßenbau","Förderung von (Elektro-)Transportfahrrädern, ""Spezialfahrrädern"" und ""Grätzlrädern""","1170",1000,1,2024
"Innovation, Stadtplanung und Mobilität","Straßenverwaltung und Straßenbau","Förderung von (Elektro-)Transportfahrrädern, ""Spezialfahrrädern"" und ""Grätzlrädern""","1140",1000,1,2024
"Innovation, Stadtplanung und Mobilität","Straßenverwaltung und Straßenbau","Förderung von (Elektro-)Transportfahrrädern, ""Spezialfahrrädern"" und ""Grätzlrädern""","1180",495.42,1,2024
"Innovation, Stadtplanung und Mobilität","Straßenverwaltung und Straßenbau","Förderung von (Elektro-)Transportfahrrädern, ""Spezialfahrrädern"" und ""Grätzlrädern""","1180",1000,1,2024
"Innovation, Stadtplanung und Mobilität","Straßenverwaltung und Straßenbau","Förderung von (Elektro-)Transportfahrrädern, ""Spezialfahrrädern"" und ""Grätzlrädern""","1150",1000,1,2024
"Innovation, Stadtplanung und Mobilität","Straßenverwaltung und Straßenbau","Förderung von (Elektro-)Transportfahrrädern, ""Spezialfahrrädern"" und ""Grätzlrädern""","1220",800,1,2024
"Innovation, Stadtplanung und Mobilität","Straßenverwaltung und Straßenbau","Förderung von (Elektro-)Transportfahrrädern, ""Spezialfahrrädern"" und ""Grätzlrädern""","1180",1000,1,2024
"Innovation, Stadtplanung und Mobilität","Straßenverwaltung und Straßenbau","Förderung von (Elektro-)Transportfahrrädern, ""Spezialfahrrädern"" und ""Grätzlrädern""","1050",1000,1,2024
"Innovation, Stadtplanung und Mobilität","Straßenverwaltung und Straßenbau","Förderung von (Elektro-)Transportfahrrädern, ""Spezialfahrrädern"" und ""Grätzlrädern""","1020",1000,1,2024
"Innovation, Stadtplanung und Mobilität","Straßenverwaltung und Straßenbau","Förderung von (Elektro-)Transportfahrrädern, ""Spezialfahrrädern"" und ""Grätzlrädern""","1020",4000,1,2024
"Innovation, Stadtplanung und Mobilität","Straßenverwaltung und Straßenbau","Förderung von (Elektro-)Transportfahrrädern, ""Spezialfahrrädern"" und ""Grätzlrädern""","1030",1000,1,2024
"Innovation, Stadtplanung und Mobilität","Straßenverwaltung und Straßenbau","Förderung von (Elektro-)Transportfahrrädern, ""Spezialfahrrädern"" und ""Grätzlrädern""","1150",800,1,2024
"Innovation, Stadtplanung und Mobilität","Straßenverwaltung und Straßenbau","Förderung von (Elektro-)Transportfahrrädern, ""Spezialfahrrädern"" und ""Grätzlrädern""","1090",1000,1,2024
"Innovation, Stadtplanung und Mobilität","Straßenverwaltung und Straßenbau","Förderung von (Elektro-)Transportfahrrädern, ""Spezialfahrrädern"" und ""Grätzlrädern""","1030",1000,1,2024
"Innovation, Stadtplanung und Mobilität","Straßenverwaltung und Straßenbau","Förderung von (Elektro-)Transportfahrrädern, ""Spezialfahrrädern"" und ""Grätzlrädern""","1220",800,1,2024
"Innovation, Stadtplanung und Mobilität","Straßenverwaltung und Straßenbau","Förderung von (Elektro-)Transportfahrrädern, ""Spezialfahrrädern"" und ""Grätzlrädern""","1040",1000,1,2024
"Innovation, Stadtplanung und Mobilität","Straßenverwaltung und Straßenbau","Förderung von (Elektro-)Transportfahrrädern, ""Spezialfahrrädern"" und ""Grätzlrädern""","1150",1000,1,2024
"Innovation, Stadtplanung und Mobilität","Straßenverwaltung und Straßenbau","Förderung von (Elektro-)Transportfahrrädern, ""Spezialfahrrädern"" und ""Grätzlrädern""","1050",1000,1,2024
"Innovation, Stadtplanung und Mobilität","Straßenverwaltung und Straßenbau","Förderung von (Elektro-)Transportfahrrädern, ""Spezialfahrrädern"" und ""Grätzlrädern""","1130",1000,1,2024
"Innovation, Stadtplanung und Mobilität","Straßenverwaltung und Straßenbau","Förderung von (Elektro-)Transportfahrrädern, ""Spezialfahrrädern"" und ""Grätzlrädern""","1180",1000,1,2024
"Innovation, Stadtplanung und Mobilität","Straßenverwaltung und Straßenbau","Förderung von (Elektro-)Transportfahrrädern, ""Spezialfahrrädern"" und ""Grätzlrädern""","1180",1000,1,2024
"Innovation, Stadtplanung und Mobilität","Straßenverwaltung und Straßenbau","Förderung von (Elektro-)Transportfahrrädern, ""Spezialfahrrädern"" und ""Grätzlrädern""","1020",1000,1,2024
"Innovation, Stadtplanung und Mobilität","Straßenverwaltung und Straßenbau","Förderung von (Elektro-)Transportfahrrädern, ""Spezialfahrrädern"" und ""Grätzlrädern""","1040",1000,1,2024
"Innovation, Stadtplanung und Mobilität","Straßenverwaltung und Straßenbau","Förderung von (Elektro-)Transportfahrrädern, ""Spezialfahrrädern"" und ""Grätzlrädern""","1140",1000,1,2024
"Innovation, Stadtplanung und Mobilität","Straßenverwaltung und Straßenbau","Förderung von (Elektro-)Transportfahrrädern, ""Spezialfahrrädern"" und ""Grätzlrädern""","1050",716.25,1,2024
"Innovation, Stadtplanung und Mobilität","Straßenverwaltung und Straßenbau","Förderung von (Elektro-)Transportfahrrädern, ""Spezialfahrrädern"" und ""Grätzlrädern""","1020",770.42,1,2024
"Innovation, Stadtplanung und Mobilität","Straßenverwaltung und Straßenbau","Förderung von (Elektro-)Transportfahrrädern, ""Spezialfahrrädern"" und ""Grätzlrädern""","1020",1000,1,2024
"Innovation, Stadtplanung und Mobilität","Straßenverwaltung und Straßenbau","Förderung von (Elektro-)Transportfahrrädern, ""Spezialfahrrädern"" und ""Grätzlrädern""","1200",507.92,1,2024
"Innovation, Stadtplanung und Mobilität","Straßenverwaltung und Straßenbau","Förderung von (Elektro-)Transportfahrrädern, ""Spezialfahrrädern"" und ""Grätzlrädern""","1020",716.25,1,2024
"Innovation, Stadtplanung und Mobilität","Straßenverwaltung und Straßenbau","Förderung von (Elektro-)Transportfahrrädern, ""Spezialfahrrädern"" und ""Grätzlrädern""","1150",507.92,1,2024
"Innovation, Stadtplanung und Mobilität","Straßenverwaltung und Straßenbau","Förderung von (Elektro-)Transportfahrrädern, ""Spezialfahrrädern"" und ""Grätzlrädern""","1160",791.25,1,2024
"Innovation, Stadtplanung und Mobilität","Straßenverwaltung und Straßenbau","Förderung von (Elektro-)Transportfahrrädern, ""Spezialfahrrädern"" und ""Grätzlrädern""","1120",1000,1,2024
"Innovation, Stadtplanung und Mobilität","Straßenverwaltung und Straßenbau","Förderung von (Elektro-)Transportfahrrädern, ""Spezialfahrrädern"" und ""Grätzlrädern""","1100",1000,1,2024
"Innovation, Stadtplanung und Mobilität","Straßenverwaltung und Straßenbau","Förderung von (Elektro-)Transportfahrrädern, ""Spezialfahrrädern"" und ""Grätzlrädern""","1030",1000,1,2024
"Innovation, Stadtplanung und Mobilität","Straßenverwaltung und Straßenbau","Förderung von (Elektro-)Transportfahrrädern, ""Spezialfahrrädern"" und ""Grätzlrädern""","1040",1000,1,2024
"Innovation, Stadtplanung und Mobilität","Straßenverwaltung und Straßenbau","Förderung von (Elektro-)Transportfahrrädern, ""Spezialfahrrädern"" und ""Grätzlrädern""","1030",1000,1,2024
"Innovation, Stadtplanung und Mobilität","Straßenverwaltung und Straßenbau","Förderung von (Elektro-)Transportfahrrädern, ""Spezialfahrrädern"" und ""Grätzlrädern""","1020",1000,1,2024
"Innovation, Stadtplanung und Mobilität","Straßenverwaltung und Straßenbau","Förderung von (Elektro-)Transportfahrrädern, ""Spezialfahrrädern"" und ""Grätzlrädern""","1080",1000,1,2024
"Innovation, Stadtplanung und Mobilität","Straßenverwaltung und Straßenbau","Förderung von (Elektro-)Transportfahrrädern, ""Spezialfahrrädern"" und ""Grätzlrädern""","1030",1000,1,2024
"Innovation, Stadtplanung und Mobilität","Straßenverwaltung und Straßenbau","Förderung von (Elektro-)Transportfahrrädern, ""Spezialfahrrädern"" und ""Grätzlrädern""","1160",800,1,2024
"Innovation, Stadtplanung und Mobilität","Straßenverwaltung und Straßenbau","Förderung von (Elektro-)Transportfahrrädern, ""Spezialfahrrädern"" und ""Grätzlrädern""","1150",1000,1,2024
"Innovation, Stadtplanung und Mobilität","Straßenverwaltung und Straßenbau","Förderung von (Elektro-)Transportfahrrädern, ""Spezialfahrrädern"" und ""Grätzlrädern""","1220",1000,1,2024
"Innovation, Stadtplanung und Mobilität","Straßenverwaltung und Straßenbau","Förderung von (Elektro-)Transportfahrrädern, ""Spezialfahrrädern"" und ""Grätzlrädern""","1180",1000,1,2024
"Innovation, Stadtplanung und Mobilität","Straßenverwaltung und Straßenbau","Förderung von (Elektro-)Transportfahrrädern, ""Spezialfahrrädern"" und ""Grätzlrädern""","1200",1000,1,2024
"Innovation, Stadtplanung und Mobilität","Straßenverwaltung und Straßenbau","Förderung von (Elektro-)Transportfahrrädern, ""Spezialfahrrädern"" und ""Grätzlrädern""","1180",1000,1,2024
"Innovation, Stadtplanung und Mobilität","Straßenverwaltung und Straßenbau","Förderung von (Elektro-)Transportfahrrädern, ""Spezialfahrrädern"" und ""Grätzlrädern""","1030",1000,1,2024
"Innovation, Stadtplanung und Mobilität","Straßenverwaltung und Straßenbau","Förderung von (Elektro-)Transportfahrrädern, ""Spezialfahrrädern"" und ""Grätzlrädern""","1050",1000,1,2024
"Innovation, Stadtplanung und Mobilität","Straßenverwaltung und Straßenbau","Förderung von (Elektro-)Transportfahrrädern, ""Spezialfahrrädern"" und ""Grätzlrädern""","1190",416.25,1,2024
"Innovation, Stadtplanung und Mobilität","Straßenverwaltung und Straßenbau","Förderung von (Elektro-)Transportfahrrädern, ""Spezialfahrrädern"" und ""Grätzlrädern""","1160",1000,1,2024
"Innovation, Stadtplanung und Mobilität","Straßenverwaltung und Straßenbau","Förderung von (Elektro-)Transportfahrrädern, ""Spezialfahrrädern"" und ""Grätzlrädern""","1190",1000,1,2024
"Innovation, Stadtplanung und Mobilität","Straßenverwaltung und Straßenbau","Förderung von (Elektro-)Transportfahrrädern, ""Spezialfahrrädern"" und ""Grätzlrädern""","1140",1000,1,2024
"Innovation, Stadtplanung und Mobilität","Straßenverwaltung und Straßenbau","Förderung von (Elektro-)Transportfahrrädern, ""Spezialfahrrädern"" und ""Grätzlrädern""","1010",1000,1,2024
"Innovation, Stadtplanung und Mobilität","Straßenverwaltung und Straßenbau","Förderung von (Elektro-)Transportfahrrädern, ""Spezialfahrrädern"" und ""Grätzlrädern""","1200",1000,1,2024
"Innovation, Stadtplanung und Mobilität","Straßenverwaltung und Straßenbau","Förderung von (Elektro-)Transportfahrrädern, ""Spezialfahrrädern"" und ""Grätzlrädern""","1140",1000,1,2024
"Innovation, Stadtplanung und Mobilität","Straßenverwaltung und Straßenbau","Förderung von (Elektro-)Transportfahrrädern, ""Spezialfahrrädern"" und ""Grätzlrädern""","1100",1000,1,2024
"Innovation, Stadtplanung und Mobilität","Straßenverwaltung und Straßenbau","Förderung von (Elektro-)Transportfahrrädern, ""Spezialfahrrädern"" und ""Grätzlrädern""","1140",1000,1,2024
"Innovation, Stadtplanung und Mobilität","Straßenverwaltung und Straßenbau","Förderung von (Elektro-)Transportfahrrädern, ""Spezialfahrrädern"" und ""Grätzlrädern""","1170",1000,1,2024
"Innovation, Stadtplanung und Mobilität","Straßenverwaltung und Straßenbau","Förderung von (Elektro-)Transportfahrrädern, ""Spezialfahrrädern"" und ""Grätzlrädern""","1170",1000,1,2024
"Innovation, Stadtplanung und Mobilität","Straßenverwaltung und Straßenbau","Förderung von (Elektro-)Transportfahrrädern, ""Spezialfahrrädern"" und ""Grätzlrädern""","1020",1000,1,2024
"Innovation, Stadtplanung und Mobilität","Straßenverwaltung und Straßenbau","Förderung von (Elektro-)Transportfahrrädern, ""Spezialfahrrädern"" und ""Grätzlrädern""","1030",1000,1,2024
"Innovation, Stadtplanung und Mobilität","Straßenverwaltung und Straßenbau","Förderung von (Elektro-)Transportfahrrädern, ""Spezialfahrrädern"" und ""Grätzlrädern""","1020",1000,1,2024
"Innovation, Stadtplanung und Mobilität","Straßenverwaltung und Straßenbau","Förderung von (Elektro-)Transportfahrrädern, ""Spezialfahrrädern"" und ""Grätzlrädern""","1220",1000,1,2024
"Innovation, Stadtplanung und Mobilität","Straßenverwaltung und Straßenbau","Förderung von (Elektro-)Transportfahrrädern, ""Spezialfahrrädern"" und ""Grätzlrädern""","1090",1000,1,2024
"Innovation, Stadtplanung und Mobilität","Straßenverwaltung und Straßenbau","Förderung von (Elektro-)Transportfahrrädern, ""Spezialfahrrädern"" und ""Grätzlrädern""","1220",1000,1,2024
"Innovation, Stadtplanung und Mobilität","Straßenverwaltung und Straßenbau","Förderung von (Elektro-)Transportfahrrädern, ""Spezialfahrrädern"" und ""Grätzlrädern""","1190",1000,1,2024
"Innovation, Stadtplanung und Mobilität","Straßenverwaltung und Straßenbau","Förderung von (Elektro-)Transportfahrrädern, ""Spezialfahrrädern"" und ""Grätzlrädern""","1170",1000,1,2024
"Innovation, Stadtplanung und Mobilität","Straßenverwaltung und Straßenbau","Förderung von (Elektro-)Transportfahrrädern, ""Spezialfahrrädern"" und ""Grätzlrädern""","1150",1000,1,2024
"Innovation, Stadtplanung und Mobilität","Straßenverwaltung und Straßenbau","Förderung von (Elektro-)Transportfahrrädern, ""Spezialfahrrädern"" und ""Grätzlrädern""","1080",1000,1,2024
"Innovation, Stadtplanung und Mobilität","Straßenverwaltung und Straßenbau","Förderung von (Elektro-)Transportfahrrädern, ""Spezialfahrrädern"" und ""Grätzlrädern""","1220",1000,1,2024
"Innovation, Stadtplanung und Mobilität","Straßenverwaltung und Straßenbau","Förderung von (Elektro-)Transportfahrrädern, ""Spezialfahrrädern"" und ""Grätzlrädern""","1180",1000,1,2024
"Innovation, Stadtplanung und Mobilität","Straßenverwaltung und Straßenbau","Förderung von (Elektro-)Transportfahrrädern, ""Spezialfahrrädern"" und ""Grätzlrädern""","1190",1000,1,2024
"Innovation, Stadtplanung und Mobilität","Straßenverwaltung und Straßenbau","Förderung von (Elektro-)Transportfahrrädern, ""Spezialfahrrädern"" und ""Grätzlrädern""","1050",1000,1,2024
"Innovation, Stadtplanung und Mobilität","Straßenverwaltung und Straßenbau","Förderung von (Elektro-)Transportfahrrädern, ""Spezialfahrrädern"" und ""Grätzlrädern""","1040",1000,1,2024
"Innovation, Stadtplanung und Mobilität","Straßenverwaltung und Straßenbau","Förderung von (Elektro-)Transportfahrrädern, ""Spezialfahrrädern"" und ""Grätzlrädern""","1220",1000,1,2024
"Innovation, Stadtplanung und Mobilität","Straßenverwaltung und Straßenbau","Förderung von (Elektro-)Transportfahrrädern, ""Spezialfahrrädern"" und ""Grätzlrädern""","1200",1000,1,2024
"Innovation, Stadtplanung und Mobilität","Straßenverwaltung und Straßenbau","Förderung von (Elektro-)Transportfahrrädern, ""Spezialfahrrädern"" und ""Grätzlrädern""","1170",1000,1,2024
"Innovation, Stadtplanung und Mobilität","Straßenverwaltung und Straßenbau","Förderung von (Elektro-)Transportfahrrädern, ""Spezialfahrrädern"" und ""Grätzlrädern""","1140",1000,1,2024
"Innovation, Stadtplanung und Mobilität","Straßenverwaltung und Straßenbau","Förderung von (Elektro-)Transportfahrrädern, ""Spezialfahrrädern"" und ""Grätzlrädern""","1020",1000,1,2024
"Innovation, Stadtplanung und Mobilität","Straßenverwaltung und Straßenbau","Förderung von (Elektro-)Transportfahrrädern, ""Spezialfahrrädern"" und ""Grätzlrädern""","1220",1000,1,2024
"Innovation, Stadtplanung und Mobilität","Straßenverwaltung und Straßenbau","Förderung von (Elektro-)Transportfahrrädern, ""Spezialfahrrädern"" und ""Grätzlrädern""","1040",1000,1,2024
"Innovation, Stadtplanung und Mobilität","Straßenverwaltung und Straßenbau","Förderung von (Elektro-)Transportfahrrädern, ""Spezialfahrrädern"" und ""Grätzlrädern""","1120",1000,1,2024
"Innovation, Stadtplanung und Mobilität","Straßenverwaltung und Straßenbau","Förderung von (Elektro-)Transportfahrrädern, ""Spezialfahrrädern"" und ""Grätzlrädern""","1130",1000,1,2024
"Innovation, Stadtplanung und Mobilität","Straßenverwaltung und Straßenbau","Förderung von (Elektro-)Transportfahrrädern, ""Spezialfahrrädern"" und ""Grätzlrädern""","1040",1000,1,2024
"Innovation, Stadtplanung und Mobilität","Straßenverwaltung und Straßenbau","Förderung von (Elektro-)Transportfahrrädern, ""Spezialfahrrädern"" und ""Grätzlrädern""","1070",1000,1,2024
"Innovation, Stadtplanung und Mobilität","Straßenverwaltung und Straßenbau","Förderung von (Elektro-)Transportfahrrädern, ""Spezialfahrrädern"" und ""Grätzlrädern""","1020",1000,1,2024
"Innovation, Stadtplanung und Mobilität","Straßenverwaltung und Straßenbau","Förderung von (Elektro-)Transportfahrrädern, ""Spezialfahrrädern"" und ""Grätzlrädern""","1130",800,1,2024
"Innovation, Stadtplanung und Mobilität","Straßenverwaltung und Straßenbau","Förderung von (Elektro-)Transportfahrrädern, ""Spezialfahrrädern"" und ""Grätzlrädern""","1020",800,1,2024
"Innovation, Stadtplanung und Mobilität","Straßenverwaltung und Straßenbau","Förderung von (Elektro-)Transportfahrrädern, ""Spezialfahrrädern"" und ""Grätzlrädern""","1070",1000,1,2024
"Innovation, Stadtplanung und Mobilität","Straßenverwaltung und Straßenbau","Förderung von (Elektro-)Transportfahrrädern, ""Spezialfahrrädern"" und ""Grätzlrädern""","1220",1000,1,2024
"Innovation, Stadtplanung und Mobilität","Straßenverwaltung und Straßenbau","Förderung von (Elektro-)Transportfahrrädern, ""Spezialfahrrädern"" und ""Grätzlrädern""","1060",1000,1,2024
"Innovation, Stadtplanung und Mobilität","Straßenverwaltung und Straßenbau","Förderung von (Elektro-)Transportfahrrädern, ""Spezialfahrrädern"" und ""Grätzlrädern""","1090",1000,1,2024
"Innovation, Stadtplanung und Mobilität","Straßenverwaltung und Straßenbau","Förderung von (Elektro-)Transportfahrrädern, ""Spezialfahrrädern"" und ""Grätzlrädern""","1080",1000,1,2024
"Innovation, Stadtplanung und Mobilität","Straßenverwaltung und Straßenbau","Förderung von (Elektro-)Transportfahrrädern, ""Spezialfahrrädern"" und ""Grätzlrädern""","1030",1000,1,2024
"Innovation, Stadtplanung und Mobilität","Straßenverwaltung und Straßenbau","Förderung der Errichtung von Fahrrad- und Scooterabstellanlagen auf nicht öffentlichem Grund","1020",1968,1,2024
"Innovation, Stadtplanung und Mobilität","Straßenverwaltung und Straßenbau","Förderung der Errichtung von Fahrrad- und Scooterabstellanlagen auf nicht öffentlichem Grund","1150",2480,1,2024
"Innovation, Stadtplanung und Mobilität","Straßenverwaltung und Straßenbau","Förderung der Errichtung von Fahrrad- und Scooterabstellanlagen auf nicht öffentlichem Grund","1020",2178,1,2024
"Innovation, Stadtplanung und Mobilität","Straßenverwaltung und Straßenbau","Förderung von (Elektro-)Transportfahrrädern, ""Spezialfahrrädern"" und ""Grätzlrädern""","1140",1000,1,2024
"Innovation, Stadtplanung und Mobilität","Straßenverwaltung und Straßenbau","Förderung von (Elektro-)Transportfahrrädern, ""Spezialfahrrädern"" und ""Grätzlrädern""","1150",1000,1,2024
"Innovation, Stadtplanung und Mobilität","Straßenverwaltung und Straßenbau","Förderung von (Elektro-)Transportfahrrädern, ""Spezialfahrrädern"" und ""Grätzlrädern""","1190",1000,1,2024
"Innovation, Stadtplanung und Mobilität","Straßenverwaltung und Straßenbau","Förderung von (Elektro-)Transportfahrrädern, ""Spezialfahrrädern"" und ""Grätzlrädern""","1020",1000,1,2024
"Innovation, Stadtplanung und Mobilität","Straßenverwaltung und Straßenbau","Förderung von (Elektro-)Transportfahrrädern, ""Spezialfahrrädern"" und ""Grätzlrädern""","1220",1000,1,2024
"Innovation, Stadtplanung und Mobilität","Straßenverwaltung und Straßenbau","Förderung von (Elektro-)Transportfahrrädern, ""Spezialfahrrädern"" und ""Grätzlrädern""","1020",1000,1,2024
"Innovation, Stadtplanung und Mobilität","Straßenverwaltung und Straßenbau","Förderung von (Elektro-)Transportfahrrädern, ""Spezialfahrrädern"" und ""Grätzlrädern""","1020",1000,1,2024
"Innovation, Stadtplanung und Mobilität","Straßenverwaltung und Straßenbau","Förderung von (Elektro-)Transportfahrrädern, ""Spezialfahrrädern"" und ""Grätzlrädern""","1180",1000,1,2024
"Innovation, Stadtplanung und Mobilität","Straßenverwaltung und Straßenbau","Förderung von (Elektro-)Transportfahrrädern, ""Spezialfahrrädern"" und ""Grätzlrädern""","1200",1000,1,2024
"Innovation, Stadtplanung und Mobilität","Straßenverwaltung und Straßenbau","Förderung von (Elektro-)Transportfahrrädern, ""Spezialfahrrädern"" und ""Grätzlrädern""","1190",1000,1,2024
"Innovation, Stadtplanung und Mobilität","Straßenverwaltung und Straßenbau","Förderung von (Elektro-)Transportfahrrädern, ""Spezialfahrrädern"" und ""Grätzlrädern""","1030",1000,1,2024
"Innovation, Stadtplanung und Mobilität","Straßenverwaltung und Straßenbau","Förderung von (Elektro-)Transportfahrrädern, ""Spezialfahrrädern"" und ""Grätzlrädern""","1080",1000,1,2024
"Innovation, Stadtplanung und Mobilität","Straßenverwaltung und Straßenbau","Förderung von (Elektro-)Transportfahrrädern, ""Spezialfahrrädern"" und ""Grätzlrädern""","1020",1000,1,2024
"Innovation, Stadtplanung und Mobilität","Straßenverwaltung und Straßenbau","Förderung von (Elektro-)Transportfahrrädern, ""Spezialfahrrädern"" und ""Grätzlrädern""","1130",1000,1,2024
"Innovation, Stadtplanung und Mobilität","Straßenverwaltung und Straßenbau","Förderung der Errichtung von Fahrrad- und Scooterabstellanlagen auf nicht öffentlichem Grund","1050",4728,1,2024
"Innovation, Stadtplanung und Mobilität","Straßenverwaltung und Straßenbau","Förderung von (Elektro-)Transportfahrrädern, ""Spezialfahrrädern"" und ""Grätzlrädern""","1230",1000,1,2024
"Innovation, Stadtplanung und Mobilität","Straßenverwaltung und Straßenbau","Förderung von (Elektro-)Transportfahrrädern, ""Spezialfahrrädern"" und ""Grätzlrädern""","1090",1000,1,2024
"Innovation, Stadtplanung und Mobilität","Straßenverwaltung und Straßenbau","Förderung von (Elektro-)Transportfahrrädern, ""Spezialfahrrädern"" und ""Grätzlrädern""","1140",1000,1,2024
"Innovation, Stadtplanung und Mobilität","Straßenverwaltung und Straßenbau","Förderung von (Elektro-)Transportfahrrädern, ""Spezialfahrrädern"" und ""Grätzlrädern""","1030",1000,1,2024
"Innovation, Stadtplanung und Mobilität","Straßenverwaltung und Straßenbau","Förderung von (Elektro-)Transportfahrrädern, ""Spezialfahrrädern"" und ""Grätzlrädern""","1020",1000,1,2024
"Innovation, Stadtplanung und Mobilität","Straßenverwaltung und Straßenbau","Förderung von (Elektro-)Transportfahrrädern, ""Spezialfahrrädern"" und ""Grätzlrädern""","1090",1000,1,2024
"Innovation, Stadtplanung und Mobilität","Straßenverwaltung und Straßenbau","Förderung von (Elektro-)Transportfahrrädern, ""Spezialfahrrädern"" und ""Grätzlrädern""","1050",1000,1,2024
"Innovation, Stadtplanung und Mobilität","Straßenverwaltung und Straßenbau","Förderung von (Elektro-)Transportfahrrädern, ""Spezialfahrrädern"" und ""Grätzlrädern""","1220",1000,1,2024
"Innovation, Stadtplanung und Mobilität","Straßenverwaltung und Straßenbau","Förderung von (Elektro-)Transportfahrrädern, ""Spezialfahrrädern"" und ""Grätzlrädern""","1160",1000,1,2024
"Innovation, Stadtplanung und Mobilität","Straßenverwaltung und Straßenbau","Förderung von (Elektro-)Transportfahrrädern, ""Spezialfahrrädern"" und ""Grätzlrädern""","1020",1000,1,2024
"Innovation, Stadtplanung und Mobilität","Straßenverwaltung und Straßenbau","Förderung von (Elektro-)Transportfahrrädern, ""Spezialfahrrädern"" und ""Grätzlrädern""","1100",1000,1,2024
"Innovation, Stadtplanung und Mobilität","Straßenverwaltung und Straßenbau","Förderung von (Elektro-)Transportfahrrädern, ""Spezialfahrrädern"" und ""Grätzlrädern""","1100",1000,1,2024
"Innovation, Stadtplanung und Mobilität","Straßenverwaltung und Straßenbau","Förderung von (Elektro-)Transportfahrrädern, ""Spezialfahrrädern"" und ""Grätzlrädern""","1160",1000,1,2024
"Innovation, Stadtplanung und Mobilität","Straßenverwaltung und Straßenbau","Förderung von (Elektro-)Transportfahrrädern, ""Spezialfahrrädern"" und ""Grätzlrädern""","1080",1000,1,2024
"Innovation, Stadtplanung und Mobilität","Straßenverwaltung und Straßenbau","Förderung von (Elektro-)Transportfahrrädern, ""Spezialfahrrädern"" und ""Grätzlrädern""","1190",1000,1,2024
"Innovation, Stadtplanung und Mobilität","Straßenverwaltung und Straßenbau","Förderung von (Elektro-)Transportfahrrädern, ""Spezialfahrrädern"" und ""Grätzlrädern""","1050",1000,1,2024
"Innovation, Stadtplanung und Mobilität","Straßenverwaltung und Straßenbau","Förderung von (Elektro-)Transportfahrrädern, ""Spezialfahrrädern"" und ""Grätzlrädern""","1180",1000,1,2024
"Innovation, Stadtplanung und Mobilität","Straßenverwaltung und Straßenbau","Förderung von (Elektro-)Transportfahrrädern, ""Spezialfahrrädern"" und ""Grätzlrädern""","1110",1000,1,2024
"Innovation, Stadtplanung und Mobilität","Straßenverwaltung und Straßenbau","Förderung von (Elektro-)Transportfahrrädern, ""Spezialfahrrädern"" und ""Grätzlrädern""","1130",1000,1,2024
"Innovation, Stadtplanung und Mobilität","Straßenverwaltung und Straßenbau","Förderung von (Elektro-)Transportfahrrädern, ""Spezialfahrrädern"" und ""Grätzlrädern""","1140",1000,1,2024
"Innovation, Stadtplanung und Mobilität","Straßenverwaltung und Straßenbau","Förderung von (Elektro-)Transportfahrrädern, ""Spezialfahrrädern"" und ""Grätzlrädern""","1050",1000,1,2024
"Innovation, Stadtplanung und Mobilität","Straßenverwaltung und Straßenbau","Förderung von (Elektro-)Transportfahrrädern, ""Spezialfahrrädern"" und ""Grätzlrädern""","1150",1000,1,2024
"Innovation, Stadtplanung und Mobilität","Straßenverwaltung und Straßenbau","Förderung von (Elektro-)Transportfahrrädern, ""Spezialfahrrädern"" und ""Grätzlrädern""","1020",1000,1,2024
"Innovation, Stadtplanung und Mobilität","Straßenverwaltung und Straßenbau","Förderung von (Elektro-)Transportfahrrädern, ""Spezialfahrrädern"" und ""Grätzlrädern""","1190",1000,1,2024
"Innovation, Stadtplanung und Mobilität","Straßenverwaltung und Straßenbau","Förderung von (Elektro-)Transportfahrrädern, ""Spezialfahrrädern"" und ""Grätzlrädern""","1040",1000,1,2024
"Innovation, Stadtplanung und Mobilität","Straßenverwaltung und Straßenbau","Förderung von (Elektro-)Transportfahrrädern, ""Spezialfahrrädern"" und ""Grätzlrädern""","1120",1000,1,2024
"Innovation, Stadtplanung und Mobilität","Straßenverwaltung und Straßenbau","Förderung von (Elektro-)Transportfahrrädern, ""Spezialfahrrädern"" und ""Grätzlrädern""","1210",1000,1,2024
"Innovation, Stadtplanung und Mobilität","Straßenverwaltung und Straßenbau","Förderung von (Elektro-)Transportfahrrädern, ""Spezialfahrrädern"" und ""Grätzlrädern""","1200",800,1,2024
"Innovation, Stadtplanung und Mobilität","Straßenverwaltung und Straßenbau","Förderung von (Elektro-)Transportfahrrädern, ""Spezialfahrrädern"" und ""Grätzlrädern""","1100",1000,1,2024
"Innovation, Stadtplanung und Mobilität","Straßenverwaltung und Straßenbau","Förderung von (Elektro-)Transportfahrrädern, ""Spezialfahrrädern"" und ""Grätzlrädern""","1140",1000,1,2024
"Innovation, Stadtplanung und Mobilität","Straßenverwaltung und Straßenbau","Förderung von (Elektro-)Transportfahrrädern, ""Spezialfahrrädern"" und ""Grätzlrädern""","1060",1000,1,2024
"Innovation, Stadtplanung und Mobilität","Straßenverwaltung und Straßenbau","Förderung von (Elektro-)Transportfahrrädern, ""Spezialfahrrädern"" und ""Grätzlrädern""","1200",1000,1,2024
"Innovation, Stadtplanung und Mobilität","Straßenverwaltung und Straßenbau","Förderung von (Elektro-)Transportfahrrädern, ""Spezialfahrrädern"" und ""Grätzlrädern""","1010",1000,1,2024
"Innovation, Stadtplanung und Mobilität","Straßenverwaltung und Straßenbau","Förderung von (Elektro-)Transportfahrrädern, ""Spezialfahrrädern"" und ""Grätzlrädern""","1140",1000,1,2024
"Innovation, Stadtplanung und Mobilität","Straßenverwaltung und Straßenbau","Förderung von (Elektro-)Transportfahrrädern, ""Spezialfahrrädern"" und ""Grätzlrädern""","1150",1000,1,2024
"Innovation, Stadtplanung und Mobilität","Straßenverwaltung und Straßenbau","Förderung von (Elektro-)Transportfahrrädern, ""Spezialfahrrädern"" und ""Grätzlrädern""","1220",1000,1,2024
"Innovation, Stadtplanung und Mobilität","Straßenverwaltung und Straßenbau","Förderung von (Elektro-)Transportfahrrädern, ""Spezialfahrrädern"" und ""Grätzlrädern""","1140",1000,1,2024
"Innovation, Stadtplanung und Mobilität","Straßenverwaltung und Straßenbau","Förderung von (Elektro-)Transportfahrrädern, ""Spezialfahrrädern"" und ""Grätzlrädern""","1070",1000,1,2024
"Innovation, Stadtplanung und Mobilität","Straßenverwaltung und Straßenbau","Förderung von (Elektro-)Transportfahrrädern, ""Spezialfahrrädern"" und ""Grätzlrädern""","1060",1000,1,2024
"Innovation, Stadtplanung und Mobilität","Straßenverwaltung und Straßenbau","Förderung von (Elektro-)Transportfahrrädern, ""Spezialfahrrädern"" und ""Grätzlrädern""","1020",950,1,2024
"Innovation, Stadtplanung und Mobilität","Straßenverwaltung und Straßenbau","Förderung von (Elektro-)Transportfahrrädern, ""Spezialfahrrädern"" und ""Grätzlrädern""","1040",1000,1,2024
"Innovation, Stadtplanung und Mobilität","Straßenverwaltung und Straßenbau","Förderung von (Elektro-)Transportfahrrädern, ""Spezialfahrrädern"" und ""Grätzlrädern""","1170",1000,1,2024
"Innovation, Stadtplanung und Mobilität","Straßenverwaltung und Straßenbau","Förderung von (Elektro-)Transportfahrrädern, ""Spezialfahrrädern"" und ""Grätzlrädern""","1020",1000,1,2024
"Innovation, Stadtplanung und Mobilität","Straßenverwaltung und Straßenbau","Förderung von (Elektro-)Transportfahrrädern, ""Spezialfahrrädern"" und ""Grätzlrädern""","1090",1000,1,2024
"Innovation, Stadtplanung und Mobilität","Straßenverwaltung und Straßenbau","Förderung von (Elektro-)Transportfahrrädern, ""Spezialfahrrädern"" und ""Grätzlrädern""","1120",1000,1,2024
"Innovation, Stadtplanung und Mobilität","Straßenverwaltung und Straßenbau","Förderung von (Elektro-)Transportfahrrädern, ""Spezialfahrrädern"" und ""Grätzlrädern""","1160",1000,1,2024
"Innovation, Stadtplanung und Mobilität","Straßenverwaltung und Straßenbau","Förderung von (Elektro-)Transportfahrrädern, ""Spezialfahrrädern"" und ""Grätzlrädern""","1020",1000,1,2024
"Innovation, Stadtplanung und Mobilität","Straßenverwaltung und Straßenbau","Förderung von (Elektro-)Transportfahrrädern, ""Spezialfahrrädern"" und ""Grätzlrädern""","1020",1000,1,2024
"Innovation, Stadtplanung und Mobilität","Straßenverwaltung und Straßenbau","Förderung von (Elektro-)Transportfahrrädern, ""Spezialfahrrädern"" und ""Grätzlrädern""","1150",1000,1,2024
"Innovation, Stadtplanung und Mobilität","Straßenverwaltung und Straßenbau","Förderung von (Elektro-)Transportfahrrädern, ""Spezialfahrrädern"" und ""Grätzlrädern""","1160",1000,1,2024
"Innovation, Stadtplanung und Mobilität","Straßenverwaltung und Straßenbau","Förderung von (Elektro-)Transportfahrrädern, ""Spezialfahrrädern"" und ""Grätzlrädern""","1020",1000,1,2024
"Innovation, Stadtplanung und Mobilität","Straßenverwaltung und Straßenbau","Förderung von (Elektro-)Transportfahrrädern, ""Spezialfahrrädern"" und ""Grätzlrädern""","1070",1000,1,2024
"Innovation, Stadtplanung und Mobilität","Straßenverwaltung und Straßenbau","Förderung von (Elektro-)Transportfahrrädern, ""Spezialfahrrädern"" und ""Grätzlrädern""","1180",1000,1,2024
"Innovation, Stadtplanung und Mobilität","Straßenverwaltung und Straßenbau","Förderung von (Elektro-)Transportfahrrädern, ""Spezialfahrrädern"" und ""Grätzlrädern""","1030",1000,1,2024
"Innovation, Stadtplanung und Mobilität","Straßenverwaltung und Straßenbau","Förderung von (Elektro-)Transportfahrrädern, ""Spezialfahrrädern"" und ""Grätzlrädern""","1050",1000,1,2024
"Innovation, Stadtplanung und Mobilität","Straßenverwaltung und Straßenbau","Förderung von (Elektro-)Transportfahrrädern, ""Spezialfahrrädern"" und ""Grätzlrädern""","1180",1000,1,2024
"Innovation, Stadtplanung und Mobilität","Straßenverwaltung und Straßenbau","Förderung von (Elektro-)Transportfahrrädern, ""Spezialfahrrädern"" und ""Grätzlrädern""","1210",829.17,1,2024
"Innovation, Stadtplanung und Mobilität","Straßenverwaltung und Straßenbau","Förderung von (Elektro-)Transportfahrrädern, ""Spezialfahrrädern"" und ""Grätzlrädern""","1140",1000,1,2024
"Innovation, Stadtplanung und Mobilität","Straßenverwaltung und Straßenbau","Förderung von (Elektro-)Transportfahrrädern, ""Spezialfahrrädern"" und ""Grätzlrädern""","1010",1000,1,2024
"Innovation, Stadtplanung und Mobilität","Straßenverwaltung und Straßenbau","Förderung von (Elektro-)Transportfahrrädern, ""Spezialfahrrädern"" und ""Grätzlrädern""","1040",1000,1,2024
"Innovation, Stadtplanung und Mobilität","Straßenverwaltung und Straßenbau","Förderung von (Elektro-)Transportfahrrädern, ""Spezialfahrrädern"" und ""Grätzlrädern""","1100",346.88,1,2024
"Innovation, Stadtplanung und Mobilität","Straßenverwaltung und Straßenbau","Förderung von (Elektro-)Transportfahrrädern, ""Spezialfahrrädern"" und ""Grätzlrädern""","1020",1000,1,2024
"Innovation, Stadtplanung und Mobilität","Straßenverwaltung und Straßenbau","Förderung von (Elektro-)Transportfahrrädern, ""Spezialfahrrädern"" und ""Grätzlrädern""","1020",1000,1,2024
"Innovation, Stadtplanung und Mobilität","Straßenverwaltung und Straßenbau","Förderung von (Elektro-)Transportfahrrädern, ""Spezialfahrrädern"" und ""Grätzlrädern""","1230",1000,1,2024
"Innovation, Stadtplanung und Mobilität","Straßenverwaltung und Straßenbau","Förderung von (Elektro-)Transportfahrrädern, ""Spezialfahrrädern"" und ""Grätzlrädern""","1190",1000,1,2024
"Innovation, Stadtplanung und Mobilität","Straßenverwaltung und Straßenbau","Förderung von (Elektro-)Transportfahrrädern, ""Spezialfahrrädern"" und ""Grätzlrädern""","1020",1000,1,2024
"Innovation, Stadtplanung und Mobilität","Straßenverwaltung und Straßenbau","Förderung von (Elektro-)Transportfahrrädern, ""Spezialfahrrädern"" und ""Grätzlrädern""","1090",1000,1,2024
"Innovation, Stadtplanung und Mobilität","Straßenverwaltung und Straßenbau","Förderung von (Elektro-)Transportfahrrädern, ""Spezialfahrrädern"" und ""Grätzlrädern""","1090",3850,1,2024
"Innovation, Stadtplanung und Mobilität","Straßenverwaltung und Straßenbau","Förderung von (Elektro-)Transportfahrrädern, ""Spezialfahrrädern"" und ""Grätzlrädern""","1080",3207.5,1,2024
"Innovation, Stadtplanung und Mobilität","Straßenverwaltung und Straßenbau","Förderung von (Elektro-)Transportfahrrädern, ""Spezialfahrrädern"" und ""Grätzlrädern""","1020",1000,1,2024
"Innovation, Stadtplanung und Mobilität","Straßenverwaltung und Straßenbau","Förderung von (Elektro-)Transportfahrrädern, ""Spezialfahrrädern"" und ""Grätzlrädern""","1020",1000,1,2024
"Innovation, Stadtplanung und Mobilität","Straßenverwaltung und Straßenbau","Förderung der Errichtung von Fahrrad- und Scooterabstellanlagen auf nicht öffentlichem Grund","1120",1040,1,2024
"Innovation, Stadtplanung und Mobilität","Straßenverwaltung und Straßenbau","Förderung von (Elektro-)Transportfahrrädern, ""Spezialfahrrädern"" und ""Grätzlrädern""","1160",1000,1,2024
"Innovation, Stadtplanung und Mobilität","Straßenverwaltung und Straßenbau","Förderung von (Elektro-)Transportfahrrädern, ""Spezialfahrrädern"" und ""Grätzlrädern""","1070",1000,1,2024
"Innovation, Stadtplanung und Mobilität","Straßenverwaltung und Straßenbau","Förderung von (Elektro-)Transportfahrrädern, ""Spezialfahrrädern"" und ""Grätzlrädern""","1140",1000,1,2024
"Innovation, Stadtplanung und Mobilität","Straßenverwaltung und Straßenbau","Förderung von (Elektro-)Transportfahrrädern, ""Spezialfahrrädern"" und ""Grätzlrädern""","1020",1000,1,2024
"Innovation, Stadtplanung und Mobilität","Straßenverwaltung und Straßenbau","Förderung der Errichtung von Fahrrad- und Scooterabstellanlagen auf nicht öffentlichem Grund","1030",801,1,2024
"Innovation, Stadtplanung und Mobilität","Straßenverwaltung und Straßenbau","Förderung von (Elektro-)Transportfahrrädern, ""Spezialfahrrädern"" und ""Grätzlrädern""","1020",1000,1,2024
"Innovation, Stadtplanung und Mobilität","Straßenverwaltung und Straßenbau","Förderung von (Elektro-)Transportfahrrädern, ""Spezialfahrrädern"" und ""Grätzlrädern""","1160",1000,1,2024
"Innovation, Stadtplanung und Mobilität","Straßenverwaltung und Straßenbau","Förderung von (Elektro-)Transportfahrrädern, ""Spezialfahrrädern"" und ""Grätzlrädern""","1220",1000,1,2024
"Innovation, Stadtplanung und Mobilität","Straßenverwaltung und Straßenbau","Förderung von (Elektro-)Transportfahrrädern, ""Spezialfahrrädern"" und ""Grätzlrädern""","1170",1000,1,2024
"Innovation, Stadtplanung und Mobilität","Straßenverwaltung und Straßenbau","Förderung von (Elektro-)Transportfahrrädern, ""Spezialfahrrädern"" und ""Grätzlrädern""","1030",1000,1,2024
"Innovation, Stadtplanung und Mobilität","Straßenverwaltung und Straßenbau","Förderung von (Elektro-)Transportfahrrädern, ""Spezialfahrrädern"" und ""Grätzlrädern""","1120",1000,1,2024
"Innovation, Stadtplanung und Mobilität","Straßenverwaltung und Straßenbau","Förderung von (Elektro-)Transportfahrrädern, ""Spezialfahrrädern"" und ""Grätzlrädern""","1210",1000,1,2024
"Innovation, Stadtplanung und Mobilität","Straßenverwaltung und Straßenbau","Förderung von (Elektro-)Transportfahrrädern, ""Spezialfahrrädern"" und ""Grätzlrädern""","1080",1000,1,2024
"Innovation, Stadtplanung und Mobilität","Straßenverwaltung und Straßenbau","Förderung von (Elektro-)Transportfahrrädern, ""Spezialfahrrädern"" und ""Grätzlrädern""","1170",1000,1,2024
"Innovation, Stadtplanung und Mobilität","Straßenverwaltung und Straßenbau","Förderung von (Elektro-)Transportfahrrädern, ""Spezialfahrrädern"" und ""Grätzlrädern""","1160",1000,1,2024
"Innovation, Stadtplanung und Mobilität","Straßenverwaltung und Straßenbau","Förderung von (Elektro-)Transportfahrrädern, ""Spezialfahrrädern"" und ""Grätzlrädern""","1230",1000,1,2024
"Innovation, Stadtplanung und Mobilität","Straßenverwaltung und Straßenbau","Förderung von (Elektro-)Transportfahrrädern, ""Spezialfahrrädern"" und ""Grätzlrädern""","1140",1000,1,2024
"Innovation, Stadtplanung und Mobilität","Straßenverwaltung und Straßenbau","Förderung von (Elektro-)Transportfahrrädern, ""Spezialfahrrädern"" und ""Grätzlrädern""","1190",1000,1,2024
"Innovation, Stadtplanung und Mobilität","Straßenverwaltung und Straßenbau","Förderung von (Elektro-)Transportfahrrädern, ""Spezialfahrrädern"" und ""Grätzlrädern""","1010",4000,1,2024
"Innovation, Stadtplanung und Mobilität","Straßenverwaltung und Straßenbau","Förderung der Errichtung von Fahrrad- und Scooterabstellanlagen auf nicht öffentlichem Grund","1160",416,1,2024
"Innovation, Stadtplanung und Mobilität","Straßenverwaltung und Straßenbau","Förderung von (Elektro-)Transportfahrrädern, ""Spezialfahrrädern"" und ""Grätzlrädern""","1050",1000,1,2024
"Innovation, Stadtplanung und Mobilität","Straßenverwaltung und Straßenbau","Förderung von (Elektro-)Transportfahrrädern, ""Spezialfahrrädern"" und ""Grätzlrädern""","1170",1000,1,2024
"Innovation, Stadtplanung und Mobilität","Straßenverwaltung und Straßenbau","Förderung von (Elektro-)Transportfahrrädern, ""Spezialfahrrädern"" und ""Grätzlrädern""","1200",1000,1,2024
"Innovation, Stadtplanung und Mobilität","Straßenverwaltung und Straßenbau","Förderung von (Elektro-)Transportfahrrädern, ""Spezialfahrrädern"" und ""Grätzlrädern""","1020",829.17,1,2024
"Innovation, Stadtplanung und Mobilität","Straßenverwaltung und Straßenbau","Förderung von (Elektro-)Transportfahrrädern, ""Spezialfahrrädern"" und ""Grätzlrädern""","1030",1000,1,2024
"Innovation, Stadtplanung und Mobilität","Straßenverwaltung und Straßenbau","Förderung von (Elektro-)Transportfahrrädern, ""Spezialfahrrädern"" und ""Grätzlrädern""","1170",1000,1,2024
"Innovation, Stadtplanung und Mobilität","Straßenverwaltung und Straßenbau","Förderung von (Elektro-)Transportfahrrädern, ""Spezialfahrrädern"" und ""Grätzlrädern""","1100",1000,1,2024
"Innovation, Stadtplanung und Mobilität","Straßenverwaltung und Straßenbau","Förderung von (Elektro-)Transportfahrrädern, ""Spezialfahrrädern"" und ""Grätzlrädern""","1030",800,1,2024
"Innovation, Stadtplanung und Mobilität","Straßenverwaltung und Straßenbau","Förderung von (Elektro-)Transportfahrrädern, ""Spezialfahrrädern"" und ""Grätzlrädern""","1040",1000,1,2024
"Innovation, Stadtplanung und Mobilität","Straßenverwaltung und Straßenbau","Förderung von (Elektro-)Transportfahrrädern, ""Spezialfahrrädern"" und ""Grätzlrädern""","1030",1000,1,2024
"Innovation, Stadtplanung und Mobilität","Straßenverwaltung und Straßenbau","Förderung von (Elektro-)Transportfahrrädern, ""Spezialfahrrädern"" und ""Grätzlrädern""","1020",1000,1,2024
"Innovation, Stadtplanung und Mobilität","Straßenverwaltung und Straßenbau","Förderung von (Elektro-)Transportfahrrädern, ""Spezialfahrrädern"" und ""Grätzlrädern""","1040",1000,1,2024
"Innovation, Stadtplanung und Mobilität","Straßenverwaltung und Straßenbau","Förderung von (Elektro-)Transportfahrrädern, ""Spezialfahrrädern"" und ""Grätzlrädern""","1040",1000,1,2024
"Innovation, Stadtplanung und Mobilität","Straßenverwaltung und Straßenbau","Förderung von (Elektro-)Transportfahrrädern, ""Spezialfahrrädern"" und ""Grätzlrädern""","1040",1000,1,2024
"Innovation, Stadtplanung und Mobilität","Straßenverwaltung und Straßenbau","Förderung von (Elektro-)Transportfahrrädern, ""Spezialfahrrädern"" und ""Grätzlrädern""","1200",416.25,1,2024
"Innovation, Stadtplanung und Mobilität","Straßenverwaltung und Straßenbau","Förderung von (Elektro-)Transportfahrrädern, ""Spezialfahrrädern"" und ""Grätzlrädern""","1190",1000,1,2024
"Innovation, Stadtplanung und Mobilität","Straßenverwaltung und Straßenbau","Förderung von (Elektro-)Transportfahrrädern, ""Spezialfahrrädern"" und ""Grätzlrädern""","1030",1000,1,2024
"Innovation, Stadtplanung und Mobilität","Straßenverwaltung und Straßenbau","Förderung von (Elektro-)Transportfahrrädern, ""Spezialfahrrädern"" und ""Grätzlrädern""","1100",1000,1,2024
"Innovation, Stadtplanung und Mobilität","Straßenverwaltung und Straßenbau","Förderung von (Elektro-)Transportfahrrädern, ""Spezialfahrrädern"" und ""Grätzlrädern""","1130",1000,1,2024
"Innovation, Stadtplanung und Mobilität","Straßenverwaltung und Straßenbau","Förderung von (Elektro-)Transportfahrrädern, ""Spezialfahrrädern"" und ""Grätzlrädern""","1030",1000,1,2024
"Innovation, Stadtplanung und Mobilität","Straßenverwaltung und Straßenbau","Förderung der Errichtung von Fahrrad- und Scooterabstellanlagen auf nicht öffentlichem Grund","1130",624,1,2024
"Innovation, Stadtplanung und Mobilität","Straßenverwaltung und Straßenbau","Förderung der Errichtung von Fahrrad- und Scooterabstellanlagen auf nicht öffentlichem Grund","1150",2070,1,2024
"Innovation, Stadtplanung und Mobilität","Straßenverwaltung und Straßenbau","Förderung von (Elektro-)Transportfahrrädern, ""Spezialfahrrädern"" und ""Grätzlrädern""","1230",1000,1,2024
"Innovation, Stadtplanung und Mobilität","Straßenverwaltung und Straßenbau","Förderung von (Elektro-)Transportfahrrädern, ""Spezialfahrrädern"" und ""Grätzlrädern""","1100",1000,1,2024
"Innovation, Stadtplanung und Mobilität","Straßenverwaltung und Straßenbau","Förderung von (Elektro-)Transportfahrrädern, ""Spezialfahrrädern"" und ""Grätzlrädern""","1070",1000,1,2024
"Innovation, Stadtplanung und Mobilität","Straßenverwaltung und Straßenbau","Förderung von (Elektro-)Transportfahrrädern, ""Spezialfahrrädern"" und ""Grätzlrädern""","1200",800,1,2024
"Innovation, Stadtplanung und Mobilität","Straßenverwaltung und Straßenbau","Förderung von (Elektro-)Transportfahrrädern, ""Spezialfahrrädern"" und ""Grätzlrädern""","1020",1000,1,2024
"Innovation, Stadtplanung und Mobilität","Straßenverwaltung und Straßenbau","Förderung von (Elektro-)Transportfahrrädern, ""Spezialfahrrädern"" und ""Grätzlrädern""","1020",1000,1,2024
"Innovation, Stadtplanung und Mobilität","Straßenverwaltung und Straßenbau","Förderung von (Elektro-)Transportfahrrädern, ""Spezialfahrrädern"" und ""Grätzlrädern""","1060",1000,1,2024
"Innovation, Stadtplanung und Mobilität","Straßenverwaltung und Straßenbau","Förderung von (Elektro-)Transportfahrrädern, ""Spezialfahrrädern"" und ""Grätzlrädern""","1190",1000,1,2024
"Innovation, Stadtplanung und Mobilität","Straßenverwaltung und Straßenbau","Förderung von (Elektro-)Transportfahrrädern, ""Spezialfahrrädern"" und ""Grätzlrädern""","1030",1000,1,2024
"Innovation, Stadtplanung und Mobilität","Straßenverwaltung und Straßenbau","Förderung von (Elektro-)Transportfahrrädern, ""Spezialfahrrädern"" und ""Grätzlrädern""","1210",1000,1,2024
"Innovation, Stadtplanung und Mobilität","Straßenverwaltung und Straßenbau","Förderung von (Elektro-)Transportfahrrädern, ""Spezialfahrrädern"" und ""Grätzlrädern""","1190",1000,1,2024
"Innovation, Stadtplanung und Mobilität","Straßenverwaltung und Straßenbau","Förderung von (Elektro-)Transportfahrrädern, ""Spezialfahrrädern"" und ""Grätzlrädern""","1200",1000,1,2024
"Innovation, Stadtplanung und Mobilität","Straßenverwaltung und Straßenbau","Förderung von (Elektro-)Transportfahrrädern, ""Spezialfahrrädern"" und ""Grätzlrädern""","1020",1000,1,2024
"Innovation, Stadtplanung und Mobilität","Straßenverwaltung und Straßenbau","Förderung von (Elektro-)Transportfahrrädern, ""Spezialfahrrädern"" und ""Grätzlrädern""","1160",1000,1,2024
"Innovation, Stadtplanung und Mobilität","Straßenverwaltung und Straßenbau","Förderung von (Elektro-)Transportfahrrädern, ""Spezialfahrrädern"" und ""Grätzlrädern""","1070",1000,1,2024
"Innovation, Stadtplanung und Mobilität","Straßenverwaltung und Straßenbau","Förderung von (Elektro-)Transportfahrrädern, ""Spezialfahrrädern"" und ""Grätzlrädern""","1020",1000,1,2024
"Innovation, Stadtplanung und Mobilität","Straßenverwaltung und Straßenbau","Förderung von (Elektro-)Transportfahrrädern, ""Spezialfahrrädern"" und ""Grätzlrädern""","1200",1000,1,2024
"Innovation, Stadtplanung und Mobilität","Straßenverwaltung und Straßenbau","Förderung von (Elektro-)Transportfahrrädern, ""Spezialfahrrädern"" und ""Grätzlrädern""","1100",1000,1,2024
"Innovation, Stadtplanung und Mobilität","Straßenverwaltung und Straßenbau","Förderung von (Elektro-)Transportfahrrädern, ""Spezialfahrrädern"" und ""Grätzlrädern""","1020",1000,1,2024
"Innovation, Stadtplanung und Mobilität","Straßenverwaltung und Straßenbau","Förderung von (Elektro-)Transportfahrrädern, ""Spezialfahrrädern"" und ""Grätzlrädern""","1020",1000,1,2024
"Innovation, Stadtplanung und Mobilität","Straßenverwaltung und Straßenbau","Förderung von (Elektro-)Transportfahrrädern, ""Spezialfahrrädern"" und ""Grätzlrädern""","1020",1000,1,2024
"Innovation, Stadtplanung und Mobilität","Straßenverwaltung und Straßenbau","Förderung von (Elektro-)Transportfahrrädern, ""Spezialfahrrädern"" und ""Grätzlrädern""","1110",1000,1,2024
"Innovation, Stadtplanung und Mobilität","Straßenverwaltung und Straßenbau","Förderung von (Elektro-)Transportfahrrädern, ""Spezialfahrrädern"" und ""Grätzlrädern""","1120",1000,1,2024
"Innovation, Stadtplanung und Mobilität","Straßenverwaltung und Straßenbau","Förderung von (Elektro-)Transportfahrrädern, ""Spezialfahrrädern"" und ""Grätzlrädern""","1030",507.92,1,2024
"Innovation, Stadtplanung und Mobilität","Straßenverwaltung und Straßenbau","Förderung von (Elektro-)Transportfahrrädern, ""Spezialfahrrädern"" und ""Grätzlrädern""","1200",1000,1,2024
"Innovation, Stadtplanung und Mobilität","Straßenverwaltung und Straßenbau","Förderung von (Elektro-)Transportfahrrädern, ""Spezialfahrrädern"" und ""Grätzlrädern""","1030",1000,1,2024
"Innovation, Stadtplanung und Mobilität","Straßenverwaltung und Straßenbau","Förderung von (Elektro-)Transportfahrrädern, ""Spezialfahrrädern"" und ""Grätzlrädern""","1010",1000,1,2024
"Innovation, Stadtplanung und Mobilität","Straßenverwaltung und Straßenbau","Förderung von (Elektro-)Transportfahrrädern, ""Spezialfahrrädern"" und ""Grätzlrädern""","1140",800,1,2024
"Innovation, Stadtplanung und Mobilität","Straßenverwaltung und Straßenbau","Förderung der Errichtung von Fahrrad- und Scooterabstellanlagen auf nicht öffentlichem Grund","1020",3564,1,2024
"Innovation, Stadtplanung und Mobilität","Straßenverwaltung und Straßenbau","Förderung von (Elektro-)Transportfahrrädern, ""Spezialfahrrädern"" und ""Grätzlrädern""","1020",1000,1,2024
"Innovation, Stadtplanung und Mobilität","Straßenverwaltung und Straßenbau","Förderung von (Elektro-)Transportfahrrädern, ""Spezialfahrrädern"" und ""Grätzlrädern""","1200",1000,1,2024
"Innovation, Stadtplanung und Mobilität","Straßenverwaltung und Straßenbau","Förderung der Errichtung von Fahrrad- und Scooterabstellanlagen auf nicht öffentlichem Grund","1100",832,1,2024
"Innovation, Stadtplanung und Mobilität","Straßenverwaltung und Straßenbau","Förderung von (Elektro-)Transportfahrrädern, ""Spezialfahrrädern"" und ""Grätzlrädern""","1090",1000,1,2024
"Innovation, Stadtplanung und Mobilität","Straßenverwaltung und Straßenbau","Förderung von (Elektro-)Transportfahrrädern, ""Spezialfahrrädern"" und ""Grätzlrädern""","1140",1000,1,2024
"Innovation, Stadtplanung und Mobilität","Straßenverwaltung und Straßenbau","Förderung von (Elektro-)Transportfahrrädern, ""Spezialfahrrädern"" und ""Grätzlrädern""","1030",1000,1,2024
"Innovation, Stadtplanung und Mobilität","Straßenverwaltung und Straßenbau","Förderung von (Elektro-)Transportfahrrädern, ""Spezialfahrrädern"" und ""Grätzlrädern""","1130",1000,1,2024
"Innovation, Stadtplanung und Mobilität","Straßenverwaltung und Straßenbau","Förderung von (Elektro-)Transportfahrrädern, ""Spezialfahrrädern"" und ""Grätzlrädern""","1160",1000,1,2024
"Innovation, Stadtplanung und Mobilität","Straßenverwaltung und Straßenbau","Förderung von (Elektro-)Transportfahrrädern, ""Spezialfahrrädern"" und ""Grätzlrädern""","1170",1000,1,2024
"Innovation, Stadtplanung und Mobilität","Straßenverwaltung und Straßenbau","Förderung von (Elektro-)Transportfahrrädern, ""Spezialfahrrädern"" und ""Grätzlrädern""","1190",1000,1,2024
"Innovation, Stadtplanung und Mobilität","Straßenverwaltung und Straßenbau","Förderung von (Elektro-)Transportfahrrädern, ""Spezialfahrrädern"" und ""Grätzlrädern""","1200",1000,1,2024
"Innovation, Stadtplanung und Mobilität","Straßenverwaltung und Straßenbau","Förderung von (Elektro-)Transportfahrrädern, ""Spezialfahrrädern"" und ""Grätzlrädern""","1020",1000,1,2024
"Innovation, Stadtplanung und Mobilität","Straßenverwaltung und Straßenbau","Förderung von (Elektro-)Transportfahrrädern, ""Spezialfahrrädern"" und ""Grätzlrädern""","1020",1000,1,2024
"Innovation, Stadtplanung und Mobilität","Straßenverwaltung und Straßenbau","Förderung von (Elektro-)Transportfahrrädern, ""Spezialfahrrädern"" und ""Grätzlrädern""","1030",1000,1,2024
"Innovation, Stadtplanung und Mobilität","Straßenverwaltung und Straßenbau","Förderung von (Elektro-)Transportfahrrädern, ""Spezialfahrrädern"" und ""Grätzlrädern""","1200",1000,1,2024
"Innovation, Stadtplanung und Mobilität","Straßenverwaltung und Straßenbau","Förderung von (Elektro-)Transportfahrrädern, ""Spezialfahrrädern"" und ""Grätzlrädern""","1160",1000,1,2024
"Innovation, Stadtplanung und Mobilität","Straßenverwaltung und Straßenbau","Förderung von (Elektro-)Transportfahrrädern, ""Spezialfahrrädern"" und ""Grätzlrädern""","1140",1000,1,2024
"Innovation, Stadtplanung und Mobilität","Straßenverwaltung und Straßenbau","Förderung der Errichtung von Fahrrad- und Scooterabstellanlagen auf nicht öffentlichem Grund","1160",1656,1,2024
"Innovation, Stadtplanung und Mobilität","Straßenverwaltung und Straßenbau","Förderung von (Elektro-)Transportfahrrädern, ""Spezialfahrrädern"" und ""Grätzlrädern""","1150",3865.83,1,2024
"Innovation, Stadtplanung und Mobilität","Straßenverwaltung und Straßenbau","Förderung von (Elektro-)Transportfahrrädern, ""Spezialfahrrädern"" und ""Grätzlrädern""","1110",1000,1,2024
"Innovation, Stadtplanung und Mobilität","Straßenverwaltung und Straßenbau","Förderung von (Elektro-)Transportfahrrädern, ""Spezialfahrrädern"" und ""Grätzlrädern""","1020",1000,1,2024
"Innovation, Stadtplanung und Mobilität","Straßenverwaltung und Straßenbau","Förderung von (Elektro-)Transportfahrrädern, ""Spezialfahrrädern"" und ""Grätzlrädern""","1030",1000,1,2024
"Innovation, Stadtplanung und Mobilität","Straßenverwaltung und Straßenbau","Förderung von (Elektro-)Transportfahrrädern, ""Spezialfahrrädern"" und ""Grätzlrädern""","1140",1000,1,2024
"Innovation, Stadtplanung und Mobilität","Straßenverwaltung und Straßenbau","Förderung von (Elektro-)Transportfahrrädern, ""Spezialfahrrädern"" und ""Grätzlrädern""","1020",1000,1,2024
"Innovation, Stadtplanung und Mobilität","Straßenverwaltung und Straßenbau","Förderung von (Elektro-)Transportfahrrädern, ""Spezialfahrrädern"" und ""Grätzlrädern""","1180",812.5,1,2024
"Innovation, Stadtplanung und Mobilität","Straßenverwaltung und Straßenbau","Förderung von (Elektro-)Transportfahrrädern, ""Spezialfahrrädern"" und ""Grätzlrädern""","1170",800,1,2024
"Innovation, Stadtplanung und Mobilität","Straßenverwaltung und Straßenbau","Förderung von (Elektro-)Transportfahrrädern, ""Spezialfahrrädern"" und ""Grätzlrädern""","1220",770.83,1,2024
"Innovation, Stadtplanung und Mobilität","Straßenverwaltung und Straßenbau","Förderung von (Elektro-)Transportfahrrädern, ""Spezialfahrrädern"" und ""Grätzlrädern""","1040",1000,1,2024
"Innovation, Stadtplanung und Mobilität","Straßenverwaltung und Straßenbau","Förderung von (Elektro-)Transportfahrrädern, ""Spezialfahrrädern"" und ""Grätzlrädern""","1180",1000,1,2024
"Innovation, Stadtplanung und Mobilität","Straßenverwaltung und Straßenbau","Förderung von (Elektro-)Transportfahrrädern, ""Spezialfahrrädern"" und ""Grätzlrädern""","1020",1000,1,2024
"Innovation, Stadtplanung und Mobilität","Straßenverwaltung und Straßenbau","Förderung von (Elektro-)Transportfahrrädern, ""Spezialfahrrädern"" und ""Grätzlrädern""","1050",1000,1,2024
"Innovation, Stadtplanung und Mobilität","Straßenverwaltung und Straßenbau","Förderung von (Elektro-)Transportfahrrädern, ""Spezialfahrrädern"" und ""Grätzlrädern""","1140",1000,1,2024
"Innovation, Stadtplanung und Mobilität","Straßenverwaltung und Straßenbau","Förderung von (Elektro-)Transportfahrrädern, ""Spezialfahrrädern"" und ""Grätzlrädern""","1180",1000,1,2024
"Innovation, Stadtplanung und Mobilität","Straßenverwaltung und Straßenbau","Förderung von (Elektro-)Transportfahrrädern, ""Spezialfahrrädern"" und ""Grätzlrädern""","1210",1000,1,2024
"Innovation, Stadtplanung und Mobilität","Straßenverwaltung und Straßenbau","Förderung von (Elektro-)Transportfahrrädern, ""Spezialfahrrädern"" und ""Grätzlrädern""","1070",1000,1,2024
"Innovation, Stadtplanung und Mobilität","Straßenverwaltung und Straßenbau","Förderung von (Elektro-)Transportfahrrädern, ""Spezialfahrrädern"" und ""Grätzlrädern""","1020",757.92,1,2024
"Innovation, Stadtplanung und Mobilität","Straßenverwaltung und Straßenbau","Förderung von (Elektro-)Transportfahrrädern, ""Spezialfahrrädern"" und ""Grätzlrädern""","1020",1000,1,2024
"Innovation, Stadtplanung und Mobilität","Straßenverwaltung und Straßenbau","Förderung von (Elektro-)Transportfahrrädern, ""Spezialfahrrädern"" und ""Grätzlrädern""","1120",1000,1,2024
"Innovation, Stadtplanung und Mobilität","Straßenverwaltung und Straßenbau","Förderung von (Elektro-)Transportfahrrädern, ""Spezialfahrrädern"" und ""Grätzlrädern""","1100",1000,1,2024
"Innovation, Stadtplanung und Mobilität","Straßenverwaltung und Straßenbau","Förderung von (Elektro-)Transportfahrrädern, ""Spezialfahrrädern"" und ""Grätzlrädern""","1100",800,1,2024
"Innovation, Stadtplanung und Mobilität","Straßenverwaltung und Straßenbau","Förderung von (Elektro-)Transportfahrrädern, ""Spezialfahrrädern"" und ""Grätzlrädern""","1020",1000,1,2024
"Innovation, Stadtplanung und Mobilität","Straßenverwaltung und Straßenbau","Förderung von (Elektro-)Transportfahrrädern, ""Spezialfahrrädern"" und ""Grätzlrädern""","1060",1000,1,2024
"Innovation, Stadtplanung und Mobilität","Straßenverwaltung und Straßenbau","Förderung von (Elektro-)Transportfahrrädern, ""Spezialfahrrädern"" und ""Grätzlrädern""","1230",1000,1,2024
"Innovation, Stadtplanung und Mobilität","Straßenverwaltung und Straßenbau","Förderung von (Elektro-)Transportfahrrädern, ""Spezialfahrrädern"" und ""Grätzlrädern""","1130",1000,1,2024
"Innovation, Stadtplanung und Mobilität","Straßenverwaltung und Straßenbau","Förderung von (Elektro-)Transportfahrrädern, ""Spezialfahrrädern"" und ""Grätzlrädern""","1020",1000,1,2024
"Innovation, Stadtplanung und Mobilität","Straßenverwaltung und Straßenbau","Förderung von (Elektro-)Transportfahrrädern, ""Spezialfahrrädern"" und ""Grätzlrädern""","1170",1000,1,2024
"Innovation, Stadtplanung und Mobilität","Straßenverwaltung und Straßenbau","Förderung von (Elektro-)Transportfahrrädern, ""Spezialfahrrädern"" und ""Grätzlrädern""","1130",1000,1,2024
"Innovation, Stadtplanung und Mobilität","Straßenverwaltung und Straßenbau","Förderung von (Elektro-)Transportfahrrädern, ""Spezialfahrrädern"" und ""Grätzlrädern""","1020",1000,1,2024
"Innovation, Stadtplanung und Mobilität","Straßenverwaltung und Straßenbau","Förderung von (Elektro-)Transportfahrrädern, ""Spezialfahrrädern"" und ""Grätzlrädern""","1030",1000,1,2024
"Innovation, Stadtplanung und Mobilität","Straßenverwaltung und Straßenbau","Förderung von (Elektro-)Transportfahrrädern, ""Spezialfahrrädern"" und ""Grätzlrädern""","1040",1000,1,2024
"Innovation, Stadtplanung und Mobilität","Straßenverwaltung und Straßenbau","Förderung von (Elektro-)Transportfahrrädern, ""Spezialfahrrädern"" und ""Grätzlrädern""","1180",1000,1,2024
"Innovation, Stadtplanung und Mobilität","Straßenverwaltung und Straßenbau","Förderung von (Elektro-)Transportfahrrädern, ""Spezialfahrrädern"" und ""Grätzlrädern""","1020",1000,1,2024
"Innovation, Stadtplanung und Mobilität","Straßenverwaltung und Straßenbau","Förderung von (Elektro-)Transportfahrrädern, ""Spezialfahrrädern"" und ""Grätzlrädern""","1100",1000,1,2024
"Innovation, Stadtplanung und Mobilität","Straßenverwaltung und Straßenbau","Förderung von (Elektro-)Transportfahrrädern, ""Spezialfahrrädern"" und ""Grätzlrädern""","1110",1000,1,2024
"Innovation, Stadtplanung und Mobilität","Straßenverwaltung und Straßenbau","Förderung von (Elektro-)Transportfahrrädern, ""Spezialfahrrädern"" und ""Grätzlrädern""","1060",1000,1,2024
"Innovation, Stadtplanung und Mobilität","Straßenverwaltung und Straßenbau","Förderung von (Elektro-)Transportfahrrädern, ""Spezialfahrrädern"" und ""Grätzlrädern""","1020",1000,1,2024
"Innovation, Stadtplanung und Mobilität","Straßenverwaltung und Straßenbau","Förderung von (Elektro-)Transportfahrrädern, ""Spezialfahrrädern"" und ""Grätzlrädern""","1220",416.25,1,2024
"Innovation, Stadtplanung und Mobilität","Straßenverwaltung und Straßenbau","Förderung von (Elektro-)Transportfahrrädern, ""Spezialfahrrädern"" und ""Grätzlrädern""","1200",1000,1,2024
"Innovation, Stadtplanung und Mobilität","Straßenverwaltung und Straßenbau","Förderung von (Elektro-)Transportfahrrädern, ""Spezialfahrrädern"" und ""Grätzlrädern""","1120",1000,1,2024
"Innovation, Stadtplanung und Mobilität","Straßenverwaltung und Straßenbau","Förderung von (Elektro-)Transportfahrrädern, ""Spezialfahrrädern"" und ""Grätzlrädern""","1070",1000,1,2024
"Innovation, Stadtplanung und Mobilität","Straßenverwaltung und Straßenbau","Förderung von (Elektro-)Transportfahrrädern, ""Spezialfahrrädern"" und ""Grätzlrädern""","1110",1000,1,2024
"Innovation, Stadtplanung und Mobilität","Straßenverwaltung und Straßenbau","Förderung von (Elektro-)Transportfahrrädern, ""Spezialfahrrädern"" und ""Grätzlrädern""","1100",1000,1,2024
"Innovation, Stadtplanung und Mobilität","Straßenverwaltung und Straßenbau","Förderung von (Elektro-)Transportfahrrädern, ""Spezialfahrrädern"" und ""Grätzlrädern""","1220",1000,1,2024
"Innovation, Stadtplanung und Mobilität","Straßenverwaltung und Straßenbau","Förderung von (Elektro-)Transportfahrrädern, ""Spezialfahrrädern"" und ""Grätzlrädern""","1220",1000,1,2024
"Innovation, Stadtplanung und Mobilität","Straßenverwaltung und Straßenbau","Förderung von (Elektro-)Transportfahrrädern, ""Spezialfahrrädern"" und ""Grätzlrädern""","1150",1000,1,2024
"Innovation, Stadtplanung und Mobilität","Straßenverwaltung und Straßenbau","Förderung von (Elektro-)Transportfahrrädern, ""Spezialfahrrädern"" und ""Grätzlrädern""","1020",1000,1,2024
"Innovation, Stadtplanung und Mobilität","Straßenverwaltung und Straßenbau","Förderung von (Elektro-)Transportfahrrädern, ""Spezialfahrrädern"" und ""Grätzlrädern""","1190",1000,1,2024
"Innovation, Stadtplanung und Mobilität","Straßenverwaltung und Straßenbau","Förderung von (Elektro-)Transportfahrrädern, ""Spezialfahrrädern"" und ""Grätzlrädern""","1230",1000,1,2024
"Innovation, Stadtplanung und Mobilität","Straßenverwaltung und Straßenbau","Förderung von (Elektro-)Transportfahrrädern, ""Spezialfahrrädern"" und ""Grätzlrädern""","1030",1000,1,2024
"Innovation, Stadtplanung und Mobilität","Straßenverwaltung und Straßenbau","Förderung von (Elektro-)Transportfahrrädern, ""Spezialfahrrädern"" und ""Grätzlrädern""","1230",1000,1,2024
"Innovation, Stadtplanung und Mobilität","Straßenverwaltung und Straßenbau","Förderung von (Elektro-)Transportfahrrädern, ""Spezialfahrrädern"" und ""Grätzlrädern""","1230",1000,1,2024
"Innovation, Stadtplanung und Mobilität","Straßenverwaltung und Straßenbau","Förderung von (Elektro-)Transportfahrrädern, ""Spezialfahrrädern"" und ""Grätzlrädern""","1020",1000,1,2024
"Innovation, Stadtplanung und Mobilität","Straßenverwaltung und Straßenbau","Förderung von (Elektro-)Transportfahrrädern, ""Spezialfahrrädern"" und ""Grätzlrädern""","1230",1000,1,2024
"Innovation, Stadtplanung und Mobilität","Straßenverwaltung und Straßenbau","Förderung von (Elektro-)Transportfahrrädern, ""Spezialfahrrädern"" und ""Grätzlrädern""","1200",1000,1,2024
"Innovation, Stadtplanung und Mobilität","Straßenverwaltung und Straßenbau","Förderung von (Elektro-)Transportfahrrädern, ""Spezialfahrrädern"" und ""Grätzlrädern""","1080",1000,1,2024
"Innovation, Stadtplanung und Mobilität","Straßenverwaltung und Straßenbau","Förderung von (Elektro-)Transportfahrrädern, ""Spezialfahrrädern"" und ""Grätzlrädern""","1090",1000,1,2024
"Innovation, Stadtplanung und Mobilität","Straßenverwaltung und Straßenbau","Förderung von (Elektro-)Transportfahrrädern, ""Spezialfahrrädern"" und ""Grätzlrädern""","1190",1000,1,2024
"Innovation, Stadtplanung und Mobilität","Straßenverwaltung und Straßenbau","Förderung von (Elektro-)Transportfahrrädern, ""Spezialfahrrädern"" und ""Grätzlrädern""","1230",1000,1,2024
"Innovation, Stadtplanung und Mobilität","Straßenverwaltung und Straßenbau","Förderung von (Elektro-)Transportfahrrädern, ""Spezialfahrrädern"" und ""Grätzlrädern""","1130",1000,1,2024
"Innovation, Stadtplanung und Mobilität","Straßenverwaltung und Straßenbau","Förderung von (Elektro-)Transportfahrrädern, ""Spezialfahrrädern"" und ""Grätzlrädern""","1030",1000,1,2024
"Innovation, Stadtplanung und Mobilität","Straßenverwaltung und Straßenbau","Förderung von (Elektro-)Transportfahrrädern, ""Spezialfahrrädern"" und ""Grätzlrädern""","1020",1000,1,2024
"Innovation, Stadtplanung und Mobilität","Straßenverwaltung und Straßenbau","Förderung von (Elektro-)Transportfahrrädern, ""Spezialfahrrädern"" und ""Grätzlrädern""","1140",1000,1,2024
"Innovation, Stadtplanung und Mobilität","Straßenverwaltung und Straßenbau","Förderung von (Elektro-)Transportfahrrädern, ""Spezialfahrrädern"" und ""Grätzlrädern""","1100",800,1,2024
"Innovation, Stadtplanung und Mobilität","Straßenverwaltung und Straßenbau","Förderung von (Elektro-)Transportfahrrädern, ""Spezialfahrrädern"" und ""Grätzlrädern""","1130",1000,1,2024
"Innovation, Stadtplanung und Mobilität","Straßenverwaltung und Straßenbau","Förderung von (Elektro-)Transportfahrrädern, ""Spezialfahrrädern"" und ""Grätzlrädern""","1130",1000,1,2024
"Innovation, Stadtplanung und Mobilität","Straßenverwaltung und Straßenbau","Förderung von (Elektro-)Transportfahrrädern, ""Spezialfahrrädern"" und ""Grätzlrädern""","1220",1000,1,2024
"Innovation, Stadtplanung und Mobilität","Straßenverwaltung und Straßenbau","Förderung von (Elektro-)Transportfahrrädern, ""Spezialfahrrädern"" und ""Grätzlrädern""","1230",1000,1,2024
"Innovation, Stadtplanung und Mobilität","Straßenverwaltung und Straßenbau","Förderung von (Elektro-)Transportfahrrädern, ""Spezialfahrrädern"" und ""Grätzlrädern""","1160",1000,1,2024
"Innovation, Stadtplanung und Mobilität","Straßenverwaltung und Straßenbau","Förderung von (Elektro-)Transportfahrrädern, ""Spezialfahrrädern"" und ""Grätzlrädern""","1180",1000,1,2024
"Innovation, Stadtplanung und Mobilität","Straßenverwaltung und Straßenbau","Förderung von (Elektro-)Transportfahrrädern, ""Spezialfahrrädern"" und ""Grätzlrädern""","1010",1000,1,2024
"Innovation, Stadtplanung und Mobilität","Straßenverwaltung und Straßenbau","Förderung von (Elektro-)Transportfahrrädern, ""Spezialfahrrädern"" und ""Grätzlrädern""","1230",1000,1,2024
"Innovation, Stadtplanung und Mobilität","Straßenverwaltung und Straßenbau","Förderung von (Elektro-)Transportfahrrädern, ""Spezialfahrrädern"" und ""Grätzlrädern""","1200",1000,1,2024
"Innovation, Stadtplanung und Mobilität","Straßenverwaltung und Straßenbau","Förderung von (Elektro-)Transportfahrrädern, ""Spezialfahrrädern"" und ""Grätzlrädern""","1020",1000,1,2024
"Innovation, Stadtplanung und Mobilität","Straßenverwaltung und Straßenbau","Förderung von (Elektro-)Transportfahrrädern, ""Spezialfahrrädern"" und ""Grätzlrädern""","1170",1000,1,2024
"Innovation, Stadtplanung und Mobilität","Straßenverwaltung und Straßenbau","Förderung von (Elektro-)Transportfahrrädern, ""Spezialfahrrädern"" und ""Grätzlrädern""","1090",1000,1,2024
"Innovation, Stadtplanung und Mobilität","Straßenverwaltung und Straßenbau","Förderung von (Elektro-)Transportfahrrädern, ""Spezialfahrrädern"" und ""Grätzlrädern""","1150",1000,1,2024
"Innovation, Stadtplanung und Mobilität","Straßenverwaltung und Straßenbau","Förderung von (Elektro-)Transportfahrrädern, ""Spezialfahrrädern"" und ""Grätzlrädern""","1030",1000,1,2024
"Innovation, Stadtplanung und Mobilität","Straßenverwaltung und Straßenbau","Förderung von (Elektro-)Transportfahrrädern, ""Spezialfahrrädern"" und ""Grätzlrädern""","1200",800,1,2024
"Innovation, Stadtplanung und Mobilität","Straßenverwaltung und Straßenbau","Förderung von (Elektro-)Transportfahrrädern, ""Spezialfahrrädern"" und ""Grätzlrädern""","1140",1000,1,2024
"Innovation, Stadtplanung und Mobilität","Straßenverwaltung und Straßenbau","Förderung von (Elektro-)Transportfahrrädern, ""Spezialfahrrädern"" und ""Grätzlrädern""","1180",1000,1,2024
"Innovation, Stadtplanung und Mobilität","Straßenverwaltung und Straßenbau","Förderung von (Elektro-)Transportfahrrädern, ""Spezialfahrrädern"" und ""Grätzlrädern""","1140",1000,1,2024
"Innovation, Stadtplanung und Mobilität","Straßenverwaltung und Straßenbau","Förderung von (Elektro-)Transportfahrrädern, ""Spezialfahrrädern"" und ""Grätzlrädern""","1130",1000,1,2024
"Innovation, Stadtplanung und Mobilität","Straßenverwaltung und Straßenbau","Förderung von (Elektro-)Transportfahrrädern, ""Spezialfahrrädern"" und ""Grätzlrädern""","1230",1000,1,2024
"Innovation, Stadtplanung und Mobilität","Straßenverwaltung und Straßenbau","Förderung von (Elektro-)Transportfahrrädern, ""Spezialfahrrädern"" und ""Grätzlrädern""","1180",1000,1,2024
"Innovation, Stadtplanung und Mobilität","Straßenverwaltung und Straßenbau","Förderung von (Elektro-)Transportfahrrädern, ""Spezialfahrrädern"" und ""Grätzlrädern""","1150",1000,1,2024
"Innovation, Stadtplanung und Mobilität","Straßenverwaltung und Straßenbau","Förderung von (Elektro-)Transportfahrrädern, ""Spezialfahrrädern"" und ""Grätzlrädern""","1070",1000,1,2024
"Innovation, Stadtplanung und Mobilität","Straßenverwaltung und Straßenbau","Förderung von (Elektro-)Transportfahrrädern, ""Spezialfahrrädern"" und ""Grätzlrädern""","1020",1000,1,2024
"Innovation, Stadtplanung und Mobilität","Straßenverwaltung und Straßenbau","Förderung von (Elektro-)Transportfahrrädern, ""Spezialfahrrädern"" und ""Grätzlrädern""","1090",800,1,2024
"Innovation, Stadtplanung und Mobilität","Straßenverwaltung und Straßenbau","Förderung von (Elektro-)Transportfahrrädern, ""Spezialfahrrädern"" und ""Grätzlrädern""","1200",1000,1,2024
"Innovation, Stadtplanung und Mobilität","Straßenverwaltung und Straßenbau","Förderung von (Elektro-)Transportfahrrädern, ""Spezialfahrrädern"" und ""Grätzlrädern""","1210",800,1,2024
"Innovation, Stadtplanung und Mobilität","Straßenverwaltung und Straßenbau","Förderung von (Elektro-)Transportfahrrädern, ""Spezialfahrrädern"" und ""Grätzlrädern""","1030",1000,1,2024
"Innovation, Stadtplanung und Mobilität","Straßenverwaltung und Straßenbau","Förderung von (Elektro-)Transportfahrrädern, ""Spezialfahrrädern"" und ""Grätzlrädern""","1150",800,1,2024
"Innovation, Stadtplanung und Mobilität","Straßenverwaltung und Straßenbau","Förderung von (Elektro-)Transportfahrrädern, ""Spezialfahrrädern"" und ""Grätzlrädern""","1140",1000,1,2024
"Innovation, Stadtplanung und Mobilität","Straßenverwaltung und Straßenbau","Förderung von (Elektro-)Transportfahrrädern, ""Spezialfahrrädern"" und ""Grätzlrädern""","1090",1000,1,2024
"Innovation, Stadtplanung und Mobilität","Straßenverwaltung und Straßenbau","Förderung von (Elektro-)Transportfahrrädern, ""Spezialfahrrädern"" und ""Grätzlrädern""","1120",800,1,2024
"Innovation, Stadtplanung und Mobilität","Straßenverwaltung und Straßenbau","Förderung von (Elektro-)Transportfahrrädern, ""Spezialfahrrädern"" und ""Grätzlrädern""","1190",1000,1,2024
"Innovation, Stadtplanung und Mobilität","Straßenverwaltung und Straßenbau","Förderung der Errichtung von Fahrrad- und Scooterabstellanlagen auf nicht öffentlichem Grund","1090",2484,1,2024
"Innovation, Stadtplanung und Mobilität","Straßenverwaltung und Straßenbau","Förderung der Errichtung von Fahrrad- und Scooterabstellanlagen auf nicht öffentlichem Grund","1090",2392,1,2024
"Innovation, Stadtplanung und Mobilität","Straßenverwaltung und Straßenbau","Förderung von (Elektro-)Transportfahrrädern, ""Spezialfahrrädern"" und ""Grätzlrädern""","1180",1000,1,2024
"Innovation, Stadtplanung und Mobilität","Straßenverwaltung und Straßenbau","Förderung von (Elektro-)Transportfahrrädern, ""Spezialfahrrädern"" und ""Grätzlrädern""","1150",1000,1,2024
"Innovation, Stadtplanung und Mobilität","Straßenverwaltung und Straßenbau","Förderung von (Elektro-)Transportfahrrädern, ""Spezialfahrrädern"" und ""Grätzlrädern""","1140",1000,1,2024
"Innovation, Stadtplanung und Mobilität","Straßenverwaltung und Straßenbau","Förderung von (Elektro-)Transportfahrrädern, ""Spezialfahrrädern"" und ""Grätzlrädern""","1020",1000,1,2024
"Innovation, Stadtplanung und Mobilität","Straßenverwaltung und Straßenbau","Förderung von (Elektro-)Transportfahrrädern, ""Spezialfahrrädern"" und ""Grätzlrädern""","1040",1000,1,2024
"Innovation, Stadtplanung und Mobilität","Straßenverwaltung und Straßenbau","Förderung von (Elektro-)Transportfahrrädern, ""Spezialfahrrädern"" und ""Grätzlrädern""","1210",1000,1,2024
"Innovation, Stadtplanung und Mobilität","Straßenverwaltung und Straßenbau","Förderung von (Elektro-)Transportfahrrädern, ""Spezialfahrrädern"" und ""Grätzlrädern""","1140",1000,1,2024
"Innovation, Stadtplanung und Mobilität","Straßenverwaltung und Straßenbau","Förderung von (Elektro-)Transportfahrrädern, ""Spezialfahrrädern"" und ""Grätzlrädern""","1070",1000,1,2024
"Innovation, Stadtplanung und Mobilität","Straßenverwaltung und Straßenbau","Förderung von (Elektro-)Transportfahrrädern, ""Spezialfahrrädern"" und ""Grätzlrädern""","1170",1000,1,2024
"Innovation, Stadtplanung und Mobilität","Straßenverwaltung und Straßenbau","Förderung von (Elektro-)Transportfahrrädern, ""Spezialfahrrädern"" und ""Grätzlrädern""","1220",1000,1,2024
"Innovation, Stadtplanung und Mobilität","Straßenverwaltung und Straßenbau","Förderung von (Elektro-)Transportfahrrädern, ""Spezialfahrrädern"" und ""Grätzlrädern""","1200",1000,1,2024
"Innovation, Stadtplanung und Mobilität","Straßenverwaltung und Straßenbau","Förderung von (Elektro-)Transportfahrrädern, ""Spezialfahrrädern"" und ""Grätzlrädern""","1160",800,1,2024
"Innovation, Stadtplanung und Mobilität","Straßenverwaltung und Straßenbau","Förderung von (Elektro-)Transportfahrrädern, ""Spezialfahrrädern"" und ""Grätzlrädern""","1080",1000,1,2024
"Innovation, Stadtplanung und Mobilität","Straßenverwaltung und Straßenbau","Förderung von (Elektro-)Transportfahrrädern, ""Spezialfahrrädern"" und ""Grätzlrädern""","1130",1000,1,2024
"Innovation, Stadtplanung und Mobilität","Straßenverwaltung und Straßenbau","Förderung von (Elektro-)Transportfahrrädern, ""Spezialfahrrädern"" und ""Grätzlrädern""","1160",1000,1,2024
"Innovation, Stadtplanung und Mobilität","Straßenverwaltung und Straßenbau","Förderung von (Elektro-)Transportfahrrädern, ""Spezialfahrrädern"" und ""Grätzlrädern""","1170",1000,1,2024
"Innovation, Stadtplanung und Mobilität","Straßenverwaltung und Straßenbau","Förderung von (Elektro-)Transportfahrrädern, ""Spezialfahrrädern"" und ""Grätzlrädern""","1010",1000,1,2024
"Innovation, Stadtplanung und Mobilität","Straßenverwaltung und Straßenbau","Förderung von (Elektro-)Transportfahrrädern, ""Spezialfahrrädern"" und ""Grätzlrädern""","1090",1000,1,2024
"Innovation, Stadtplanung und Mobilität","Straßenverwaltung und Straßenbau","Förderung von (Elektro-)Transportfahrrädern, ""Spezialfahrrädern"" und ""Grätzlrädern""","1020",800,1,2024
"Innovation, Stadtplanung und Mobilität","Straßenverwaltung und Straßenbau","Förderung von (Elektro-)Transportfahrrädern, ""Spezialfahrrädern"" und ""Grätzlrädern""","1190",1000,1,2024
"Innovation, Stadtplanung und Mobilität","Straßenverwaltung und Straßenbau","Förderung von (Elektro-)Transportfahrrädern, ""Spezialfahrrädern"" und ""Grätzlrädern""","1020",1000,1,2024
"Innovation, Stadtplanung und Mobilität","Straßenverwaltung und Straßenbau","Förderung von (Elektro-)Transportfahrrädern, ""Spezialfahrrädern"" und ""Grätzlrädern""","1220",1000,1,2024
"Innovation, Stadtplanung und Mobilität","Straßenverwaltung und Straßenbau","Förderung von (Elektro-)Transportfahrrädern, ""Spezialfahrrädern"" und ""Grätzlrädern""","1070",1000,1,2024
"Innovation, Stadtplanung und Mobilität","Straßenverwaltung und Straßenbau","Förderung von (Elektro-)Transportfahrrädern, ""Spezialfahrrädern"" und ""Grätzlrädern""","1220",1000,1,2024
"Innovation, Stadtplanung und Mobilität","Straßenverwaltung und Straßenbau","Förderung von (Elektro-)Transportfahrrädern, ""Spezialfahrrädern"" und ""Grätzlrädern""","1020",1000,1,2024
"Innovation, Stadtplanung und Mobilität","Straßenverwaltung und Straßenbau","Förderung von (Elektro-)Transportfahrrädern, ""Spezialfahrrädern"" und ""Grätzlrädern""","1190",1000,1,2024
"Innovation, Stadtplanung und Mobilität","Straßenverwaltung und Straßenbau","Förderung von (Elektro-)Transportfahrrädern, ""Spezialfahrrädern"" und ""Grätzlrädern""","1220",1000,1,2024
"Innovation, Stadtplanung und Mobilität","Straßenverwaltung und Straßenbau","Förderung von (Elektro-)Transportfahrrädern, ""Spezialfahrrädern"" und ""Grätzlrädern""","1160",1000,1,2024
"Innovation, Stadtplanung und Mobilität","Straßenverwaltung und Straßenbau","Förderung von (Elektro-)Transportfahrrädern, ""Spezialfahrrädern"" und ""Grätzlrädern""","1030",1000,1,2024
"Innovation, Stadtplanung und Mobilität","Straßenverwaltung und Straßenbau","Förderung von (Elektro-)Transportfahrrädern, ""Spezialfahrrädern"" und ""Grätzlrädern""","1020",1000,1,2024
"Innovation, Stadtplanung und Mobilität","Straßenverwaltung und Straßenbau","Förderung von (Elektro-)Transportfahrrädern, ""Spezialfahrrädern"" und ""Grätzlrädern""","1020",1000,1,2024
"Innovation, Stadtplanung und Mobilität","Straßenverwaltung und Straßenbau","Förderung von (Elektro-)Transportfahrrädern, ""Spezialfahrrädern"" und ""Grätzlrädern""","1030",1000,1,2024
"Innovation, Stadtplanung und Mobilität","Straßenverwaltung und Straßenbau","Förderung von (Elektro-)Transportfahrrädern, ""Spezialfahrrädern"" und ""Grätzlrädern""","1190",1000,1,2024
"Innovation, Stadtplanung und Mobilität","Straßenverwaltung und Straßenbau","Förderung von (Elektro-)Transportfahrrädern, ""Spezialfahrrädern"" und ""Grätzlrädern""","1020",1000,1,2024
"Innovation, Stadtplanung und Mobilität","Straßenverwaltung und Straßenbau","Förderung von (Elektro-)Transportfahrrädern, ""Spezialfahrrädern"" und ""Grätzlrädern""","1040",770.83,1,2024
"Innovation, Stadtplanung und Mobilität","Straßenverwaltung und Straßenbau","Förderung von (Elektro-)Transportfahrrädern, ""Spezialfahrrädern"" und ""Grätzlrädern""","1140",1000,1,2024
"Innovation, Stadtplanung und Mobilität","Straßenverwaltung und Straßenbau","Förderung von (Elektro-)Transportfahrrädern, ""Spezialfahrrädern"" und ""Grätzlrädern""","1230",1000,1,2024
"Innovation, Stadtplanung und Mobilität","Straßenverwaltung und Straßenbau","Förderung von (Elektro-)Transportfahrrädern, ""Spezialfahrrädern"" und ""Grätzlrädern""","1220",1000,1,2024
"Innovation, Stadtplanung und Mobilität","Straßenverwaltung und Straßenbau","Förderung von (Elektro-)Transportfahrrädern, ""Spezialfahrrädern"" und ""Grätzlrädern""","1120",1000,1,2024
"Innovation, Stadtplanung und Mobilität","Straßenverwaltung und Straßenbau","Förderung von (Elektro-)Transportfahrrädern, ""Spezialfahrrädern"" und ""Grätzlrädern""","1130",1000,1,2024
"Innovation, Stadtplanung und Mobilität","Straßenverwaltung und Straßenbau","Förderung von (Elektro-)Transportfahrrädern, ""Spezialfahrrädern"" und ""Grätzlrädern""","1190",1000,1,2024
"Innovation, Stadtplanung und Mobilität","Straßenverwaltung und Straßenbau","Förderung von (Elektro-)Transportfahrrädern, ""Spezialfahrrädern"" und ""Grätzlrädern""","1220",1000,1,2024
"Innovation, Stadtplanung und Mobilität","Straßenverwaltung und Straßenbau","Förderung von (Elektro-)Transportfahrrädern, ""Spezialfahrrädern"" und ""Grätzlrädern""","1210",1000,1,2024
"Innovation, Stadtplanung und Mobilität","Straßenverwaltung und Straßenbau","Förderung von (Elektro-)Transportfahrrädern, ""Spezialfahrrädern"" und ""Grätzlrädern""","1140",800,1,2024
"Innovation, Stadtplanung und Mobilität","Straßenverwaltung und Straßenbau","Förderung von (Elektro-)Transportfahrrädern, ""Spezialfahrrädern"" und ""Grätzlrädern""","1180",1000,1,2024
"Innovation, Stadtplanung und Mobilität","Straßenverwaltung und Straßenbau","Förderung von (Elektro-)Transportfahrrädern, ""Spezialfahrrädern"" und ""Grätzlrädern""","1080",1000,1,2024
"Innovation, Stadtplanung und Mobilität","Straßenverwaltung und Straßenbau","Förderung von (Elektro-)Transportfahrrädern, ""Spezialfahrrädern"" und ""Grätzlrädern""","1190",1000,1,2024
"Innovation, Stadtplanung und Mobilität","Straßenverwaltung und Straßenbau","Förderung von (Elektro-)Transportfahrrädern, ""Spezialfahrrädern"" und ""Grätzlrädern""","1170",1000,1,2024
"Innovation, Stadtplanung und Mobilität","Straßenverwaltung und Straßenbau","Förderung von (Elektro-)Transportfahrrädern, ""Spezialfahrrädern"" und ""Grätzlrädern""","1030",1000,1,2024
"Innovation, Stadtplanung und Mobilität","Straßenverwaltung und Straßenbau","Förderung von (Elektro-)Transportfahrrädern, ""Spezialfahrrädern"" und ""Grätzlrädern""","1020",1000,1,2024
"Innovation, Stadtplanung und Mobilität","Straßenverwaltung und Straßenbau","Förderung von (Elektro-)Transportfahrrädern, ""Spezialfahrrädern"" und ""Grätzlrädern""","1150",1000,1,2024
"Innovation, Stadtplanung und Mobilität","Straßenverwaltung und Straßenbau","Förderung von (Elektro-)Transportfahrrädern, ""Spezialfahrrädern"" und ""Grätzlrädern""","1110",1000,1,2024
"Innovation, Stadtplanung und Mobilität","Straßenverwaltung und Straßenbau","Förderung von (Elektro-)Transportfahrrädern, ""Spezialfahrrädern"" und ""Grätzlrädern""","1190",1000,1,2024
"Innovation, Stadtplanung und Mobilität","Straßenverwaltung und Straßenbau","Förderung von (Elektro-)Transportfahrrädern, ""Spezialfahrrädern"" und ""Grätzlrädern""","1030",800,1,2024
"Innovation, Stadtplanung und Mobilität","Straßenverwaltung und Straßenbau","Förderung von (Elektro-)Transportfahrrädern, ""Spezialfahrrädern"" und ""Grätzlrädern""","1080",1000,1,2024
"Innovation, Stadtplanung und Mobilität","Straßenverwaltung und Straßenbau","Förderung von (Elektro-)Transportfahrrädern, ""Spezialfahrrädern"" und ""Grätzlrädern""","1140",1000,1,2024
"Innovation, Stadtplanung und Mobilität","Straßenverwaltung und Straßenbau","Förderung von (Elektro-)Transportfahrrädern, ""Spezialfahrrädern"" und ""Grätzlrädern""","1160",1000,1,2024
"Innovation, Stadtplanung und Mobilität","Straßenverwaltung und Straßenbau","Förderung der Errichtung von Fahrrad- und Scooterabstellanlagen auf nicht öffentlichem Grund","1220",1650,1,2024
"Innovation, Stadtplanung und Mobilität","Straßenverwaltung und Straßenbau","Förderung der Errichtung von Fahrrad- und Scooterabstellanlagen auf nicht öffentlichem Grund","1030",5200,1,2024
"Innovation, Stadtplanung und Mobilität","Straßenverwaltung und Straßenbau","Förderung von (Elektro-)Transportfahrrädern, ""Spezialfahrrädern"" und ""Grätzlrädern""","1180",1000,1,2024
"Innovation, Stadtplanung und Mobilität","Straßenverwaltung und Straßenbau","Förderung der Errichtung von Fahrrad- und Scooterabstellanlagen auf nicht öffentlichem Grund","1010",2030,1,2024
"Innovation, Stadtplanung und Mobilität","Straßenverwaltung und Straßenbau","Förderung der Errichtung von Fahrrad- und Scooterabstellanlagen auf nicht öffentlichem Grund","1170",890,1,2024
"Innovation, Stadtplanung und Mobilität","Straßenverwaltung und Straßenbau","Förderung der Errichtung von Fahrrad- und Scooterabstellanlagen auf nicht öffentlichem Grund","1030",2900,1,2024
"Innovation, Stadtplanung und Mobilität","Straßenverwaltung und Straßenbau","Förderung der Errichtung von Fahrrad- und Scooterabstellanlagen auf nicht öffentlichem Grund","1090",2070,1,2024
"Innovation, Stadtplanung und Mobilität","Straßenverwaltung und Straßenbau","Förderung der Errichtung von Fahrrad- und Scooterabstellanlagen auf nicht öffentlichem Grund","1050",1248,1,2024
"Innovation, Stadtplanung und Mobilität","Straßenverwaltung und Straßenbau","Förderung von (Elektro-)Transportfahrrädern, ""Spezialfahrrädern"" und ""Grätzlrädern""","1100",1000,1,2024
"Innovation, Stadtplanung und Mobilität","Straßenverwaltung und Straßenbau","Förderung von (Elektro-)Transportfahrrädern, ""Spezialfahrrädern"" und ""Grätzlrädern""","1180",1000,1,2024
"Innovation, Stadtplanung und Mobilität","Straßenverwaltung und Straßenbau","Förderung von (Elektro-)Transportfahrrädern, ""Spezialfahrrädern"" und ""Grätzlrädern""","1060",1000,1,2024
"Innovation, Stadtplanung und Mobilität","Straßenverwaltung und Straßenbau","Förderung von (Elektro-)Transportfahrrädern, ""Spezialfahrrädern"" und ""Grätzlrädern""","1020",1000,1,2024
"Innovation, Stadtplanung und Mobilität","Straßenverwaltung und Straßenbau","Förderung von (Elektro-)Transportfahrrädern, ""Spezialfahrrädern"" und ""Grätzlrädern""","1020",800,1,2024
"Innovation, Stadtplanung und Mobilität","Straßenverwaltung und Straßenbau","Förderung von (Elektro-)Transportfahrrädern, ""Spezialfahrrädern"" und ""Grätzlrädern""","1080",1000,1,2024
"Innovation, Stadtplanung und Mobilität","Straßenverwaltung und Straßenbau","Förderung von (Elektro-)Transportfahrrädern, ""Spezialfahrrädern"" und ""Grätzlrädern""","1190",1000,1,2024
"Innovation, Stadtplanung und Mobilität","Straßenverwaltung und Straßenbau","Förderung von (Elektro-)Transportfahrrädern, ""Spezialfahrrädern"" und ""Grätzlrädern""","1110",1000,1,2024
"Innovation, Stadtplanung und Mobilität","Straßenverwaltung und Straßenbau","Förderung von (Elektro-)Transportfahrrädern, ""Spezialfahrrädern"" und ""Grätzlrädern""","1130",1000,1,2024
"Innovation, Stadtplanung und Mobilität","Straßenverwaltung und Straßenbau","Förderung von (Elektro-)Transportfahrrädern, ""Spezialfahrrädern"" und ""Grätzlrädern""","1100",3830,1,2024
"Innovation, Stadtplanung und Mobilität","Straßenverwaltung und Straßenbau","Förderung von (Elektro-)Transportfahrrädern, ""Spezialfahrrädern"" und ""Grätzlrädern""","1010",1000,1,2024
"Innovation, Stadtplanung und Mobilität","Straßenverwaltung und Straßenbau","Förderung von (Elektro-)Transportfahrrädern, ""Spezialfahrrädern"" und ""Grätzlrädern""","1090",1000,1,2024
"Innovation, Stadtplanung und Mobilität","Straßenverwaltung und Straßenbau","Förderung von (Elektro-)Transportfahrrädern, ""Spezialfahrrädern"" und ""Grätzlrädern""","1020",1000,1,2024
"Innovation, Stadtplanung und Mobilität","Straßenverwaltung und Straßenbau","Förderung von (Elektro-)Transportfahrrädern, ""Spezialfahrrädern"" und ""Grätzlrädern""","1030",1000,1,2024
"Innovation, Stadtplanung und Mobilität","Straßenverwaltung und Straßenbau","Förderung von (Elektro-)Transportfahrrädern, ""Spezialfahrrädern"" und ""Grätzlrädern""","1050",1000,1,2024
"Innovation, Stadtplanung und Mobilität","Straßenverwaltung und Straßenbau","Förderung von (Elektro-)Transportfahrrädern, ""Spezialfahrrädern"" und ""Grätzlrädern""","1210",800,1,2024
"Innovation, Stadtplanung und Mobilität","Straßenverwaltung und Straßenbau","Förderung von (Elektro-)Transportfahrrädern, ""Spezialfahrrädern"" und ""Grätzlrädern""","1070",1000,1,2024
"Innovation, Stadtplanung und Mobilität","Straßenverwaltung und Straßenbau","Förderung von (Elektro-)Transportfahrrädern, ""Spezialfahrrädern"" und ""Grätzlrädern""","1030",829.17,1,2024
"Innovation, Stadtplanung und Mobilität","Straßenverwaltung und Straßenbau","Förderung von (Elektro-)Transportfahrrädern, ""Spezialfahrrädern"" und ""Grätzlrädern""","1070",1000,1,2024
"Innovation, Stadtplanung und Mobilität","Straßenverwaltung und Straßenbau","Förderung von (Elektro-)Transportfahrrädern, ""Spezialfahrrädern"" und ""Grätzlrädern""","1170",1000,1,2024
"Innovation, Stadtplanung und Mobilität","Straßenverwaltung und Straßenbau","Förderung von (Elektro-)Transportfahrrädern, ""Spezialfahrrädern"" und ""Grätzlrädern""","1030",1000,1,2024
"Innovation, Stadtplanung und Mobilität","Straßenverwaltung und Straßenbau","Förderung von (Elektro-)Transportfahrrädern, ""Spezialfahrrädern"" und ""Grätzlrädern""","1160",1000,1,2024
"Innovation, Stadtplanung und Mobilität","Straßenverwaltung und Straßenbau","Förderung von (Elektro-)Transportfahrrädern, ""Spezialfahrrädern"" und ""Grätzlrädern""","1190",1000,1,2024
"Innovation, Stadtplanung und Mobilität","Straßenverwaltung und Straßenbau","Förderung von (Elektro-)Transportfahrrädern, ""Spezialfahrrädern"" und ""Grätzlrädern""","1080",1000,1,2024
"Innovation, Stadtplanung und Mobilität","Straßenverwaltung und Straßenbau","Förderung von (Elektro-)Transportfahrrädern, ""Spezialfahrrädern"" und ""Grätzlrädern""","1020",1000,1,2024
"Innovation, Stadtplanung und Mobilität","Straßenverwaltung und Straßenbau","Förderung von (Elektro-)Transportfahrrädern, ""Spezialfahrrädern"" und ""Grätzlrädern""","1130",1000,1,2024
"Innovation, Stadtplanung und Mobilität","Straßenverwaltung und Straßenbau","Förderung von (Elektro-)Transportfahrrädern, ""Spezialfahrrädern"" und ""Grätzlrädern""","1160",1000,1,2024
"Innovation, Stadtplanung und Mobilität","Straßenverwaltung und Straßenbau","Förderung von (Elektro-)Transportfahrrädern, ""Spezialfahrrädern"" und ""Grätzlrädern""","1020",1000,1,2024
"Innovation, Stadtplanung und Mobilität","Straßenverwaltung und Straßenbau","Förderung von (Elektro-)Transportfahrrädern, ""Spezialfahrrädern"" und ""Grätzlrädern""","1180",1000,1,2024
"Innovation, Stadtplanung und Mobilität","Straßenverwaltung und Straßenbau","Förderung von (Elektro-)Transportfahrrädern, ""Spezialfahrrädern"" und ""Grätzlrädern""","1140",1000,1,2024
"Innovation, Stadtplanung und Mobilität","Straßenverwaltung und Straßenbau","Förderung von (Elektro-)Transportfahrrädern, ""Spezialfahrrädern"" und ""Grätzlrädern""","1100",1000,1,2024
"Innovation, Stadtplanung und Mobilität","Straßenverwaltung und Straßenbau","Förderung von (Elektro-)Transportfahrrädern, ""Spezialfahrrädern"" und ""Grätzlrädern""","1160",1000,1,2024
"Innovation, Stadtplanung und Mobilität","Straßenverwaltung und Straßenbau","Förderung von (Elektro-)Transportfahrrädern, ""Spezialfahrrädern"" und ""Grätzlrädern""","1060",3999.17,1,2024
"Innovation, Stadtplanung und Mobilität","Straßenverwaltung und Straßenbau","Förderung von (Elektro-)Transportfahrrädern, ""Spezialfahrrädern"" und ""Grätzlrädern""","1030",3874.17,1,2024
"Innovation, Stadtplanung und Mobilität","Straßenverwaltung und Straßenbau","Förderung von (Elektro-)Transportfahrrädern, ""Spezialfahrrädern"" und ""Grätzlrädern""","1140",1000,1,2024
"Innovation, Stadtplanung und Mobilität","Straßenverwaltung und Straßenbau","Förderung von (Elektro-)Transportfahrrädern, ""Spezialfahrrädern"" und ""Grätzlrädern""","1230",1000,1,2024
"Innovation, Stadtplanung und Mobilität","Straßenverwaltung und Straßenbau","Förderung von (Elektro-)Transportfahrrädern, ""Spezialfahrrädern"" und ""Grätzlrädern""","1020",1000,1,2024
"Innovation, Stadtplanung und Mobilität","Straßenverwaltung und Straßenbau","Förderung von (Elektro-)Transportfahrrädern, ""Spezialfahrrädern"" und ""Grätzlrädern""","1020",1000,1,2024
"Innovation, Stadtplanung und Mobilität","Straßenverwaltung und Straßenbau","Förderung von (Elektro-)Transportfahrrädern, ""Spezialfahrrädern"" und ""Grätzlrädern""","1020",1000,1,2024
"Innovation, Stadtplanung und Mobilität","Straßenverwaltung und Straßenbau","Förderung von (Elektro-)Transportfahrrädern, ""Spezialfahrrädern"" und ""Grätzlrädern""","1020",1000,1,2024
"Innovation, Stadtplanung und Mobilität","Straßenverwaltung und Straßenbau","Förderung von (Elektro-)Transportfahrrädern, ""Spezialfahrrädern"" und ""Grätzlrädern""","1160",1000,1,2024
"Innovation, Stadtplanung und Mobilität","Straßenverwaltung und Straßenbau","Förderung von (Elektro-)Transportfahrrädern, ""Spezialfahrrädern"" und ""Grätzlrädern""","1180",1000,1,2024
"Innovation, Stadtplanung und Mobilität","Straßenverwaltung und Straßenbau","Förderung von (Elektro-)Transportfahrrädern, ""Spezialfahrrädern"" und ""Grätzlrädern""","1220",1000,1,2024
"Innovation, Stadtplanung und Mobilität","Straßenverwaltung und Straßenbau","Förderung der Errichtung von Fahrrad- und Scooterabstellanlagen auf nicht öffentlichem Grund","1020",1892,1,2024
"Innovation, Stadtplanung und Mobilität","Straßenverwaltung und Straßenbau","Förderung der Errichtung von Fahrrad- und Scooterabstellanlagen auf nicht öffentlichem Grund","1170",1970,1,2024
"Innovation, Stadtplanung und Mobilität","Straßenverwaltung und Straßenbau","Förderung der Errichtung von Fahrrad- und Scooterabstellanlagen auf nicht öffentlichem Grund","1160",2496,1,2024
"Innovation, Stadtplanung und Mobilität","Straßenverwaltung und Straßenbau","Förderung von (Elektro-)Transportfahrrädern, ""Spezialfahrrädern"" und ""Grätzlrädern""","1020",1000,1,2024
"Innovation, Stadtplanung und Mobilität","Straßenverwaltung und Straßenbau","Förderung von (Elektro-)Transportfahrrädern, ""Spezialfahrrädern"" und ""Grätzlrädern""","1170",1000,1,2024
"Innovation, Stadtplanung und Mobilität","Straßenverwaltung und Straßenbau","Förderung von (Elektro-)Transportfahrrädern, ""Spezialfahrrädern"" und ""Grätzlrädern""","1150",800,1,2024
"Innovation, Stadtplanung und Mobilität","Straßenverwaltung und Straßenbau","Förderung von (Elektro-)Transportfahrrädern, ""Spezialfahrrädern"" und ""Grätzlrädern""","1100",1000,1,2024
"Innovation, Stadtplanung und Mobilität","Straßenverwaltung und Straßenbau","Förderung von (Elektro-)Transportfahrrädern, ""Spezialfahrrädern"" und ""Grätzlrädern""","1120",800,1,2024
"Innovation, Stadtplanung und Mobilität","Straßenverwaltung und Straßenbau","Förderung von (Elektro-)Transportfahrrädern, ""Spezialfahrrädern"" und ""Grätzlrädern""","1070",1000,1,2024
"Innovation, Stadtplanung und Mobilität","Straßenverwaltung und Straßenbau","Förderung von (Elektro-)Transportfahrrädern, ""Spezialfahrrädern"" und ""Grätzlrädern""","1090",1000,1,2024
"Innovation, Stadtplanung und Mobilität","Straßenverwaltung und Straßenbau","Förderung von (Elektro-)Transportfahrrädern, ""Spezialfahrrädern"" und ""Grätzlrädern""","1160",1000,1,2024
"Innovation, Stadtplanung und Mobilität","Straßenverwaltung und Straßenbau","Förderung von (Elektro-)Transportfahrrädern, ""Spezialfahrrädern"" und ""Grätzlrädern""","1120",1000,1,2024
"Innovation, Stadtplanung und Mobilität","Straßenverwaltung und Straßenbau","Förderung von (Elektro-)Transportfahrrädern, ""Spezialfahrrädern"" und ""Grätzlrädern""","1050",1000,1,2024
"Innovation, Stadtplanung und Mobilität","Straßenverwaltung und Straßenbau","Förderung von (Elektro-)Transportfahrrädern, ""Spezialfahrrädern"" und ""Grätzlrädern""","1120",1000,1,2024
"Innovation, Stadtplanung und Mobilität","Straßenverwaltung und Straßenbau","Förderung von (Elektro-)Transportfahrrädern, ""Spezialfahrrädern"" und ""Grätzlrädern""","1150",533.13,1,2024
"Innovation, Stadtplanung und Mobilität","Straßenverwaltung und Straßenbau","Förderung von (Elektro-)Transportfahrrädern, ""Spezialfahrrädern"" und ""Grätzlrädern""","1120",1000,1,2024
"Innovation, Stadtplanung und Mobilität","Straßenverwaltung und Straßenbau","Förderung von (Elektro-)Transportfahrrädern, ""Spezialfahrrädern"" und ""Grätzlrädern""","1030",1000,1,2024
"Innovation, Stadtplanung und Mobilität","Straßenverwaltung und Straßenbau","Förderung von (Elektro-)Transportfahrrädern, ""Spezialfahrrädern"" und ""Grätzlrädern""","1070",1000,1,2024
"Innovation, Stadtplanung und Mobilität","Straßenverwaltung und Straßenbau","Förderung von (Elektro-)Transportfahrrädern, ""Spezialfahrrädern"" und ""Grätzlrädern""","1160",1000,1,2024
"Innovation, Stadtplanung und Mobilität","Straßenverwaltung und Straßenbau","Förderung von (Elektro-)Transportfahrrädern, ""Spezialfahrrädern"" und ""Grätzlrädern""","1230",1000,1,2024
"Innovation, Stadtplanung und Mobilität","Straßenverwaltung und Straßenbau","Förderung von (Elektro-)Transportfahrrädern, ""Spezialfahrrädern"" und ""Grätzlrädern""","1090",1000,1,2024
"Innovation, Stadtplanung und Mobilität","Straßenverwaltung und Straßenbau","Förderung von (Elektro-)Transportfahrrädern, ""Spezialfahrrädern"" und ""Grätzlrädern""","1170",1000,1,2024
"Innovation, Stadtplanung und Mobilität","Straßenverwaltung und Straßenbau","Förderung von (Elektro-)Transportfahrrädern, ""Spezialfahrrädern"" und ""Grätzlrädern""","1010",1000,1,2024
"Innovation, Stadtplanung und Mobilität","Straßenverwaltung und Straßenbau","Förderung von (Elektro-)Transportfahrrädern, ""Spezialfahrrädern"" und ""Grätzlrädern""","1030",1000,1,2024
"Innovation, Stadtplanung und Mobilität","Straßenverwaltung und Straßenbau","Förderung von (Elektro-)Transportfahrrädern, ""Spezialfahrrädern"" und ""Grätzlrädern""","1100",1000,1,2024
"Innovation, Stadtplanung und Mobilität","Straßenverwaltung und Straßenbau","Förderung von (Elektro-)Transportfahrrädern, ""Spezialfahrrädern"" und ""Grätzlrädern""","1080",1000,1,2024
"Innovation, Stadtplanung und Mobilität","Straßenverwaltung und Straßenbau","Förderung von (Elektro-)Transportfahrrädern, ""Spezialfahrrädern"" und ""Grätzlrädern""","1130",1000,1,2024
"Innovation, Stadtplanung und Mobilität","Straßenverwaltung und Straßenbau","Förderung von (Elektro-)Transportfahrrädern, ""Spezialfahrrädern"" und ""Grätzlrädern""","1030",1000,1,2024
"Innovation, Stadtplanung und Mobilität","Straßenverwaltung und Straßenbau","Förderung von (Elektro-)Transportfahrrädern, ""Spezialfahrrädern"" und ""Grätzlrädern""","1160",1000,1,2024
"Innovation, Stadtplanung und Mobilität","Straßenverwaltung und Straßenbau","Förderung von (Elektro-)Transportfahrrädern, ""Spezialfahrrädern"" und ""Grätzlrädern""","1030",800,1,2024
"Innovation, Stadtplanung und Mobilität","Straßenverwaltung und Straßenbau","Förderung von (Elektro-)Transportfahrrädern, ""Spezialfahrrädern"" und ""Grätzlrädern""","1130",1000,1,2024
"Innovation, Stadtplanung und Mobilität","Straßenverwaltung und Straßenbau","Förderung von (Elektro-)Transportfahrrädern, ""Spezialfahrrädern"" und ""Grätzlrädern""","1020",1000,1,2024
"Innovation, Stadtplanung und Mobilität","Straßenverwaltung und Straßenbau","Förderung von (Elektro-)Transportfahrrädern, ""Spezialfahrrädern"" und ""Grätzlrädern""","1160",1000,1,2024
"Innovation, Stadtplanung und Mobilität","Straßenverwaltung und Straßenbau","Förderung von (Elektro-)Transportfahrrädern, ""Spezialfahrrädern"" und ""Grätzlrädern""","1160",1000,1,2024
"Innovation, Stadtplanung und Mobilität","Straßenverwaltung und Straßenbau","Förderung von (Elektro-)Transportfahrrädern, ""Spezialfahrrädern"" und ""Grätzlrädern""","1040",1000,1,2024
"Innovation, Stadtplanung und Mobilität","Straßenverwaltung und Straßenbau","Förderung von (Elektro-)Transportfahrrädern, ""Spezialfahrrädern"" und ""Grätzlrädern""","1100",1000,1,2024
"Innovation, Stadtplanung und Mobilität","Straßenverwaltung und Straßenbau","Förderung von (Elektro-)Transportfahrrädern, ""Spezialfahrrädern"" und ""Grätzlrädern""","1100",1000,1,2024
"Innovation, Stadtplanung und Mobilität","Straßenverwaltung und Straßenbau","Förderung von (Elektro-)Transportfahrrädern, ""Spezialfahrrädern"" und ""Grätzlrädern""","1160",1000,1,2024
"Innovation, Stadtplanung und Mobilität","Straßenverwaltung und Straßenbau","Förderung von (Elektro-)Transportfahrrädern, ""Spezialfahrrädern"" und ""Grätzlrädern""","1210",1000,1,2024
"Innovation, Stadtplanung und Mobilität","Straßenverwaltung und Straßenbau","Förderung von (Elektro-)Transportfahrrädern, ""Spezialfahrrädern"" und ""Grätzlrädern""","1140",1000,1,2024
"Innovation, Stadtplanung und Mobilität","Straßenverwaltung und Straßenbau","Förderung von (Elektro-)Transportfahrrädern, ""Spezialfahrrädern"" und ""Grätzlrädern""","1020",1000,1,2024
"Innovation, Stadtplanung und Mobilität","Straßenverwaltung und Straßenbau","Förderung von (Elektro-)Transportfahrrädern, ""Spezialfahrrädern"" und ""Grätzlrädern""","1040",1000,1,2024
"Innovation, Stadtplanung und Mobilität","Straßenverwaltung und Straßenbau","Förderung von (Elektro-)Transportfahrrädern, ""Spezialfahrrädern"" und ""Grätzlrädern""","1070",800,1,2024
"Innovation, Stadtplanung und Mobilität","Straßenverwaltung und Straßenbau","Förderung von (Elektro-)Transportfahrrädern, ""Spezialfahrrädern"" und ""Grätzlrädern""","1050",1000,1,2024
"Innovation, Stadtplanung und Mobilität","Straßenverwaltung und Straßenbau","Förderung von (Elektro-)Transportfahrrädern, ""Spezialfahrrädern"" und ""Grätzlrädern""","1210",1000,1,2024
"Innovation, Stadtplanung und Mobilität","Straßenverwaltung und Straßenbau","Förderung von (Elektro-)Transportfahrrädern, ""Spezialfahrrädern"" und ""Grätzlrädern""","1210",1000,1,2024
"Innovation, Stadtplanung und Mobilität","Straßenverwaltung und Straßenbau","Förderung von (Elektro-)Transportfahrrädern, ""Spezialfahrrädern"" und ""Grätzlrädern""","1140",1000,1,2024
"Innovation, Stadtplanung und Mobilität","Straßenverwaltung und Straßenbau","Förderung von (Elektro-)Transportfahrrädern, ""Spezialfahrrädern"" und ""Grätzlrädern""","1020",1000,1,2024
"Innovation, Stadtplanung und Mobilität","Straßenverwaltung und Straßenbau","Förderung von (Elektro-)Transportfahrrädern, ""Spezialfahrrädern"" und ""Grätzlrädern""","1190",1000,1,2024
"Innovation, Stadtplanung und Mobilität","Straßenverwaltung und Straßenbau","Förderung von (Elektro-)Transportfahrrädern, ""Spezialfahrrädern"" und ""Grätzlrädern""","1180",1000,1,2024
"Innovation, Stadtplanung und Mobilität","Straßenverwaltung und Straßenbau","Förderung von (Elektro-)Transportfahrrädern, ""Spezialfahrrädern"" und ""Grätzlrädern""","1030",1000,1,2024
"Innovation, Stadtplanung und Mobilität","Straßenverwaltung und Straßenbau","Förderung von (Elektro-)Transportfahrrädern, ""Spezialfahrrädern"" und ""Grätzlrädern""","1210",1000,1,2024
"Innovation, Stadtplanung und Mobilität","Straßenverwaltung und Straßenbau","Förderung von (Elektro-)Transportfahrrädern, ""Spezialfahrrädern"" und ""Grätzlrädern""","1150",1000,1,2024
"Innovation, Stadtplanung und Mobilität","Straßenverwaltung und Straßenbau","Förderung von (Elektro-)Transportfahrrädern, ""Spezialfahrrädern"" und ""Grätzlrädern""","1230",1000,1,2024
"Innovation, Stadtplanung und Mobilität","Straßenverwaltung und Straßenbau","Förderung von (Elektro-)Transportfahrrädern, ""Spezialfahrrädern"" und ""Grätzlrädern""","1030",1000,1,2024
"Innovation, Stadtplanung und Mobilität","Straßenverwaltung und Straßenbau","Förderung von (Elektro-)Transportfahrrädern, ""Spezialfahrrädern"" und ""Grätzlrädern""","1030",800,1,2024
"Innovation, Stadtplanung und Mobilität","Straßenverwaltung und Straßenbau","Förderung von (Elektro-)Transportfahrrädern, ""Spezialfahrrädern"" und ""Grätzlrädern""","1200",1000,1,2024
"Innovation, Stadtplanung und Mobilität","Straßenverwaltung und Straßenbau","Förderung von (Elektro-)Transportfahrrädern, ""Spezialfahrrädern"" und ""Grätzlrädern""","1020",1000,1,2024
"Innovation, Stadtplanung und Mobilität","Straßenverwaltung und Straßenbau","Förderung von (Elektro-)Transportfahrrädern, ""Spezialfahrrädern"" und ""Grätzlrädern""","1200",1000,1,2024
"Innovation, Stadtplanung und Mobilität","Straßenverwaltung und Straßenbau","Förderung von (Elektro-)Transportfahrrädern, ""Spezialfahrrädern"" und ""Grätzlrädern""","1200",1000,1,2024
"Innovation, Stadtplanung und Mobilität","Straßenverwaltung und Straßenbau","Förderung von (Elektro-)Transportfahrrädern, ""Spezialfahrrädern"" und ""Grätzlrädern""","1170",1000,1,2024
"Innovation, Stadtplanung und Mobilität","Straßenverwaltung und Straßenbau","Förderung von (Elektro-)Transportfahrrädern, ""Spezialfahrrädern"" und ""Grätzlrädern""","1220",1000,1,2024
"Innovation, Stadtplanung und Mobilität","Straßenverwaltung und Straßenbau","Förderung von (Elektro-)Transportfahrrädern, ""Spezialfahrrädern"" und ""Grätzlrädern""","1140",1000,1,2024
"Innovation, Stadtplanung und Mobilität","Straßenverwaltung und Straßenbau","Förderung von (Elektro-)Transportfahrrädern, ""Spezialfahrrädern"" und ""Grätzlrädern""","1030",1000,1,2024
"Innovation, Stadtplanung und Mobilität","Straßenverwaltung und Straßenbau","Förderung der Errichtung von Fahrrad- und Scooterabstellanlagen auf nicht öffentlichem Grund","1030",1450,1,2024
"Innovation, Stadtplanung und Mobilität","Straßenverwaltung und Straßenbau","Förderung der Errichtung von Fahrrad- und Scooterabstellanlagen auf nicht öffentlichem Grund","1200",1656,1,2024
"Innovation, Stadtplanung und Mobilität","Straßenverwaltung und Straßenbau","Förderung von (Elektro-)Transportfahrrädern, ""Spezialfahrrädern"" und ""Grätzlrädern""","1130",1000,1,2024
"Innovation, Stadtplanung und Mobilität","Straßenverwaltung und Straßenbau","Förderung von (Elektro-)Transportfahrrädern, ""Spezialfahrrädern"" und ""Grätzlrädern""","1210",1000,1,2024
"Innovation, Stadtplanung und Mobilität","Straßenverwaltung und Straßenbau","Förderung von (Elektro-)Transportfahrrädern, ""Spezialfahrrädern"" und ""Grätzlrädern""","1200",1000,1,2024
"Innovation, Stadtplanung und Mobilität","Straßenverwaltung und Straßenbau","Förderung von (Elektro-)Transportfahrrädern, ""Spezialfahrrädern"" und ""Grätzlrädern""","1160",1000,1,2024
"Innovation, Stadtplanung und Mobilität","Straßenverwaltung und Straßenbau","Förderung von (Elektro-)Transportfahrrädern, ""Spezialfahrrädern"" und ""Grätzlrädern""","1040",1000,1,2024
"Innovation, Stadtplanung und Mobilität","Straßenverwaltung und Straßenbau","Förderung von (Elektro-)Transportfahrrädern, ""Spezialfahrrädern"" und ""Grätzlrädern""","1200",1000,1,2024
"Innovation, Stadtplanung und Mobilität","Straßenverwaltung und Straßenbau","Förderung von (Elektro-)Transportfahrrädern, ""Spezialfahrrädern"" und ""Grätzlrädern""","1220",1000,1,2024
"Innovation, Stadtplanung und Mobilität","Straßenverwaltung und Straßenbau","Förderung von (Elektro-)Transportfahrrädern, ""Spezialfahrrädern"" und ""Grätzlrädern""","1220",1000,1,2024
"Innovation, Stadtplanung und Mobilität","Straßenverwaltung und Straßenbau","Förderung von (Elektro-)Transportfahrrädern, ""Spezialfahrrädern"" und ""Grätzlrädern""","1070",1000,1,2024
"Innovation, Stadtplanung und Mobilität","Straßenverwaltung und Straßenbau","Förderung von (Elektro-)Transportfahrrädern, ""Spezialfahrrädern"" und ""Grätzlrädern""","1210",1000,1,2024
"Innovation, Stadtplanung und Mobilität","Straßenverwaltung und Straßenbau","Förderung von (Elektro-)Transportfahrrädern, ""Spezialfahrrädern"" und ""Grätzlrädern""","1030",1000,1,2024
"Innovation, Stadtplanung und Mobilität","Straßenverwaltung und Straßenbau","Förderung von (Elektro-)Transportfahrrädern, ""Spezialfahrrädern"" und ""Grätzlrädern""","1030",1000,1,2024
"Innovation, Stadtplanung und Mobilität","Straßenverwaltung und Straßenbau","Förderung von (Elektro-)Transportfahrrädern, ""Spezialfahrrädern"" und ""Grätzlrädern""","1170",1000,1,2024
"Innovation, Stadtplanung und Mobilität","Straßenverwaltung und Straßenbau","Förderung von (Elektro-)Transportfahrrädern, ""Spezialfahrrädern"" und ""Grätzlrädern""","1020",1000,1,2024
"Innovation, Stadtplanung und Mobilität","Straßenverwaltung und Straßenbau","Förderung von (Elektro-)Transportfahrrädern, ""Spezialfahrrädern"" und ""Grätzlrädern""","1030",1000,1,2024
"Innovation, Stadtplanung und Mobilität","Straßenverwaltung und Straßenbau","Förderung von (Elektro-)Transportfahrrädern, ""Spezialfahrrädern"" und ""Grätzlrädern""","1210",1000,1,2024
"Innovation, Stadtplanung und Mobilität","Straßenverwaltung und Straßenbau","Förderung von (Elektro-)Transportfahrrädern, ""Spezialfahrrädern"" und ""Grätzlrädern""","1220",1000,1,2024
"Innovation, Stadtplanung und Mobilität","Straßenverwaltung und Straßenbau","Förderung von (Elektro-)Transportfahrrädern, ""Spezialfahrrädern"" und ""Grätzlrädern""","1170",1000,1,2024
"Innovation, Stadtplanung und Mobilität","Straßenverwaltung und Straßenbau","Förderung von (Elektro-)Transportfahrrädern, ""Spezialfahrrädern"" und ""Grätzlrädern""","1020",1000,1,2024
"Innovation, Stadtplanung und Mobilität","Straßenverwaltung und Straßenbau","Förderung von (Elektro-)Transportfahrrädern, ""Spezialfahrrädern"" und ""Grätzlrädern""","1180",1000,1,2024
"Innovation, Stadtplanung und Mobilität","Straßenverwaltung und Straßenbau","Förderung von (Elektro-)Transportfahrrädern, ""Spezialfahrrädern"" und ""Grätzlrädern""","1070",800,1,2024
"Innovation, Stadtplanung und Mobilität","Straßenverwaltung und Straßenbau","Förderung von (Elektro-)Transportfahrrädern, ""Spezialfahrrädern"" und ""Grätzlrädern""","1180",1000,1,2024
"Innovation, Stadtplanung und Mobilität","Straßenverwaltung und Straßenbau","Förderung von (Elektro-)Transportfahrrädern, ""Spezialfahrrädern"" und ""Grätzlrädern""","1020",1000,1,2024
"Innovation, Stadtplanung und Mobilität","Straßenverwaltung und Straßenbau","Förderung von (Elektro-)Transportfahrrädern, ""Spezialfahrrädern"" und ""Grätzlrädern""","1230",1000,1,2024
"Innovation, Stadtplanung und Mobilität","Straßenverwaltung und Straßenbau","Förderung von (Elektro-)Transportfahrrädern, ""Spezialfahrrädern"" und ""Grätzlrädern""","1150",1000,1,2024
"Innovation, Stadtplanung und Mobilität","Straßenverwaltung und Straßenbau","Förderung von (Elektro-)Transportfahrrädern, ""Spezialfahrrädern"" und ""Grätzlrädern""","1220",1000,1,2024
"Innovation, Stadtplanung und Mobilität","Straßenverwaltung und Straßenbau","Förderung von (Elektro-)Transportfahrrädern, ""Spezialfahrrädern"" und ""Grätzlrädern""","1180",1000,1,2024
"Innovation, Stadtplanung und Mobilität","Straßenverwaltung und Straßenbau","Förderung von (Elektro-)Transportfahrrädern, ""Spezialfahrrädern"" und ""Grätzlrädern""","1220",1000,1,2024
"Innovation, Stadtplanung und Mobilität","Straßenverwaltung und Straßenbau","Förderung von (Elektro-)Transportfahrrädern, ""Spezialfahrrädern"" und ""Grätzlrädern""","1220",1000,1,2024
"Innovation, Stadtplanung und Mobilität","Straßenverwaltung und Straßenbau","Förderung von (Elektro-)Transportfahrrädern, ""Spezialfahrrädern"" und ""Grätzlrädern""","1130",1000,1,2024
"Innovation, Stadtplanung und Mobilität","Straßenverwaltung und Straßenbau","Förderung von (Elektro-)Transportfahrrädern, ""Spezialfahrrädern"" und ""Grätzlrädern""","1050",1000,1,2024
"Innovation, Stadtplanung und Mobilität","Straßenverwaltung und Straßenbau","Förderung von (Elektro-)Transportfahrrädern, ""Spezialfahrrädern"" und ""Grätzlrädern""","1020",1000,1,2024
"Innovation, Stadtplanung und Mobilität","Straßenverwaltung und Straßenbau","Förderung von (Elektro-)Transportfahrrädern, ""Spezialfahrrädern"" und ""Grätzlrädern""","1020",799.59,1,2024
"Innovation, Stadtplanung und Mobilität","Straßenverwaltung und Straßenbau","Förderung von (Elektro-)Transportfahrrädern, ""Spezialfahrrädern"" und ""Grätzlrädern""","1030",1000,1,2024
"Innovation, Stadtplanung und Mobilität","Straßenverwaltung und Straßenbau","Förderung von (Elektro-)Transportfahrrädern, ""Spezialfahrrädern"" und ""Grätzlrädern""","1200",1000,1,2024
"Innovation, Stadtplanung und Mobilität","Straßenverwaltung und Straßenbau","Förderung von (Elektro-)Transportfahrrädern, ""Spezialfahrrädern"" und ""Grätzlrädern""","1150",1000,1,2024
"Innovation, Stadtplanung und Mobilität","Straßenverwaltung und Straßenbau","Förderung von (Elektro-)Transportfahrrädern, ""Spezialfahrrädern"" und ""Grätzlrädern""","1200",1000,1,2024
"Innovation, Stadtplanung und Mobilität","Straßenverwaltung und Straßenbau","Förderung von (Elektro-)Transportfahrrädern, ""Spezialfahrrädern"" und ""Grätzlrädern""","1200",800,1,2024
"Innovation, Stadtplanung und Mobilität","Straßenverwaltung und Straßenbau","Förderung von (Elektro-)Transportfahrrädern, ""Spezialfahrrädern"" und ""Grätzlrädern""","1150",1000,1,2024
"Innovation, Stadtplanung und Mobilität","Straßenverwaltung und Straßenbau","Förderung der Errichtung von Fahrrad- und Scooterabstellanlagen auf nicht öffentlichem Grund","1200",4140,1,2024
"Innovation, Stadtplanung und Mobilität","Straßenverwaltung und Straßenbau","Förderung von (Elektro-)Transportfahrrädern, ""Spezialfahrrädern"" und ""Grätzlrädern""","1140",1000,1,2024
"Innovation, Stadtplanung und Mobilität","Straßenverwaltung und Straßenbau","Förderung von (Elektro-)Transportfahrrädern, ""Spezialfahrrädern"" und ""Grätzlrädern""","1200",1000,1,2024
"Innovation, Stadtplanung und Mobilität","Straßenverwaltung und Straßenbau","Förderung von (Elektro-)Transportfahrrädern, ""Spezialfahrrädern"" und ""Grätzlrädern""","1190",1000,1,2024
"Innovation, Stadtplanung und Mobilität","Straßenverwaltung und Straßenbau","Förderung von (Elektro-)Transportfahrrädern, ""Spezialfahrrädern"" und ""Grätzlrädern""","1140",1000,1,2024
"Innovation, Stadtplanung und Mobilität","Straßenverwaltung und Straßenbau","Förderung von (Elektro-)Transportfahrrädern, ""Spezialfahrrädern"" und ""Grätzlrädern""","1040",1000,1,2024
"Innovation, Stadtplanung und Mobilität","Straßenverwaltung und Straßenbau","Förderung von (Elektro-)Transportfahrrädern, ""Spezialfahrrädern"" und ""Grätzlrädern""","1020",1000,1,2024
"Innovation, Stadtplanung und Mobilität","Straßenverwaltung und Straßenbau","Förderung von (Elektro-)Transportfahrrädern, ""Spezialfahrrädern"" und ""Grätzlrädern""","1050",1000,1,2024
"Innovation, Stadtplanung und Mobilität","Straßenverwaltung und Straßenbau","Förderung von (Elektro-)Transportfahrrädern, ""Spezialfahrrädern"" und ""Grätzlrädern""","1020",1000,1,2024
"Innovation, Stadtplanung und Mobilität","Straßenverwaltung und Straßenbau","Förderung von (Elektro-)Transportfahrrädern, ""Spezialfahrrädern"" und ""Grätzlrädern""","1230",1000,1,2024
"Innovation, Stadtplanung und Mobilität","Straßenverwaltung und Straßenbau","Förderung von (Elektro-)Transportfahrrädern, ""Spezialfahrrädern"" und ""Grätzlrädern""","1070",1000,1,2024
"Innovation, Stadtplanung und Mobilität","Straßenverwaltung und Straßenbau","Förderung von (Elektro-)Transportfahrrädern, ""Spezialfahrrädern"" und ""Grätzlrädern""","1160",1000,1,2024
"Innovation, Stadtplanung und Mobilität","Straßenverwaltung und Straßenbau","Förderung der Errichtung von Fahrrad- und Scooterabstellanlagen auf nicht öffentlichem Grund","1210",624,1,2024
"Innovation, Stadtplanung und Mobilität","Straßenverwaltung und Straßenbau","Förderung der Errichtung von Fahrrad- und Scooterabstellanlagen auf nicht öffentlichem Grund","1100",2064,1,2024
"Innovation, Stadtplanung und Mobilität","Straßenverwaltung und Straßenbau","Förderung der Errichtung von Fahrrad- und Scooterabstellanlagen auf nicht öffentlichem Grund","1010",332.6,1,2024
"Innovation, Stadtplanung und Mobilität","Straßenverwaltung und Straßenbau","Förderung der Errichtung von Fahrrad- und Scooterabstellanlagen auf nicht öffentlichem Grund","1200",1040,1,2024
"Innovation, Stadtplanung und Mobilität","Straßenverwaltung und Straßenbau","Förderung von (Elektro-)Transportfahrrädern, ""Spezialfahrrädern"" und ""Grätzlrädern""","1230",1000,1,2024
"Innovation, Stadtplanung und Mobilität","Straßenverwaltung und Straßenbau","Förderung von (Elektro-)Transportfahrrädern, ""Spezialfahrrädern"" und ""Grätzlrädern""","1230",1000,1,2024
"Innovation, Stadtplanung und Mobilität","Straßenverwaltung und Straßenbau","Förderung von (Elektro-)Transportfahrrädern, ""Spezialfahrrädern"" und ""Grätzlrädern""","1020",1000,1,2024
"Innovation, Stadtplanung und Mobilität","Straßenverwaltung und Straßenbau","Förderung von (Elektro-)Transportfahrrädern, ""Spezialfahrrädern"" und ""Grätzlrädern""","1180",1000,1,2024
"Innovation, Stadtplanung und Mobilität","Straßenverwaltung und Straßenbau","Förderung von (Elektro-)Transportfahrrädern, ""Spezialfahrrädern"" und ""Grätzlrädern""","1020",800,1,2024
"Innovation, Stadtplanung und Mobilität","Straßenverwaltung und Straßenbau","Förderung von (Elektro-)Transportfahrrädern, ""Spezialfahrrädern"" und ""Grätzlrädern""","1140",1000,1,2024
"Innovation, Stadtplanung und Mobilität","Straßenverwaltung und Straßenbau","Förderung von (Elektro-)Transportfahrrädern, ""Spezialfahrrädern"" und ""Grätzlrädern""","1140",1000,1,2024
"Innovation, Stadtplanung und Mobilität","Straßenverwaltung und Straßenbau","Förderung von (Elektro-)Transportfahrrädern, ""Spezialfahrrädern"" und ""Grätzlrädern""","1130",1000,1,2024
"Innovation, Stadtplanung und Mobilität","Straßenverwaltung und Straßenbau","Förderung von (Elektro-)Transportfahrrädern, ""Spezialfahrrädern"" und ""Grätzlrädern""","1120",800,1,2024
"Innovation, Stadtplanung und Mobilität","Straßenverwaltung und Straßenbau","Förderung von (Elektro-)Transportfahrrädern, ""Spezialfahrrädern"" und ""Grätzlrädern""","1020",800,1,2024
"Innovation, Stadtplanung und Mobilität","Straßenverwaltung und Straßenbau","Förderung von (Elektro-)Transportfahrrädern, ""Spezialfahrrädern"" und ""Grätzlrädern""","1220",1000,1,2024
"Innovation, Stadtplanung und Mobilität","Straßenverwaltung und Straßenbau","Förderung von (Elektro-)Transportfahrrädern, ""Spezialfahrrädern"" und ""Grätzlrädern""","1020",1000,1,2024
"Innovation, Stadtplanung und Mobilität","Straßenverwaltung und Straßenbau","Förderung von (Elektro-)Transportfahrrädern, ""Spezialfahrrädern"" und ""Grätzlrädern""","1170",800,1,2024
"Innovation, Stadtplanung und Mobilität","Straßenverwaltung und Straßenbau","Förderung von (Elektro-)Transportfahrrädern, ""Spezialfahrrädern"" und ""Grätzlrädern""","1030",1000,1,2024
"Innovation, Stadtplanung und Mobilität","Straßenverwaltung und Straßenbau","Förderung von (Elektro-)Transportfahrrädern, ""Spezialfahrrädern"" und ""Grätzlrädern""","1020",1000,1,2024
"Innovation, Stadtplanung und Mobilität","Straßenverwaltung und Straßenbau","Förderung von (Elektro-)Transportfahrrädern, ""Spezialfahrrädern"" und ""Grätzlrädern""","1220",1000,1,2024
"Innovation, Stadtplanung und Mobilität","Straßenverwaltung und Straßenbau","Förderung von (Elektro-)Transportfahrrädern, ""Spezialfahrrädern"" und ""Grätzlrädern""","1120",1000,1,2024
"Innovation, Stadtplanung und Mobilität","Straßenverwaltung und Straßenbau","Förderung von (Elektro-)Transportfahrrädern, ""Spezialfahrrädern"" und ""Grätzlrädern""","1160",1000,1,2024
"Innovation, Stadtplanung und Mobilität","Straßenverwaltung und Straßenbau","Förderung von (Elektro-)Transportfahrrädern, ""Spezialfahrrädern"" und ""Grätzlrädern""","1020",1000,1,2024
"Innovation, Stadtplanung und Mobilität","Straßenverwaltung und Straßenbau","Förderung von (Elektro-)Transportfahrrädern, ""Spezialfahrrädern"" und ""Grätzlrädern""","1230",1000,1,2024
"Innovation, Stadtplanung und Mobilität","Straßenverwaltung und Straßenbau","Förderung von (Elektro-)Transportfahrrädern, ""Spezialfahrrädern"" und ""Grätzlrädern""","1140",1000,1,2024
"Innovation, Stadtplanung und Mobilität","Straßenverwaltung und Straßenbau","Förderung von (Elektro-)Transportfahrrädern, ""Spezialfahrrädern"" und ""Grätzlrädern""","1080",1000,1,2024
"Innovation, Stadtplanung und Mobilität","Straßenverwaltung und Straßenbau","Förderung der Errichtung von Fahrrad- und Scooterabstellanlagen auf nicht öffentlichem Grund","1060",520,1,2024
"Innovation, Stadtplanung und Mobilität","Straßenverwaltung und Straßenbau","Förderung der Errichtung von Fahrrad- und Scooterabstellanlagen auf nicht öffentlichem Grund","1140",4342,1,2024
"Innovation, Stadtplanung und Mobilität","Straßenverwaltung und Straßenbau","Förderung der Errichtung von Fahrrad- und Scooterabstellanlagen auf nicht öffentlichem Grund","1180",2070,1,2024
"Innovation, Stadtplanung und Mobilität","Straßenverwaltung und Straßenbau","Förderung von (Elektro-)Transportfahrrädern, ""Spezialfahrrädern"" und ""Grätzlrädern""","1160",4000,1,2024
"Innovation, Stadtplanung und Mobilität","Straßenverwaltung und Straßenbau","Förderung von (Elektro-)Transportfahrrädern, ""Spezialfahrrädern"" und ""Grätzlrädern""","1080",4000,1,2024
"Innovation, Stadtplanung und Mobilität","Straßenverwaltung und Straßenbau","Förderung der Errichtung von Fahrrad- und Scooterabstellanlagen auf nicht öffentlichem Grund","1010",1385,1,2024
"Innovation, Stadtplanung und Mobilität","Straßenverwaltung und Straßenbau","Förderung von (Elektro-)Transportfahrrädern, ""Spezialfahrrädern"" und ""Grätzlrädern""","1130",1000,1,2024
"Innovation, Stadtplanung und Mobilität","Straßenverwaltung und Straßenbau","Förderung von (Elektro-)Transportfahrrädern, ""Spezialfahrrädern"" und ""Grätzlrädern""","1120",1000,1,2024
"Innovation, Stadtplanung und Mobilität","Straßenverwaltung und Straßenbau","Förderung von (Elektro-)Transportfahrrädern, ""Spezialfahrrädern"" und ""Grätzlrädern""","1020",1000,1,2024
"Innovation, Stadtplanung und Mobilität","Straßenverwaltung und Straßenbau","Förderung von (Elektro-)Transportfahrrädern, ""Spezialfahrrädern"" und ""Grätzlrädern""","1170",1000,1,2024
"Innovation, Stadtplanung und Mobilität","Straßenverwaltung und Straßenbau","Förderung von (Elektro-)Transportfahrrädern, ""Spezialfahrrädern"" und ""Grätzlrädern""","1060",1000,1,2024
"Innovation, Stadtplanung und Mobilität","Straßenverwaltung und Straßenbau","Förderung von (Elektro-)Transportfahrrädern, ""Spezialfahrrädern"" und ""Grätzlrädern""","1020",1000,1,2024
"Innovation, Stadtplanung und Mobilität","Straßenverwaltung und Straßenbau","Förderung von (Elektro-)Transportfahrrädern, ""Spezialfahrrädern"" und ""Grätzlrädern""","1180",1000,1,2024
"Innovation, Stadtplanung und Mobilität","Straßenverwaltung und Straßenbau","Förderung von (Elektro-)Transportfahrrädern, ""Spezialfahrrädern"" und ""Grätzlrädern""","1140",1000,1,2024
"Innovation, Stadtplanung und Mobilität","Straßenverwaltung und Straßenbau","Förderung von (Elektro-)Transportfahrrädern, ""Spezialfahrrädern"" und ""Grätzlrädern""","1020",1000,1,2024
"Innovation, Stadtplanung und Mobilität","Straßenverwaltung und Straßenbau","Förderung von (Elektro-)Transportfahrrädern, ""Spezialfahrrädern"" und ""Grätzlrädern""","1170",1000,1,2024
"Innovation, Stadtplanung und Mobilität","Straßenverwaltung und Straßenbau","Förderung von (Elektro-)Transportfahrrädern, ""Spezialfahrrädern"" und ""Grätzlrädern""","1230",1000,1,2024
"Innovation, Stadtplanung und Mobilität","Straßenverwaltung und Straßenbau","Förderung von (Elektro-)Transportfahrrädern, ""Spezialfahrrädern"" und ""Grätzlrädern""","1180",1000,1,2024
"Klima, Umwelt, Demokratie und Personal","Umweltschutz","Wiener Reparaturbon","#",304529.7,3350,2024
"Klima, Umwelt, Demokratie und Personal","Umweltschutz","OekoBusiness Wien","#",996599.39,330,2024
"Klima, Umwelt, Demokratie und Personal","Umweltschutz","Förderung der Dachbegrünung in Wien","1210",1760,1,2024
"Klima, Umwelt, Demokratie und Personal","Umweltschutz","Förderung Begrünung/Entsiegelung","1200",1300,1,2024
"Klima, Umwelt, Demokratie und Personal","Umweltschutz","Förderung Begrünung/Entsiegelung","1070",10000,1,2024
"Klima, Umwelt, Demokratie und Personal","Umweltschutz","Förderungen an private Organisationen ohne Erwerbszweck zur Realisierung von Umweltschutzmaßnahmen","1070",15000,1,2024
"Klima, Umwelt, Demokratie und Personal","Umweltschutz","Förderungen an private Organisationen ohne Erwerbszweck zur Realisierung von Umweltschutzmaßnahmen","1080",16500,1,2024
"Klima, Umwelt, Demokratie und Personal","Umweltschutz","Förderung der Dachbegrünung in Wien","1230",1000,1,2024
"Klima, Umwelt, Demokratie und Personal","Umweltschutz","Förderungen an private Organisationen ohne Erwerbszweck zur Realisierung von Umweltschutzmaßnahmen","1190",35000,1,2024
"Klima, Umwelt, Demokratie und Personal","Umweltschutz","Förderungen an private Organisationen ohne Erwerbszweck zur Realisierung von Umweltschutzmaßnahmen","1150",15500,1,2024
"Klima, Umwelt, Demokratie und Personal","Umweltschutz","Förderung der Fassadenbegrünung in Wien Privatgrundstück","1220",3200,1,2024
"Klima, Umwelt, Demokratie und Personal","Umweltschutz","Förderung der Fassadenbegrünung in Wien straßenseitig","1150",5200,1,2024
"Klima, Umwelt, Demokratie und Personal","Umweltschutz","Förderungen an Unternehmungen (ohne FinanzU) zur Realisierung von Umweltschutzmaßnahmen","1090",921250,1,2024
"Klima, Umwelt, Demokratie und Personal","Umweltschutz","Förderung der Dachbegrünung in Wien","1050",3487.24,1,2024
"Klima, Umwelt, Demokratie und Personal","Umweltschutz","Förderung der Dachbegrünung in Wien","6370",1380,1,2024
"Klima, Umwelt, Demokratie und Personal","Umweltschutz","Förderungen an private Organisationen ohne Erwerbszweck zur Realisierung von Umweltschutzmaßnahmen","3100",8500,1,2024
"Klima, Umwelt, Demokratie und Personal","Umweltschutz","Förderung der Fassadenbegrünung in Wien straßenseitig","6020",5200,1,2024
"Klima, Umwelt, Demokratie und Personal","Umweltschutz","Förderung der Fassadenbegrünung in Wien Privatgrundstück","6020",1013.64,1,2024
"Klima, Umwelt, Demokratie und Personal","Umweltschutz","Förderungen an private Organisationen ohne Erwerbszweck zur Realisierung von Umweltschutzmaßnahmen","3100",5000,1,2024
"Klima, Umwelt, Demokratie und Personal","Umweltschutz","Förderungen an private Organisationen ohne Erwerbszweck zur Realisierung von Umweltschutzmaßnahmen","1060",9000,1,2024
"Klima, Umwelt, Demokratie und Personal","Umweltschutz","Förderungen an private Organisationen ohne Erwerbszweck zur Realisierung von Umweltschutzmaßnahmen","1010",623905.79,1,2024
"Klima, Umwelt, Demokratie und Personal","Umweltschutz","Förderungen an Unternehmungen (ohne FinanzU) zur Realisierung von Umweltschutzmaßnahmen","1190",30000,1,2024
"Klima, Umwelt, Demokratie und Personal","Umweltschutz","Förderung der Fassadenbegrünung in Wien Privatgrundstück","1080",3200,1,2024
"Klima, Umwelt, Demokratie und Personal","Umweltschutz","Förderungen an private Organisationen ohne Erwerbszweck zur Realisierung von Umweltschutzmaßnahmen","1010",470000,1,2024
"Klima, Umwelt, Demokratie und Personal","Umweltschutz","Förderungen an private Organisationen ohne Erwerbszweck zur Realisierung von Umweltschutzmaßnahmen","1070",10000,1,2024
"Klima, Umwelt, Demokratie und Personal","Umweltschutz","Förderungen an private Organisationen ohne Erwerbszweck zur Realisierung von Umweltschutzmaßnahmen","1140",15000,1,2024
"Klima, Umwelt, Demokratie und Personal","Umweltschutz","Förderungen an private Organisationen ohne Erwerbszweck zur Realisierung von Umweltschutzmaßnahmen","1090",33500,1,2024
"Klima, Umwelt, Demokratie und Personal","Umweltschutz","Förderungen an private Organisationen ohne Erwerbszweck zur Realisierung von Umweltschutzmaßnahmen","4040",6000,1,2024
"Klima, Umwelt, Demokratie und Personal","Umweltschutz","Förderungen an private Organisationen ohne Erwerbszweck zur Realisierung von Umweltschutzmaßnahmen","4400",10000,1,2024
"Klima, Umwelt, Demokratie und Personal","Umweltschutz","Förderungen an private Organisationen ohne Erwerbszweck zur Realisierung von Umweltschutzmaßnahmen","1070",18000,1,2024
"Klima, Umwelt, Demokratie und Personal","Umweltschutz","Förderungen an private Organisationen ohne Erwerbszweck zur Realisierung von Umweltschutzmaßnahmen","1220",20000,1,2024
"Klima, Umwelt, Demokratie und Personal","Umweltschutz","Förderungen an private Organisationen ohne Erwerbszweck zur Realisierung von Umweltschutzmaßnahmen","1190",8000,1,2024
"Klima, Umwelt, Demokratie und Personal","Umweltschutz","Förderungen an Unternehmungen (ohne FinanzU) zur Realisierung von Umweltschutzmaßnahmen","2286",4000,1,2024
"Klima, Umwelt, Demokratie und Personal","Umweltschutz","Förderungen an Unternehmungen (ohne FinanzU) zur Realisierung von Umweltschutzmaßnahmen","2232",8500,1,2024
"Klima, Umwelt, Demokratie und Personal","Umweltschutz","Förderungen an private Organisationen ohne Erwerbszweck zur Realisierung von Umweltschutzmaßnahmen","1070",49000,1,2024
"Klima, Umwelt, Demokratie und Personal","Umweltschutz","Förderungen an private Organisationen ohne Erwerbszweck zur Realisierung von Umweltschutzmaßnahmen","1120",2000,1,2024
"Klima, Umwelt, Demokratie und Personal","Umweltschutz","Förderungen an private Organisationen ohne Erwerbszweck zur Realisierung von Umweltschutzmaßnahmen","1100",2000,1,2024
"Klima, Umwelt, Demokratie und Personal","Umweltschutz","Förderungen an private Organisationen ohne Erwerbszweck zur Realisierung von Umweltschutzmaßnahmen","1060",24000,1,2024
"Klima, Umwelt, Demokratie und Personal","Umweltschutz","Förderungen an private Organisationen ohne Erwerbszweck zur Realisierung von Umweltschutzmaßnahmen","1060",12000,1,2024
"Klima, Umwelt, Demokratie und Personal","Umweltschutz","Förderungen an private Organisationen ohne Erwerbszweck zur Realisierung von Umweltschutzmaßnahmen","1150",13000,1,2024
"Klima, Umwelt, Demokratie und Personal","Umweltschutz","Förderungen an private Organisationen ohne Erwerbszweck zur Realisierung von Umweltschutzmaßnahmen","1230",35000,1,2024
"Klima, Umwelt, Demokratie und Personal","Umweltschutz","Förderungen an private Organisationen ohne Erwerbszweck zur Realisierung von Umweltschutzmaßnahmen","1100",1500,1,2024
"Klima, Umwelt, Demokratie und Personal","Umweltschutz","Förderungen an Unternehmungen (ohne FinanzU) zur Realisierung von Umweltschutzmaßnahmen","2232",154560,1,2024
"Klima, Umwelt, Demokratie und Personal","Umweltschutz","Förderung der Dachbegrünung in Wien","1050",1109.36,1,2024
"Klima, Umwelt, Demokratie und Personal","Umweltschutz","Förderung der Fassadenbegrünung in Wien Privatgrundstück","1160",2323.44,1,2024
"Klima, Umwelt, Demokratie und Personal","Umweltschutz","Förderung der Dachbegrünung in Wien","1050",870.8,1,2024
"Klima, Umwelt, Demokratie und Personal","Umweltschutz","Förderung der Dachbegrünung in Wien","1050",2879.52,1,2024
"Klima, Umwelt, Demokratie und Personal","Umweltschutz","Förderungen an private Organisationen ohne Erwerbszweck zur Realisierung von Umweltschutzmaßnahmen","1040",8000,1,2024
"Klima, Umwelt, Demokratie und Personal","Umweltschutz","Förderung der Fassadenbegrünung in Wien straßenseitig","1080",5200,1,2024
"Klima, Umwelt, Demokratie und Personal","Umweltschutz","Förderungen an Unternehmungen (ohne FinanzU) zur Realisierung von Umweltschutzmaßnahmen","1010",10000,1,2024
"Klima, Umwelt, Demokratie und Personal","Umweltschutz","Förderungen an private Organisationen ohne Erwerbszweck zur Realisierung von Umweltschutzmaßnahmen","1040",8000,1,2024
"Klima, Umwelt, Demokratie und Personal","Umweltschutz","Förderung der Fassadenbegrünung in Wien Privatgrundstück","1020",3200,1,2024
"Klima, Umwelt, Demokratie und Personal","Umweltschutz","Förderung der Dachbegrünung in Wien","1140",9823.09,1,2024
"Klima, Umwelt, Demokratie und Personal","Umweltschutz","Förderung der Dachbegrünung in Wien","1120",2100,1,2024
"Klima, Umwelt, Demokratie und Personal","Umweltschutz","Förderung der Dachbegrünung in Wien","1020",965,1,2024
"Klima, Umwelt, Demokratie und Personal","Umweltschutz","Förderung der Fassadenbegrünung in Wien Privatgrundstück","1180",4290,1,2024
"Klima, Umwelt, Demokratie und Personal","Umweltschutz","Förderungen an private Organisationen ohne Erwerbszweck zur Realisierung von Umweltschutzmaßnahmen","1100",2000,1,2024
"Klima, Umwelt, Demokratie und Personal","Umweltschutz","Förderung der Fassadenbegrünung in Wien straßenseitig","1100",5200,1,2024
"Klima, Umwelt, Demokratie und Personal","Wasserrecht","Förderung der Wiener Land- und Forstwirtschaft","#",1491236.66,13,2024
"Klima, Umwelt, Demokratie und Personal","Wasserrecht","Förderung Landwirtschaftskammer Wien","1060",780000,1,2024
"Kultur und Wissenschaft","Kultur","Elias-Canetti-Stipendium","1200",18000,1,2024
"Kultur und Wissenschaft","Kultur","Einzel- und Gesamtförderung im Bereich Kulturinitiativen","1060",2000,1,2024
"Kultur und Wissenschaft","Kultur","Einzel- und Gesamtförderung im Bereich Darstellende Kunst","1190",50000,1,2024
"Kultur und Wissenschaft","Kultur","Einzel- und Gesamtförderung im Bereich Musik","1190",20000,1,2024
"Kultur und Wissenschaft","Kultur","Würdigungspreise der Stadt Wien","1150",10000,1,2024
"Kultur und Wissenschaft","Kultur","Würdigungspreise der Stadt Wien","1180",4000,1,2024
"Kultur und Wissenschaft","Kultur","Würdigungspreise der Stadt Wien","1160",4000,1,2024
"Kultur und Wissenschaft","Kultur","Würdigungspreise der Stadt Wien","1070",4000,1,2024
"Kultur und Wissenschaft","Kultur","Würdigungspreise der Stadt Wien","1040",4000,1,2024
"Kultur und Wissenschaft","Kultur","Würdigungspreise der Stadt Wien","1020",10000,1,2024
"Kultur und Wissenschaft","Kultur","Würdigungspreise der Stadt Wien","1170",4000,1,2024
"Kultur und Wissenschaft","Kultur","Einzel- und Gesamtförderung im Bereich Wissenschaft und Forschung","1060",4500,1,2024
"Kultur und Wissenschaft","Kultur","Einzel- und Gesamtförderung im Bereich Wissenschaft und Forschung","1040",2000,1,2024
"Kultur und Wissenschaft","Kultur","Einzel- und Gesamtförderung im Bereich Wissenschaft und Forschung","1010",20000,1,2024
"Kultur und Wissenschaft","Kultur","Einzel- und Gesamtförderung im Bereich Wissenschaft und Forschung","1040",15000,1,2024
"Kultur und Wissenschaft","Kultur","Einzel- und Gesamtförderung im Bereich Kulturinitiativen","1030",2000,1,2024
"Kultur und Wissenschaft","Kultur","Elias-Canetti-Stipendium","1160",18000,1,2024
"Kultur und Wissenschaft","Kultur","Elias-Canetti-Stipendium","1020",18000,1,2024
"Kultur und Wissenschaft","Kultur","Würdigungspreise der Stadt Wien","1080",10000,1,2024
"Kultur und Wissenschaft","Kultur","Würdigungspreise der Stadt Wien","1200",10000,1,2024
"Kultur und Wissenschaft","Kultur","Wiener Altstadterhaltungsfonds","1010",121246.8,1,2024
"Kultur und Wissenschaft","Kultur","Würdigungspreise der Stadt Wien","69124",4000,1,2024
"Kultur und Wissenschaft","Kultur","Würdigungspreise der Stadt Wien","1080",10000,1,2024
"Kultur und Wissenschaft","Kultur","Würdigungspreise der Stadt Wien","1200",10000,1,2024
"Kultur und Wissenschaft","Kultur","Würdigungspreise der Stadt Wien","1120",10000,1,2024
"Kultur und Wissenschaft","Kultur","Würdigungspreise der Stadt Wien","1020",4000,1,2024
"Kultur und Wissenschaft","Kultur","Bau- und Investitonskostenzuschuss","1040",25000,1,2024
"Kultur und Wissenschaft","Kultur","Einzel- und Gesamtförderung im Bereich Wissenschaft und Forschung","1090",5000,1,2024
"Kultur und Wissenschaft","Kultur","Einzel- und Gesamtförderung im Bereich Wissenschaft und Forschung","1020",2000,1,2024
"Kultur und Wissenschaft","Kultur","Einzel- und Gesamtförderung im Bereich Wissenschaft und Forschung","1030",2500,1,2024
"Kultur und Wissenschaft","Kultur","Einzel- und Gesamtförderung im Bereich Kulturinitiativen","1200",220000,1,2024
"Kultur und Wissenschaft","Kultur","Einzel- und Gesamtförderung im Bereich Wissenschaft und Forschung","1030",3500,1,2024
"Kultur und Wissenschaft","Kultur","Einzel- und Gesamtförderung im Bereich Kulturinitiativen","1210",2000,1,2024
"Kultur und Wissenschaft","Kultur","Einzel- und Gesamtförderung im Bereich Wissenschaft und Forschung","1070",4000,1,2024
"Kultur und Wissenschaft","Kultur","Förderung von Institutionen im Bereich Darstellende Kunst","1040",120000,1,2024
"Kultur und Wissenschaft","Kultur","Förderung von Institutionen im Bereich Darstellende Kunst","1080",720000,1,2024
"Kultur und Wissenschaft","Kultur","Einzel- und Gesamtförderung im Bereich Film, Mode und Design","1010",30000,1,2024
"Kultur und Wissenschaft","Kultur","Einzel- und Gesamtförderung im Bereich Musik","1030",55000,1,2024
"Kultur und Wissenschaft","Kultur","Einzel- und Gesamtförderung im Bereich Wissenschaft und Forschung","1070",5000,1,2024
"Kultur und Wissenschaft","Kultur","Einzel- und Gesamtförderung im Bereich Literatur","1010",5000,1,2024
"Kultur und Wissenschaft","Kultur","Bau- und Investitonskostenzuschuss","1070",2e+05,1,2024
"Kultur und Wissenschaft","Kultur","Einzel- und Gesamtförderung im Bereich Film, Mode und Design","1030",3000,1,2024
"Kultur und Wissenschaft","Kultur","Einzel- und Gesamtförderung im Bereich Kulturinitiativen","1030",4e+06,1,2024
"Kultur und Wissenschaft","Kultur","Einzel- und Gesamtförderung im Bereich Musik","1050",1140000,1,2024
"Kultur und Wissenschaft","Kultur","Einzel- und Gesamtförderung im Bereich Kulturinitiativen","1080",20462,1,2024
"Kultur und Wissenschaft","Kultur","Einzel- und Gesamtförderung im Bereich Darstellende Kunst","1010",33000,1,2024
"Kultur und Wissenschaft","Kultur","Wiener Altstadterhaltungsfonds","1140",32325.46,1,2024
"Kultur und Wissenschaft","Kultur","Einzel- und Gesamtförderung im Bereich Kulturinitiativen","1130",2500,1,2024
"Kultur und Wissenschaft","Kultur","Einzel- und Gesamtförderung im Bereich Wissenschaft und Forschung","1040",6000,1,2024
"Kultur und Wissenschaft","Kultur","Einzel- und Gesamtförderung im Bereich Wissenschaft und Forschung","1090",5000,1,2024
"Kultur und Wissenschaft","Kultur","Einzel- und Gesamtförderung im Bereich Musik","1020",15000,1,2024
"Kultur und Wissenschaft","Kultur","Einzel- und Gesamtförderung im Bereich Darstellende Kunst","1150",30000,1,2024
"Kultur und Wissenschaft","Kultur","Einzel- und Gesamtförderung im Bereich Musik","1160",315000,1,2024
"Kultur und Wissenschaft","Kultur","Einzel- und Gesamtförderung im Bereich Wissenschaft und Forschung","1090",2500,1,2024
"Kultur und Wissenschaft","Kultur","Einzel- und Gesamtförderung im Bereich Darstellende Kunst","1200",10000,1,2024
"Kultur und Wissenschaft","Kultur","Förderung von Institutionen im Bereich Darstellende Kunst","1070",220000,1,2024
"Kultur und Wissenschaft","Kultur","Einzel- und Gesamtförderung im Bereich Darstellende Kunst","1200",15000,1,2024
"Kultur und Wissenschaft","Kultur","Einzel- und Gesamtförderung im Bereich Musik","1110",3000,1,2024
"Kultur und Wissenschaft","Kultur","Einzel- und Gesamtförderung im Bereich Darstellende Kunst","1080",30000,1,2024
"Kultur und Wissenschaft","Kultur","Einzel- und Gesamtförderung im Bereich Musik","1040",5000,1,2024
"Kultur und Wissenschaft","Kultur","Einzel- und Gesamtförderung im Bereich Filmfestival und Sommerkinos","1020",63000,1,2024
"Kultur und Wissenschaft","Kultur","Einzel- und Gesamtförderung im Bereich Kulturinitiativen","1020",1e+05,1,2024
"Kultur und Wissenschaft","Kultur","Einzel- und Gesamtförderung im Bereich Musik","1020",4000,1,2024
"Kultur und Wissenschaft","Kultur","Einzel- und Gesamtförderung im Bereich Darstellende Kunst","1180",34000,1,2024
"Kultur und Wissenschaft","Kultur","Einzel- und Gesamtförderung im Bereich Filmfestival und Sommerkinos","1070",2e+05,1,2024
"Kultur und Wissenschaft","Kultur","Einzel- und Gesamtförderung im Bereich Filmfestival und Sommerkinos","1010",15000,1,2024
"Kultur und Wissenschaft","Kultur","Einzel- und Gesamtförderung im Bereich Kulturinitiativen","1160",2000,1,2024
"Kultur und Wissenschaft","Kultur","Würdigungspreise der Stadt Wien","1020",4000,1,2024
"Kultur und Wissenschaft","Kultur","Einzel- und Gesamtförderung im Bereich Darstellende Kunst","1140",27000,1,2024
"Kultur und Wissenschaft","Kultur","Einzel- und Gesamtförderung im Bereich Filmfestival und Sommerkinos","1070",80000,1,2024
"Kultur und Wissenschaft","Kultur","Einzel- und Gesamtförderung im Bereich Darstellende Kunst","1020",43000,1,2024
"Kultur und Wissenschaft","Kultur","Einzel- und Gesamtförderung im Bereich Filmfestival und Sommerkinos","1020",25000,1,2024
"Kultur und Wissenschaft","Kultur","Einzel- und Gesamtförderung im Bereich Darstellende Kunst","1170",34000,1,2024
"Kultur und Wissenschaft","Kultur","Einzel- und Gesamtförderung im Bereich Darstellende Kunst","1160",5000,1,2024
"Kultur und Wissenschaft","Kultur","Einzel- und Gesamtförderung im Bereich Darstellende Kunst","1070",45000,1,2024
"Kultur und Wissenschaft","Kultur","Einzel- und Gesamtförderung im Bereich Darstellende Kunst","1030",46000,1,2024
"Kultur und Wissenschaft","Kultur","Einzel- und Gesamtförderung im Bereich Darstellende Kunst","1040",42000,1,2024
"Kultur und Wissenschaft","Kultur","Einzel- und Gesamtförderung im Bereich Darstellende Kunst","1050",30000,1,2024
"Kultur und Wissenschaft","Kultur","Würdigungspreise der Stadt Wien","1070",10000,1,2024
"Kultur und Wissenschaft","Kultur","Würdigungspreise der Stadt Wien","1140",4000,1,2024
"Kultur und Wissenschaft","Kultur","Einzel- und Gesamtförderung im Bereich Filmfestival und Sommerkinos","1140",90000,1,2024
"Kultur und Wissenschaft","Kultur","Einzel- und Gesamtförderung im Bereich Darstellende Kunst","1150",48000,1,2024
"Kultur und Wissenschaft","Kultur","Einzel- und Gesamtförderung im Bereich Darstellende Kunst","1190",35000,1,2024
"Kultur und Wissenschaft","Kultur","Einzel- und Gesamtförderung im Bereich Darstellende Kunst","1060",37000,1,2024
"Kultur und Wissenschaft","Kultur","Einzel- und Gesamtförderung im Bereich Darstellende Kunst","1020",36000,1,2024
"Kultur und Wissenschaft","Kultur","Einzel- und Gesamtförderung im Bereich Darstellende Kunst","1070",28000,1,2024
"Kultur und Wissenschaft","Kultur","Einzel- und Gesamtförderung im Bereich Darstellende Kunst","1140",25000,1,2024
"Kultur und Wissenschaft","Kultur","Einzel- und Gesamtförderung im Bereich Darstellende Kunst","1140",53000,1,2024
"Kultur und Wissenschaft","Kultur","Einzel- und Gesamtförderung im Bereich Darstellende Kunst","1200",48000,1,2024
"Kultur und Wissenschaft","Kultur","Einzel- und Gesamtförderung im Bereich Darstellende Kunst","1200",4000,1,2024
"Kultur und Wissenschaft","Kultur","Einzel- und Gesamtförderung im Bereich Kulturinitiativen","1020",10000,1,2024
"Kultur und Wissenschaft","Kultur","Einzel- und Gesamtförderung im Bereich Darstellende Kunst","1180",19000,1,2024
"Kultur und Wissenschaft","Kultur","Einzel- und Gesamtförderung im Bereich Darstellende Kunst","1040",53000,1,2024
"Kultur und Wissenschaft","Kultur","Einzel- und Gesamtförderung im Bereich Darstellende Kunst","1050",52000,1,2024
"Kultur und Wissenschaft","Kultur","Einzel- und Gesamtförderung im Bereich Darstellende Kunst","1150",55000,1,2024
"Kultur und Wissenschaft","Kultur","Einzel- und Gesamtförderung im Bereich Darstellende Kunst","1140",52000,1,2024
"Kultur und Wissenschaft","Kultur","Einzel- und Gesamtförderung im Bereich Darstellende Kunst","1220",11000,1,2024
"Kultur und Wissenschaft","Kultur","Einzel- und Gesamtförderung im Bereich Darstellende Kunst","1120",15000,1,2024
"Kultur und Wissenschaft","Kultur","Kunstankauf","1150",7800,1,2024
"Kultur und Wissenschaft","Kultur","Einzel- und Gesamtförderung im Bereich Filmfestival und Sommerkinos","1230",24000,1,2024
"Kultur und Wissenschaft","Kultur","Einzel- und Gesamtförderung im Bereich Darstellende Kunst","1080",23000,1,2024
"Kultur und Wissenschaft","Kultur","Einzel- und Gesamtförderung im Bereich Darstellende Kunst","1180",44000,1,2024
"Kultur und Wissenschaft","Kultur","Einzel- und Gesamtförderung im Bereich Darstellende Kunst","1050",40000,1,2024
"Kultur und Wissenschaft","Kultur","Einzel- und Gesamtförderung im Bereich Filmfestival und Sommerkinos","1080",35000,1,2024
"Kultur und Wissenschaft","Kultur","Einzel- und Gesamtförderung im Bereich Filmfestival und Sommerkinos","1160",1e+05,1,2024
"Kultur und Wissenschaft","Kultur","Einzel- und Gesamtförderung im Bereich Darstellende Kunst","1060",48000,1,2024
"Kultur und Wissenschaft","Kultur","Einzel- und Gesamtförderung im Bereich Darstellende Kunst","1050",40000,1,2024
"Kultur und Wissenschaft","Kultur","Einzel- und Gesamtförderung im Bereich Filmfestival und Sommerkinos","1080",35000,1,2024
"Kultur und Wissenschaft","Kultur","Einzel- und Gesamtförderung im Bereich Darstellende Kunst","1030",47000,1,2024
"Kultur und Wissenschaft","Kultur","Würdigungspreise der Stadt Wien","1070",2500,1,2024
"Kultur und Wissenschaft","Kultur","Würdigungspreise der Stadt Wien","3485",2500,1,2024
"Kultur und Wissenschaft","Kultur","Würdigungspreise der Stadt Wien","1160",5000,1,2024
"Kultur und Wissenschaft","Kultur","Würdigungspreise der Stadt Wien","1020",2500,1,2024
"Kultur und Wissenschaft","Kultur","Würdigungspreise der Stadt Wien","1150",2500,1,2024
"Kultur und Wissenschaft","Kultur","Würdigungspreise der Stadt Wien","1160",5000,1,2024
"Kultur und Wissenschaft","Kultur","Würdigungspreise der Stadt Wien","1030",4000,1,2024
"Kultur und Wissenschaft","Kultur","Würdigungspreise der Stadt Wien","3430",4000,1,2024
"Kultur und Wissenschaft","Kultur","Einzel- und Gesamtförderung im Bereich Darstellende Kunst","1060",15000,1,2024
"Kultur und Wissenschaft","Kultur","Einzel- und Gesamtförderung im Bereich Filmfestival und Sommerkinos","1030",50000,1,2024
"Kultur und Wissenschaft","Kultur","Einzel- und Gesamtförderung im Bereich Wissenschaft und Forschung","1040",5000,1,2024
"Kultur und Wissenschaft","Kultur","Einzel- und Gesamtförderung im Bereich Darstellende Kunst","1030",15000,1,2024
"Kultur und Wissenschaft","Kultur","Druckkostenzuschuss","1010",2000,1,2024
"Kultur und Wissenschaft","Kultur","Einzel- und Gesamtförderung im Bereich Musik","1040",170000,1,2024
"Kultur und Wissenschaft","Kultur","Einzel- und Gesamtförderung im Bereich Darstellende Kunst","1070",19600,1,2024
"Kultur und Wissenschaft","Kultur","Einzel- und Gesamtförderung im Bereich Darstellende Kunst","1020",5e+05,1,2024
"Kultur und Wissenschaft","Kultur","Einzel- und Gesamtförderung im Bereich Kulturinitiativen","1160",25000,1,2024
"Kultur und Wissenschaft","Kultur","Einzel- und Gesamtförderung im Bereich Kulturinitiativen","1100",48000,1,2024
"Kultur und Wissenschaft","Kultur","Einzel- und Gesamtförderung im Bereich Kulturinitiativen","1190",122000,1,2024
"Kultur und Wissenschaft","Kultur","Einzel- und Gesamtförderung im Bereich Wissenschaft und Forschung","1010",3000,1,2024
"Kultur und Wissenschaft","Kultur","Würdigungspreise der Stadt Wien","1150",4000,1,2024
"Kultur und Wissenschaft","Kultur","Einzel- und Gesamtförderung im Bereich Wissenschaft und Forschung","1020",20000,1,2024
"Kultur und Wissenschaft","Kultur","Einzel- und Gesamtförderung im Bereich Kulturinitiativen","1060",2160000,1,2024
"Kultur und Wissenschaft","Kultur","Einzel- und Gesamtförderung im Bereich Musik","1030",18000,1,2024
"Kultur und Wissenschaft","Kultur","Kompositionsförderung","1070",1000,1,2024
"Kultur und Wissenschaft","Kultur","Einzel- und Gesamtförderung im Bereich Wissenschaft und Forschung","1090",4000,1,2024
"Kultur und Wissenschaft","Kultur","Einzel- und Gesamtförderung im Bereich Literatur","1200",1400,1,2024
"Kultur und Wissenschaft","Kultur","Einzel- und Gesamtförderung im Bereich Wissenschaft und Forschung","1150",4000,1,2024
"Kultur und Wissenschaft","Kultur","Kunstankauf","1200",4000,1,2024
"Kultur und Wissenschaft","Kultur","Kunstankauf","1070",4000,1,2024
"Kultur und Wissenschaft","Kultur","Einzel- und Gesamtförderung im Bereich Kulturinitiativen","1210",3000,1,2024
"Kultur und Wissenschaft","Kultur","Kunstankauf","1150",5200,1,2024
"Kultur und Wissenschaft","Kultur","Kunstankauf","1120",3200,1,2024
"Kultur und Wissenschaft","Kultur","Einzel- und Gesamtförderung im Bereich Film, Mode und Design","1010",3000,1,2024
"Kultur und Wissenschaft","Kultur","Einzel- und Gesamtförderung im Bereich Kulturinitiativen","1090",5000,1,2024
"Kultur und Wissenschaft","Kultur","Einzel- und Gesamtförderung im Bereich Film, Mode und Design","1060",4000,1,2024
"Kultur und Wissenschaft","Kultur","Bau- und Investitonskostenzuschuss","1070",8e+05,1,2024
"Kultur und Wissenschaft","Kultur","Einzel- und Gesamtförderung im Bereich Kulturinitiativen","1150",17000,1,2024
"Kultur und Wissenschaft","Kultur","Wissenschaftsstipendium","1080",9000,1,2024
"Kultur und Wissenschaft","Kultur","Einzel- und Gesamtförderung im Bereich Kulturinitiativen","1030",140000,1,2024
"Kultur und Wissenschaft","Kultur","Einzel- und Gesamtförderung im Bereich Kulturinitiativen","1040",20000,1,2024
"Kultur und Wissenschaft","Kultur","Einzel- und Gesamtförderung im Bereich Wissenschaft und Forschung","1140",5000,1,2024
"Kultur und Wissenschaft","Kultur","Kunstankauf","1160",6400,1,2024
"Kultur und Wissenschaft","Kultur","Förderung von Institutionen im Bereich Darstellende Kunst","1210",7e+05,1,2024
"Kultur und Wissenschaft","Kultur","Wissenschaftsstipendium","1160",10000,1,2024
"Kultur und Wissenschaft","Kultur","Einzel- und Gesamtförderung im Bereich Kulturinitiativen","1010",7000,1,2024
"Kultur und Wissenschaft","Kultur","Einzel- und Gesamtförderung im Bereich Bildende Kunst und Medienkunst","1070",1420000,1,2024
"Kultur und Wissenschaft","Kultur","Einzel- und Gesamtförderung im Bereich Kulturinitiativen","1230",4e+05,1,2024
"Kultur und Wissenschaft","Kultur","Einzel- und Gesamtförderung im Bereich Wissenschaft und Forschung","1080",5000,1,2024
"Kultur und Wissenschaft","Kultur","Einzel- und Gesamtförderung im Bereich Kulturinitiativen","1070",25000,1,2024
"Kultur und Wissenschaft","Kultur","Einzel- und Gesamtförderung im Bereich Kulturinitiativen","1030",13000,1,2024
"Kultur und Wissenschaft","Kultur","Einzel- und Gesamtförderung im Bereich Film, Mode und Design","1160",1000,1,2024
"Kultur und Wissenschaft","Kultur","Einzel- und Gesamtförderung im Bereich Kulturinitiativen","1020",8000,1,2024
"Kultur und Wissenschaft","Kultur","Einzel- und Gesamtförderung im Bereich Kulturinitiativen","1030",2000,1,2024
"Kultur und Wissenschaft","Kultur","Einzel- und Gesamtförderung im Bereich Kulturinitiativen","1090",2000,1,2024
"Kultur und Wissenschaft","Kultur","Kunstankauf","1020",16000,1,2024
"Kultur und Wissenschaft","Kultur","Einzel- und Gesamtförderung im Bereich Film, Mode und Design","1040",25000,1,2024
"Kultur und Wissenschaft","Kultur","Einzel- und Gesamtförderung im Bereich Kulturinitiativen","1180",50000,1,2024
"Kultur und Wissenschaft","Kultur","Einzel- und Gesamtförderung im Bereich Wissenschaft und Forschung","1020",1000,1,2024
"Kultur und Wissenschaft","Kultur","Einzel- und Gesamtförderung im Bereich Kulturinitiativen","1230",10000,1,2024
"Kultur und Wissenschaft","Kultur","Einzel- und Gesamtförderung im Bereich Kulturinitiativen","1020",20000,1,2024
"Kultur und Wissenschaft","Kultur","Einzel- und Gesamtförderung im Bereich Kulturinitiativen","1220",10000,1,2024
"Kultur und Wissenschaft","Kultur","Einzel- und Gesamtförderung im Bereich Kulturinitiativen","1030",5000,1,2024
"Kultur und Wissenschaft","Kultur","Einzel- und Gesamtförderung im Bereich Kulturinitiativen","1160",240000,1,2024
"Kultur und Wissenschaft","Kultur","Einzel- und Gesamtförderung im Bereich Kulturinitiativen","1160",15000,1,2024
"Kultur und Wissenschaft","Kultur","Förderung von Institutionen im Bereich Darstellende Kunst","1160",170000,1,2024
"Kultur und Wissenschaft","Kultur","Einzel- und Gesamtförderung im Bereich Kulturinitiativen","1150",18000,1,2024
"Kultur und Wissenschaft","Kultur","Einzel- und Gesamtförderung im Bereich Kulturinitiativen","1020",5000,1,2024
"Kultur und Wissenschaft","Kultur","Einzel- und Gesamtförderung im Bereich Kulturinitiativen","1150",480000,1,2024
"Kultur und Wissenschaft","Kultur","Einzel- und Gesamtförderung im Bereich Musik","1130",3000,1,2024
"Kultur und Wissenschaft","Kultur","Einzel- und Gesamtförderung im Bereich Kulturinitiativen","1140",145000,1,2024
"Kultur und Wissenschaft","Kultur","Einzel- und Gesamtförderung im Bereich Kulturinitiativen","1100",1e+05,1,2024
"Kultur und Wissenschaft","Kultur","Einzel- und Gesamtförderung im Bereich Kulturinitiativen","1040",30000,1,2024
"Kultur und Wissenschaft","Kultur","Einzel- und Gesamtförderung im Bereich Kulturinitiativen","1030",55000,1,2024
"Kultur und Wissenschaft","Kultur","Einzel- und Gesamtförderung im Bereich Kulturinitiativen","1050",11000,1,2024
"Kultur und Wissenschaft","Kultur","Einzel- und Gesamtförderung im Bereich Kulturinitiativen","1030",4000,1,2024
"Kultur und Wissenschaft","Kultur","Einzel- und Gesamtförderung im Bereich Kulturinitiativen","1020",17000,1,2024
"Kultur und Wissenschaft","Kultur","Einzel- und Gesamtförderung im Bereich Wissenschaft und Forschung","1180",2000,1,2024
"Kultur und Wissenschaft","Kultur","Einzel- und Gesamtförderung im Bereich Kulturinitiativen","1150",2400000,1,2024
"Kultur und Wissenschaft","Kultur","Einzel- und Gesamtförderung im Bereich Kulturinitiativen","1170",50000,1,2024
"Kultur und Wissenschaft","Kultur","Einzel- und Gesamtförderung im Bereich Film, Mode und Design","1070",7000,1,2024
"Kultur und Wissenschaft","Kultur","Einzel- und Gesamtförderung im Bereich Kulturinitiativen","1210",70000,1,2024
"Kultur und Wissenschaft","Kultur","Kompositionsförderung","1100",3300,1,2024
"Kultur und Wissenschaft","Kultur","Einzel- und Gesamtförderung im Bereich Kulturinitiativen","1040",30000,1,2024
"Kultur und Wissenschaft","Kultur","Einzel- und Gesamtförderung im Bereich Kulturinitiativen","1150",22000,1,2024
"Kultur und Wissenschaft","Kultur","Einzel- und Gesamtförderung im Bereich Kulturinitiativen","1110",180000,1,2024
"Kultur und Wissenschaft","Kultur","Einzel- und Gesamtförderung im Bereich Kulturinitiativen","1010",40000,1,2024
"Kultur und Wissenschaft","Kultur","Einzel- und Gesamtförderung im Bereich Kulturinitiativen","1090",30000,1,2024
"Kultur und Wissenschaft","Kultur","Einzel- und Gesamtförderung im Bereich Kulturinitiativen","1050",39000,1,2024
"Kultur und Wissenschaft","Kultur","Einzel- und Gesamtförderung im Bereich Kulturinitiativen","1020",40000,1,2024
"Kultur und Wissenschaft","Kultur","Einzel- und Gesamtförderung im Bereich Kulturinitiativen","1150",22000,1,2024
"Kultur und Wissenschaft","Kultur","Einzel- und Gesamtförderung im Bereich Kulturinitiativen","1100",20000,1,2024
"Kultur und Wissenschaft","Kultur","Einzel- und Gesamtförderung im Bereich Musik","1030",5000,1,2024
"Kultur und Wissenschaft","Kultur","Einzel- und Gesamtförderung im Bereich Kulturinitiativen","1030",3000,1,2024
"Kultur und Wissenschaft","Kultur","Einzel- und Gesamtförderung im Bereich Kulturinitiativen","1040",165000,1,2024
"Kultur und Wissenschaft","Kultur","Einzel- und Gesamtförderung im Bereich Kulturinitiativen","1040",50000,1,2024
"Kultur und Wissenschaft","Kultur","Einzel- und Gesamtförderung im Bereich Kulturinitiativen","1150",30000,1,2024
"Kultur und Wissenschaft","Kultur","Einzel- und Gesamtförderung im Bereich Kulturinitiativen","1080",2e+05,1,2024
"Kultur und Wissenschaft","Kultur","Einzel- und Gesamtförderung im Bereich Kulturinitiativen","1060",4000,1,2024
"Kultur und Wissenschaft","Kultur","Einzel- und Gesamtförderung im Bereich Kulturinitiativen","1040",28000,1,2024
"Kultur und Wissenschaft","Kultur","Einzel- und Gesamtförderung im Bereich Kulturinitiativen","1210",10000,1,2024
"Kultur und Wissenschaft","Kultur","Einzel- und Gesamtförderung im Bereich Kulturinitiativen","1040",20000,1,2024
"Kultur und Wissenschaft","Kultur","Einzel- und Gesamtförderung im Bereich Kulturinitiativen","1090",35000,1,2024
"Kultur und Wissenschaft","Kultur","Einzel- und Gesamtförderung im Bereich Kulturinitiativen","1200",6000,1,2024
"Kultur und Wissenschaft","Kultur","Einzel- und Gesamtförderung im Bereich Film, Mode und Design","1020",9000,1,2024
"Kultur und Wissenschaft","Kultur","Einzel- und Gesamtförderung im Bereich Kulturinitiativen","1150",40000,1,2024
"Kultur und Wissenschaft","Kultur","Einzel- und Gesamtförderung im Bereich Kulturinitiativen","1050",22000,1,2024
"Kultur und Wissenschaft","Kultur","Einzel- und Gesamtförderung im Bereich Kulturinitiativen","1070",35000,1,2024
"Kultur und Wissenschaft","Kultur","Einzel- und Gesamtförderung im Bereich Kulturinitiativen","1090",35000,1,2024
"Kultur und Wissenschaft","Kultur","Einzel- und Gesamtförderung im Bereich Kulturinitiativen","1020",29000,1,2024
"Kultur und Wissenschaft","Kultur","Einzel- und Gesamtförderung im Bereich Wissenschaft und Forschung","1030",5000,1,2024
"Kultur und Wissenschaft","Kultur","Einzel- und Gesamtförderung im Bereich Kulturinitiativen","1070",15000,1,2024
"Kultur und Wissenschaft","Kultur","Einzel- und Gesamtförderung im Bereich Kulturinitiativen","1090",7000,1,2024
"Kultur und Wissenschaft","Kultur","Einzel- und Gesamtförderung im Bereich Kulturinitiativen","1150",5000,1,2024
"Kultur und Wissenschaft","Kultur","Einzel- und Gesamtförderung im Bereich Kulturinitiativen","1110",27000,1,2024
"Kultur und Wissenschaft","Kultur","Einzel- und Gesamtförderung im Bereich Kulturinitiativen","1110",3000,1,2024
"Kultur und Wissenschaft","Kultur","Einzel- und Gesamtförderung im Bereich Kulturinitiativen","1140",15000,1,2024
"Kultur und Wissenschaft","Kultur","Einzel- und Gesamtförderung im Bereich Kulturinitiativen","1040",80000,1,2024
"Kultur und Wissenschaft","Kultur","Einzel- und Gesamtförderung im Bereich Kulturinitiativen","1170",35000,1,2024
"Kultur und Wissenschaft","Kultur","Einzel- und Gesamtförderung im Bereich Kulturinitiativen","1150",10000,1,2024
"Kultur und Wissenschaft","Kultur","Einzel- und Gesamtförderung im Bereich Kulturinitiativen","1180",8000,1,2024
"Kultur und Wissenschaft","Kultur","Einzel- und Gesamtförderung im Bereich Kulturinitiativen","1150",10000,1,2024
"Kultur und Wissenschaft","Kultur","Einzel- und Gesamtförderung im Bereich Kulturinitiativen","1200",20000,1,2024
"Kultur und Wissenschaft","Kultur","Einzel- und Gesamtförderung im Bereich Kulturinitiativen","1100",8000,1,2024
"Kultur und Wissenschaft","Kultur","Einzel- und Gesamtförderung im Bereich Kulturinitiativen","1020",155000,1,2024
"Kultur und Wissenschaft","Kultur","Einzel- und Gesamtförderung im Bereich Kulturinitiativen","1030",10000,1,2024
"Kultur und Wissenschaft","Kultur","Einzel- und Gesamtförderung im Bereich Kulturinitiativen","1060",150000,1,2024
"Kultur und Wissenschaft","Kultur","Einzel- und Gesamtförderung im Bereich Kulturinitiativen","1020",20000,1,2024
"Kultur und Wissenschaft","Kultur","Einzel- und Gesamtförderung im Bereich Kulturinitiativen","1150",3000,1,2024
"Kultur und Wissenschaft","Kultur","Einzel- und Gesamtförderung im Bereich Kulturinitiativen","1100",5000,1,2024
"Kultur und Wissenschaft","Kultur","Einzel- und Gesamtförderung im Bereich Kulturinitiativen","1030",4000,1,2024
"Kultur und Wissenschaft","Kultur","Einzel- und Gesamtförderung im Bereich Kulturinitiativen","1210",5000,1,2024
"Kultur und Wissenschaft","Kultur","Einzel- und Gesamtförderung im Bereich Kulturinitiativen","1170",28000,1,2024
"Kultur und Wissenschaft","Kultur","Einzel- und Gesamtförderung im Bereich Kulturinitiativen","1170",1500,1,2024
"Kultur und Wissenschaft","Kultur","Einzel- und Gesamtförderung im Bereich Kulturinitiativen","1150",3000,1,2024
"Kultur und Wissenschaft","Kultur","Förderung von Institutionen im Bereich Darstellende Kunst","1170",8e+05,1,2024
"Kultur und Wissenschaft","Kultur","Förderung von Institutionen im Bereich Darstellende Kunst","1060",5000,1,2024
"Kultur und Wissenschaft","Kultur","Einzel- und Gesamtförderung im Bereich Wissenschaft und Forschung","1090",4500,1,2024
"Kultur und Wissenschaft","Kultur","Einzel- und Gesamtförderung im Bereich Kulturinitiativen","1150",20000,1,2024
"Kultur und Wissenschaft","Kultur","Einzel- und Gesamtförderung im Bereich Kulturinitiativen","1150",15000,1,2024
"Kultur und Wissenschaft","Kultur","Einzel- und Gesamtförderung im Bereich Film, Mode und Design","1140",4000,1,2024
"Kultur und Wissenschaft","Kultur","Einzel- und Gesamtförderung im Bereich Bildende Kunst und Medienkunst","1060",2500,1,2024
"Kultur und Wissenschaft","Kultur","Einzel- und Gesamtförderung im Bereich Musik","1160",2500,1,2024
"Kultur und Wissenschaft","Kultur","Einzel- und Gesamtförderung im Bereich Musik","1140",20000,1,2024
"Kultur und Wissenschaft","Kultur","Förderung von Institutionen im Bereich Darstellende Kunst","9020",48000,1,2024
"Kultur und Wissenschaft","Kultur","Wissenschaftsstipendium","1160",5000,1,2024
"Kultur und Wissenschaft","Kultur","Einzel- und Gesamtförderung im Bereich Kulturinitiativen","1210",1800,1,2024
"Kultur und Wissenschaft","Kultur","Einzel- und Gesamtförderung im Bereich Wissenschaft und Forschung","1040",5000,1,2024
"Kultur und Wissenschaft","Kultur","Würdigungspreise der Stadt Wien","1020",10000,1,2024
"Kultur und Wissenschaft","Kultur","Einzel- und Gesamtförderung im Bereich Bildende Kunst und Medienkunst","1070",1e+06,1,2024
"Kultur und Wissenschaft","Kultur","Einzel- und Gesamtförderung im Bereich Bildende Kunst und Medienkunst","1070",368000,1,2024
"Kultur und Wissenschaft","Kultur","Einzel- und Gesamtförderung im Bereich Wissenschaft und Forschung","1220",9000,1,2024
"Kultur und Wissenschaft","Kultur","Wissenschaftsstipendium","1180",10000,1,2024
"Kultur und Wissenschaft","Kultur","Einzel- und Gesamtförderung im Bereich Musik","1030",25000,1,2024
"Kultur und Wissenschaft","Kultur","Einzel- und Gesamtförderung im Bereich Kulturinitiativen","1090",2100000,1,2024
"Kultur und Wissenschaft","Kultur","Einzel- und Gesamtförderung im Bereich Bildende Kunst und Medienkunst","1050",10000,1,2024
"Kultur und Wissenschaft","Kultur","Einzel- und Gesamtförderung im Bereich Musik","1070",9000,1,2024
"Kultur und Wissenschaft","Kultur","Wissenschaftsstipendium","1220",3000,1,2024
"Kultur und Wissenschaft","Kultur","Einzel- und Gesamtförderung im Bereich Wissenschaft und Forschung","1010",6000,1,2024
"Kultur und Wissenschaft","Kultur","Einzel- und Gesamtförderung im Bereich Musik","1170",8000,1,2024
"Kultur und Wissenschaft","Kultur","Einzel- und Gesamtförderung im Bereich Kulturinitiativen","1010",150000,1,2024
"Kultur und Wissenschaft","Kultur","Würdigungspreise der Stadt Wien","1160",4000,1,2024
"Kultur und Wissenschaft","Kultur","Einzel- und Gesamtförderung im Bereich Wissenschaft und Forschung","1090",8000,1,2024
"Kultur und Wissenschaft","Kultur","Förderung von Institutionen im Bereich Darstellende Kunst","1180",65000,1,2024
"Kultur und Wissenschaft","Kultur","Wissenschaftsstipendium","1020",10000,1,2024
"Kultur und Wissenschaft","Kultur","Einzel- und Gesamtförderung im Bereich Musik","1030",20000,1,2024
"Kultur und Wissenschaft","Kultur","Kunstankauf","1180",4800,1,2024
"Kultur und Wissenschaft","Kultur","Bau- und Investitonskostenzuschuss","1070",43000,1,2024
"Kultur und Wissenschaft","Kultur","Einzel- und Gesamtförderung im Bereich Musik","1040",5000,1,2024
"Kultur und Wissenschaft","Kultur","Einzel- und Gesamtförderung im Bereich Musik","1050",5000,1,2024
"Kultur und Wissenschaft","Kultur","Einzel- und Gesamtförderung im Bereich Wissenschaft und Forschung","1050",8000,1,2024
"Kultur und Wissenschaft","Kultur","Einzel- und Gesamtförderung im Bereich Bildende Kunst und Medienkunst","1030",10000,1,2024
"Kultur und Wissenschaft","Kultur","Einzel- und Gesamtförderung im Bereich Musik","1010",3000,1,2024
"Kultur und Wissenschaft","Kultur","Einzel- und Gesamtförderung im Bereich Musik","1040",9000,1,2024
"Kultur und Wissenschaft","Kultur","Einzel- und Gesamtförderung im Bereich Film, Mode und Design","1050",2000,1,2024
"Kultur und Wissenschaft","Kultur","Einzel- und Gesamtförderung im Bereich Musik","1090",15000,1,2024
"Kultur und Wissenschaft","Kultur","Einzel- und Gesamtförderung im Bereich Literatur","1220",1000,1,2024
"Kultur und Wissenschaft","Kultur","Einzel- und Gesamtförderung im Bereich Musik","1140",50000,1,2024
"Kultur und Wissenschaft","Kultur","Einzel- und Gesamtförderung im Bereich Musik","1020",15000,1,2024
"Kultur und Wissenschaft","Kultur","Druckkostenzuschuss","1070",2000,1,2024
"Kultur und Wissenschaft","Kultur","Einzel- und Gesamtförderung im Bereich Musik","1030",4500,1,2024
"Kultur und Wissenschaft","Kultur","Einzel- und Gesamtförderung im Bereich Musik","1010",12000,1,2024
"Kultur und Wissenschaft","Kultur","Einzel- und Gesamtförderung im Bereich Darstellende Kunst","1080",8000,1,2024
"Kultur und Wissenschaft","Kultur","Einzel- und Gesamtförderung im Bereich Bildende Kunst und Medienkunst","1070",10000,1,2024
"Kultur und Wissenschaft","Kultur","Einzel- und Gesamtförderung im Bereich Musik","1140",22000,1,2024
"Kultur und Wissenschaft","Kultur","Einzel- und Gesamtförderung im Bereich Musik","1140",105000,1,2024
"Kultur und Wissenschaft","Kultur","Einzel- und Gesamtförderung im Bereich Wissenschaft und Forschung","1070",1750000,1,2024
"Kultur und Wissenschaft","Kultur","Bau- und Investitonskostenzuschuss","1220",73000,1,2024
"Kultur und Wissenschaft","Kultur","Einzel- und Gesamtförderung im Bereich Bildende Kunst und Medienkunst","1020",6000,1,2024
"Kultur und Wissenschaft","Kultur","Einzel- und Gesamtförderung im Bereich Wissenschaft und Forschung","1010",110000,1,2024
"Kultur und Wissenschaft","Kultur","Einzel- und Gesamtförderung im Bereich Film, Mode und Design","1120",2000,1,2024
"Kultur und Wissenschaft","Kultur","Einzel- und Gesamtförderung im Bereich Wissenschaft und Forschung","1020",12000,1,2024
"Kultur und Wissenschaft","Kultur","Einzel- und Gesamtförderung im Bereich Wissenschaft und Forschung","1090",14000,1,2024
"Kultur und Wissenschaft","Kultur","Einzel- und Gesamtförderung im Bereich Wissenschaft und Forschung","1160",4000,1,2024
"Kultur und Wissenschaft","Kultur","Einzel- und Gesamtförderung im Bereich Wissenschaft und Forschung","1120",3000,1,2024
"Kultur und Wissenschaft","Kultur","Einzel- und Gesamtförderung im Bereich Musik","1010",2000,1,2024
"Kultur und Wissenschaft","Kultur","Einzel- und Gesamtförderung im Bereich Wissenschaft und Forschung","1010",5000,1,2024
"Kultur und Wissenschaft","Kultur","Einzel- und Gesamtförderung im Bereich Kulturinitiativen","1160",10000,1,2024
"Kultur und Wissenschaft","Kultur","Einzel- und Gesamtförderung im Bereich Wissenschaft und Forschung","1020",1000,1,2024
"Kultur und Wissenschaft","Kultur","Einzel- und Gesamtförderung im Bereich Wissenschaft und Forschung","1020",9500,1,2024
"Kultur und Wissenschaft","Kultur","Einzel- und Gesamtförderung im Bereich Musik","1160",13000,1,2024
"Kultur und Wissenschaft","Kultur","Einzel- und Gesamtförderung im Bereich Musik","1150",110000,1,2024
"Kultur und Wissenschaft","Kultur","Einzel- und Gesamtförderung im Bereich Musik","1170",1e+05,1,2024
"Kultur und Wissenschaft","Kultur","Einzel- und Gesamtförderung im Bereich Musik","1200",30000,1,2024
"Kultur und Wissenschaft","Kultur","Einzel- und Gesamtförderung im Bereich Musik","1200",5000,1,2024
"Kultur und Wissenschaft","Kultur","Einzel- und Gesamtförderung im Bereich Wissenschaft und Forschung","1020",33000,1,2024
"Kultur und Wissenschaft","Kultur","Einzel- und Gesamtförderung im Bereich Wissenschaft und Forschung","1050",5000,1,2024
"Kultur und Wissenschaft","Kultur","Einzel- und Gesamtförderung im Bereich Wissenschaft und Forschung","1040",7500,1,2024
"Kultur und Wissenschaft","Kultur","Kunstankauf","1020",6000,1,2024
"Kultur und Wissenschaft","Kultur","Einzel- und Gesamtförderung im Bereich Musik","1070",160000,1,2024
"Kultur und Wissenschaft","Kultur","Einzel- und Gesamtförderung im Bereich Bildende Kunst und Medienkunst","1090",1400,1,2024
"Kultur und Wissenschaft","Kultur","Einzel- und Gesamtförderung im Bereich Musik","1040",13000,1,2024
"Kultur und Wissenschaft","Kultur","Kunstankauf","1190",3750,1,2024
"Kultur und Wissenschaft","Kultur","Einzel- und Gesamtförderung im Bereich Wissenschaft und Forschung","1050",35000,1,2024
"Kultur und Wissenschaft","Kultur","Kunstankauf","1100",10170,1,2024
"Kultur und Wissenschaft","Kultur","Einzel- und Gesamtförderung im Bereich Literatur","1090",7000,1,2024
"Kultur und Wissenschaft","Kultur","Einzel- und Gesamtförderung im Bereich Wissenschaft und Forschung","1090",4500,1,2024
"Kultur und Wissenschaft","Kultur","Einzel- und Gesamtförderung im Bereich Musik","1220",70000,1,2024
"Kultur und Wissenschaft","Kultur","Einzel- und Gesamtförderung im Bereich Musik","1150",1e+05,1,2024
"Kultur und Wissenschaft","Kultur","Einzel- und Gesamtförderung im Bereich Musik","1030",7000,1,2024
"Kultur und Wissenschaft","Kultur","Einzel- und Gesamtförderung im Bereich Musik","1130",55000,1,2024
"Kultur und Wissenschaft","Kultur","Einzel- und Gesamtförderung im Bereich Musik","1010",470000,1,2024
"Kultur und Wissenschaft","Kultur","Einzel- und Gesamtförderung im Bereich Musik","1140",17000,1,2024
"Kultur und Wissenschaft","Kultur","Einzel- und Gesamtförderung im Bereich Musik","1010",4000,1,2024
"Kultur und Wissenschaft","Kultur","Einzel- und Gesamtförderung im Bereich Musik","1080",6000,1,2024
"Kultur und Wissenschaft","Kultur","Einzel- und Gesamtförderung im Bereich Musik","1040",260000,1,2024
"Kultur und Wissenschaft","Kultur","Einzel- und Gesamtförderung im Bereich Musik","1030",1040000,1,2024
"Kultur und Wissenschaft","Kultur","Einzel- und Gesamtförderung im Bereich Musik","1010",2700000,1,2024
"Kultur und Wissenschaft","Kultur","Einzel- und Gesamtförderung im Bereich Wissenschaft und Forschung","1060",4000,1,2024
"Kultur und Wissenschaft","Kultur","Einzel- und Gesamtförderung im Bereich Kulturinitiativen","1020",3000,1,2024
"Kultur und Wissenschaft","Kultur","Einzel- und Gesamtförderung im Bereich Musik","1030",17615000,1,2024
"Kultur und Wissenschaft","Kultur","Einzel- und Gesamtförderung im Bereich Musik","1030",2615000,1,2024
"Kultur und Wissenschaft","Kultur","Einzel- und Gesamtförderung im Bereich Bildende Kunst und Medienkunst","1090",5000,1,2024
"Kultur und Wissenschaft","Kultur","Einzel- und Gesamtförderung im Bereich Bildende Kunst und Medienkunst","1160",8000,1,2024
"Kultur und Wissenschaft","Kultur","Einzel- und Gesamtförderung im Bereich Wissenschaft und Forschung","1060",2000,1,2024
"Kultur und Wissenschaft","Kultur","Einzel- und Gesamtförderung im Bereich Wissenschaft und Forschung","1090",11000,1,2024
"Kultur und Wissenschaft","Kultur","Einzel- und Gesamtförderung im Bereich Musik","1030",2e+06,1,2024
"Kultur und Wissenschaft","Kultur","Einzel- und Gesamtförderung im Bereich Musik","1160",15000,1,2024
"Kultur und Wissenschaft","Kultur","Einzel- und Gesamtförderung im Bereich Musik","1030",3500,1,2024
"Kultur und Wissenschaft","Kultur","Einzel- und Gesamtförderung im Bereich Wissenschaft und Forschung","1040",10000,1,2024
"Kultur und Wissenschaft","Kultur","Einzel- und Gesamtförderung im Bereich Musik","1160",10000,1,2024
"Kultur und Wissenschaft","Kultur","Einzel- und Gesamtförderung im Bereich Wissenschaft und Forschung","1040",47000,1,2024
"Kultur und Wissenschaft","Kultur","Einzel- und Gesamtförderung im Bereich Musik","1160",1500,1,2024
"Kultur und Wissenschaft","Kultur","Einzel- und Gesamtförderung im Bereich Musik","1150",130000,1,2024
"Kultur und Wissenschaft","Kultur","Einzel- und Gesamtförderung im Bereich Musik","1050",6000,1,2024
"Kultur und Wissenschaft","Kultur","Einzel- und Gesamtförderung im Bereich Musik","1030",15000,1,2024
"Kultur und Wissenschaft","Kultur","Einzel- und Gesamtförderung im Bereich Wissenschaft und Forschung","1200",20000,1,2024
"Kultur und Wissenschaft","Kultur","Einzel- und Gesamtförderung im Bereich Musik","1180",4000,1,2024
"Kultur und Wissenschaft","Kultur","Einzel- und Gesamtförderung im Bereich Film, Mode und Design","1150",3500,1,2024
"Kultur und Wissenschaft","Kultur","Einzel- und Gesamtförderung im Bereich Wissenschaft und Forschung","1010",12000,1,2024
"Kultur und Wissenschaft","Kultur","Förderung von Institutionen im Bereich Darstellende Kunst","1130",60000,1,2024
"Kultur und Wissenschaft","Kultur","Einzel- und Gesamtförderung im Bereich Wissenschaft und Forschung","1090",20000,1,2024
"Kultur und Wissenschaft","Kultur","Einzel- und Gesamtförderung im Bereich Musik","1160",40000,1,2024
"Kultur und Wissenschaft","Kultur","Einzel- und Gesamtförderung im Bereich Wissenschaft und Forschung","1210",49000,1,2024
"Kultur und Wissenschaft","Kultur","Einzel- und Gesamtförderung im Bereich Musik","1030",1500,1,2024
"Kultur und Wissenschaft","Kultur","Einzel- und Gesamtförderung im Bereich Musik","1020",1000,1,2024
"Kultur und Wissenschaft","Kultur","Einzel- und Gesamtförderung im Bereich Musik","3100",6000,1,2024
"Kultur und Wissenschaft","Kultur","Einzel- und Gesamtförderung im Bereich Musik","1160",5000,1,2024
"Kultur und Wissenschaft","Kultur","Einzel- und Gesamtförderung im Bereich Musik","1190",10000,1,2024
"Kultur und Wissenschaft","Kultur","Einzel- und Gesamtförderung im Bereich Musik","1060",10000,1,2024
"Kultur und Wissenschaft","Kultur","Einzel- und Gesamtförderung im Bereich Wissenschaft und Forschung","1030",8000,1,2024
"Kultur und Wissenschaft","Kultur","Einzel- und Gesamtförderung im Bereich Musik","1040",8000,1,2024
"Kultur und Wissenschaft","Kultur","Einzel- und Gesamtförderung im Bereich Musik","1070",6000,1,2024
"Kultur und Wissenschaft","Kultur","Einzel- und Gesamtförderung im Bereich Musik","1030",12000,1,2024
"Kultur und Wissenschaft","Kultur","Einzel- und Gesamtförderung im Bereich Musik","1050",18000,1,2024
"Kultur und Wissenschaft","Kultur","Einzel- und Gesamtförderung im Bereich Musik","1110",212000,1,2024
"Kultur und Wissenschaft","Kultur","Einzel- und Gesamtförderung im Bereich Wissenschaft und Forschung","1010",190000,1,2024
"Kultur und Wissenschaft","Kultur","Einzel- und Gesamtförderung im Bereich Musik","1180",7000,1,2024
"Kultur und Wissenschaft","Kultur","Einzel- und Gesamtförderung im Bereich Musik","1160",2500,1,2024
"Kultur und Wissenschaft","Kultur","Einzel- und Gesamtförderung im Bereich Wissenschaft und Forschung","1110",30000,1,2024
"Kultur und Wissenschaft","Kultur","Einzel- und Gesamtförderung im Bereich Wissenschaft und Forschung","1090",10000,1,2024
"Kultur und Wissenschaft","Kultur","Einzel- und Gesamtförderung im Bereich Musik","1150",1e+05,1,2024
"Kultur und Wissenschaft","Kultur","Einzel- und Gesamtförderung im Bereich Musik","1020",15000,1,2024
"Kultur und Wissenschaft","Kultur","Einzel- und Gesamtförderung im Bereich Musik","1020",4000,1,2024
"Kultur und Wissenschaft","Kultur","Einzel- und Gesamtförderung im Bereich Wissenschaft und Forschung","1130",8000,1,2024
"Kultur und Wissenschaft","Kultur","Einzel- und Gesamtförderung im Bereich Musik","1190",6000,1,2024
"Kultur und Wissenschaft","Kultur","Einzel- und Gesamtförderung im Bereich Musik","1140",6000,1,2024
"Kultur und Wissenschaft","Kultur","Einzel- und Gesamtförderung im Bereich Musik","1230",12000,1,2024
"Kultur und Wissenschaft","Kultur","Einzel- und Gesamtförderung im Bereich Kulturinitiativen","1160",10000,1,2024
"Kultur und Wissenschaft","Kultur","Einzel- und Gesamtförderung im Bereich Musik","1050",2000,1,2024
"Kultur und Wissenschaft","Kultur","Einzel- und Gesamtförderung im Bereich Musik","1150",1500,1,2024
"Kultur und Wissenschaft","Kultur","Einzel- und Gesamtförderung im Bereich Musik","1090",10000,1,2024
"Kultur und Wissenschaft","Kultur","Einzel- und Gesamtförderung im Bereich Musik","1010",2e+05,1,2024
"Kultur und Wissenschaft","Kultur","Einzel- und Gesamtförderung im Bereich Wissenschaft und Forschung","1190",4500,1,2024
"Kultur und Wissenschaft","Kultur","Wissenschaftsstipendium","1210",5000,1,2024
"Kultur und Wissenschaft","Kultur","Einzel- und Gesamtförderung im Bereich Musik","1080",25000,1,2024
"Kultur und Wissenschaft","Kultur","Einzel- und Gesamtförderung im Bereich Musik","1230",14000,1,2024
"Kultur und Wissenschaft","Kultur","Einzel- und Gesamtförderung im Bereich Wissenschaft und Forschung","1070",10000,1,2024
"Kultur und Wissenschaft","Kultur","Einzel- und Gesamtförderung im Bereich Musik","1040",5000,1,2024
"Kultur und Wissenschaft","Kultur","Einzel- und Gesamtförderung im Bereich Musik","1170",25000,1,2024
"Kultur und Wissenschaft","Kultur","Förderung von Institutionen im Bereich Darstellende Kunst","1090",150000,1,2024
"Kultur und Wissenschaft","Kultur","Einzel- und Gesamtförderung im Bereich Musik","1020",24000,1,2024
"Kultur und Wissenschaft","Kultur","Einzel- und Gesamtförderung im Bereich Wissenschaft und Forschung","1030",7000,1,2024
"Kultur und Wissenschaft","Kultur","Einzel- und Gesamtförderung im Bereich Musik","1100",9000,1,2024
"Kultur und Wissenschaft","Kultur","Einzel- und Gesamtförderung im Bereich Musik","1030",20000,1,2024
"Kultur und Wissenschaft","Kultur","Einzel- und Gesamtförderung im Bereich Musik","1080",20000,1,2024
"Kultur und Wissenschaft","Kultur","Einzel- und Gesamtförderung im Bereich Musik","1070",17000,1,2024
"Kultur und Wissenschaft","Kultur","Einzel- und Gesamtförderung im Bereich Musik","1060",5000,1,2024
"Kultur und Wissenschaft","Kultur","Einzel- und Gesamtförderung im Bereich Musik","1030",10000,1,2024
"Kultur und Wissenschaft","Kultur","Einzel- und Gesamtförderung im Bereich Musik","1200",3000,1,2024
"Kultur und Wissenschaft","Kultur","Einzel- und Gesamtförderung im Bereich Musik","1150",65000,1,2024
"Kultur und Wissenschaft","Kultur","Sonstige Förderungen","1070",36207.27,1,2024
"Kultur und Wissenschaft","Kultur","Einzel- und Gesamtförderung im Bereich Musik","1180",8000,1,2024
"Kultur und Wissenschaft","Kultur","Einzel- und Gesamtförderung im Bereich Wissenschaft und Forschung","1070",13000,1,2024
"Kultur und Wissenschaft","Kultur","Einzel- und Gesamtförderung im Bereich Musik","1170",2500,1,2024
"Kultur und Wissenschaft","Kultur","Einzel- und Gesamtförderung im Bereich Musik","3411",75000,1,2024
"Kultur und Wissenschaft","Kultur","Einzel- und Gesamtförderung im Bereich Musik","1150",2500,1,2024
"Kultur und Wissenschaft","Kultur","Einzel- und Gesamtförderung im Bereich Musik","1060",2000,1,2024
"Kultur und Wissenschaft","Kultur","Einzel- und Gesamtförderung im Bereich Film, Mode und Design","1020",5000,1,2024
"Kultur und Wissenschaft","Kultur","Einzel- und Gesamtförderung im Bereich Musik","1150",3000,1,2024
"Kultur und Wissenschaft","Kultur","Einzel- und Gesamtförderung im Bereich Musik","1160",3000,1,2024
"Kultur und Wissenschaft","Kultur","Einzel- und Gesamtförderung im Bereich Musik","1200",1e+05,1,2024
"Kultur und Wissenschaft","Kultur","Einzel- und Gesamtförderung im Bereich Musik","1100",5000,1,2024
"Kultur und Wissenschaft","Kultur","Einzel- und Gesamtförderung im Bereich Musik","1070",2000,1,2024
"Kultur und Wissenschaft","Kultur","Einzel- und Gesamtförderung im Bereich Musik","1190",13000,1,2024
"Kultur und Wissenschaft","Kultur","Einzel- und Gesamtförderung im Bereich Musik","1060",13000,1,2024
"Kultur und Wissenschaft","Kultur","Einzel- und Gesamtförderung im Bereich Musik","1150",8000,1,2024
"Kultur und Wissenschaft","Kultur","Einzel- und Gesamtförderung im Bereich Musik","1140",22000,1,2024
"Kultur und Wissenschaft","Kultur","Förderung von Institutionen im Bereich Darstellende Kunst","1060",70000,1,2024
"Kultur und Wissenschaft","Kultur","Einzel- und Gesamtförderung im Bereich Bildende Kunst und Medienkunst","1070",19000,1,2024
"Kultur und Wissenschaft","Kultur","Einzel- und Gesamtförderung im Bereich Musik","1120",8000,1,2024
"Kultur und Wissenschaft","Kultur","Einzel- und Gesamtförderung im Bereich Wissenschaft und Forschung","1120",5000,1,2024
"Kultur und Wissenschaft","Kultur","Einzel- und Gesamtförderung im Bereich Wissenschaft und Forschung","3100",15000,1,2024
"Kultur und Wissenschaft","Kultur","Einzel- und Gesamtförderung im Bereich Bildende Kunst und Medienkunst","1070",13500,1,2024
"Kultur und Wissenschaft","Kultur","Einzel- und Gesamtförderung im Bereich Wissenschaft und Forschung","1090",45000,1,2024
"Kultur und Wissenschaft","Kultur","Einzel- und Gesamtförderung im Bereich Musik","1020",25000,1,2024
"Kultur und Wissenschaft","Kultur","Einzel- und Gesamtförderung im Bereich Bildende Kunst und Medienkunst","1030",3000,1,2024
"Kultur und Wissenschaft","Kultur","Einzel- und Gesamtförderung im Bereich Musik","1160",10000,1,2024
"Kultur und Wissenschaft","Kultur","Einzel- und Gesamtförderung im Bereich Musik","1010",5000,1,2024
"Kultur und Wissenschaft","Kultur","Einzel- und Gesamtförderung im Bereich Musik","1050",25000,1,2024
"Kultur und Wissenschaft","Kultur","Einzel- und Gesamtförderung im Bereich Musik","1100",15000,1,2024
"Kultur und Wissenschaft","Kultur","Einzel- und Gesamtförderung im Bereich Musik","1100",8000,1,2024
"Kultur und Wissenschaft","Kultur","Einzel- und Gesamtförderung im Bereich Wissenschaft und Forschung","1090",40000,1,2024
"Kultur und Wissenschaft","Kultur","Einzel- und Gesamtförderung im Bereich Musik","1020",5000,1,2024
"Kultur und Wissenschaft","Kultur","Einzel- und Gesamtförderung im Bereich Musik","1050",15000,1,2024
"Kultur und Wissenschaft","Kultur","Einzel- und Gesamtförderung im Bereich Wissenschaft und Forschung","1060",16000,1,2024
"Kultur und Wissenschaft","Kultur","Einzel- und Gesamtförderung im Bereich Musik","1100",4000,1,2024
"Kultur und Wissenschaft","Kultur","Einzel- und Gesamtförderung im Bereich Musik","1050",10000,1,2024
"Kultur und Wissenschaft","Kultur","Einzel- und Gesamtförderung im Bereich Wissenschaft und Forschung","1060",10000,1,2024
"Kultur und Wissenschaft","Kultur","Einzel- und Gesamtförderung im Bereich Wissenschaft und Forschung","1010",4000,1,2024
"Kultur und Wissenschaft","Kultur","Einzel- und Gesamtförderung im Bereich Wissenschaft und Forschung","1180",25000,1,2024
"Kultur und Wissenschaft","Kultur","Kunstankauf","1200",6500,1,2024
"Kultur und Wissenschaft","Kultur","Förderung von Institutionen im Bereich Darstellende Kunst","1060",25000,1,2024
"Kultur und Wissenschaft","Kultur","Einzel- und Gesamtförderung im Bereich Wissenschaft und Forschung","1180",4000,1,2024
"Kultur und Wissenschaft","Kultur","Einzel- und Gesamtförderung im Bereich Kulturinitiativen","1130",2000,1,2024
"Kultur und Wissenschaft","Kultur","Einzel- und Gesamtförderung im Bereich Musik","1210",4000,1,2024
"Kultur und Wissenschaft","Kultur","Einzel- und Gesamtförderung im Bereich Wissenschaft und Forschung","1050",45000,1,2024
"Kultur und Wissenschaft","Kultur","Druckkostenzuschuss","6020",7500,1,2024
"Kultur und Wissenschaft","Kultur","Einzel- und Gesamtförderung im Bereich Bildende Kunst und Medienkunst","1010",5e+05,1,2024
"Kultur und Wissenschaft","Kultur","Einzel- und Gesamtförderung im Bereich Bildende Kunst und Medienkunst","1030",2600000,1,2024
"Kultur und Wissenschaft","Kultur","Einzel- und Gesamtförderung im Bereich Musik","1150",5000,1,2024
"Kultur und Wissenschaft","Kultur","Einzel- und Gesamtförderung im Bereich Wissenschaft und Forschung","1090",8500,1,2024
"Kultur und Wissenschaft","Kultur","Einzel- und Gesamtförderung im Bereich Bildende Kunst und Medienkunst","1040",8000,1,2024
"Kultur und Wissenschaft","Kultur","Einzel- und Gesamtförderung im Bereich Musik","1190",11000,1,2024
"Kultur und Wissenschaft","Kultur","Einzel- und Gesamtförderung im Bereich Musik","1180",5000,1,2024
"Kultur und Wissenschaft","Kultur","Bau- und Investitonskostenzuschuss","1090",6e+05,1,2024
"Kultur und Wissenschaft","Kultur","Einzel- und Gesamtförderung im Bereich Musik","1170",3000,1,2024
"Kultur und Wissenschaft","Kultur","Einzel- und Gesamtförderung im Bereich Wissenschaft und Forschung","1130",14000,1,2024
"Kultur und Wissenschaft","Kultur","Einzel- und Gesamtförderung im Bereich Musik","1020",22000,1,2024
"Kultur und Wissenschaft","Kultur","Einzel- und Gesamtförderung im Bereich Musik","1040",3000,1,2024
"Kultur und Wissenschaft","Kultur","Einzel- und Gesamtförderung im Bereich Musik","2130",70000,1,2024
"Kultur und Wissenschaft","Kultur","Einzel- und Gesamtförderung im Bereich Wissenschaft und Forschung","1090",12000,1,2024
"Kultur und Wissenschaft","Kultur","Förderung von Institutionen im Bereich Darstellende Kunst","1060",5.6e+07,1,2024
"Kultur und Wissenschaft","Kultur","Einzel- und Gesamtförderung im Bereich Musik","1050",6000,1,2024
"Kultur und Wissenschaft","Kultur","Einzel- und Gesamtförderung im Bereich Musik","1050",4000,1,2024
"Kultur und Wissenschaft","Kultur","Einzel- und Gesamtförderung im Bereich Musik","1070",8000,1,2024
"Kultur und Wissenschaft","Kultur","Einzel- und Gesamtförderung im Bereich Musik","1020",2500,1,2024
"Kultur und Wissenschaft","Kultur","Einzel- und Gesamtförderung im Bereich Musik","1050",12000,1,2024
"Kultur und Wissenschaft","Kultur","Einzel- und Gesamtförderung im Bereich Musik","1040",15000,1,2024
"Kultur und Wissenschaft","Kultur","Förderung von Institutionen im Bereich Darstellende Kunst","1070",280000,1,2024
"Kultur und Wissenschaft","Kultur","Einzel- und Gesamtförderung im Bereich Musik","1090",5000,1,2024
"Kultur und Wissenschaft","Kultur","Einzel- und Gesamtförderung im Bereich Bildende Kunst und Medienkunst","1200",15000,1,2024
"Kultur und Wissenschaft","Kultur","Einzel- und Gesamtförderung im Bereich Musik","1060",1500,1,2024
"Kultur und Wissenschaft","Kultur","Einzel- und Gesamtförderung im Bereich Musik","1150",4000,1,2024
"Kultur und Wissenschaft","Kultur","Einzel- und Gesamtförderung im Bereich Musik","1080",25000,1,2024
"Kultur und Wissenschaft","Kultur","Einzel- und Gesamtförderung im Bereich Musik","1070",13000,1,2024
"Kultur und Wissenschaft","Kultur","Einzel- und Gesamtförderung im Bereich Film, Mode und Design","1070",1615000,1,2024
"Kultur und Wissenschaft","Kultur","Einzel- und Gesamtförderung im Bereich Musik","1050",8000,1,2024
"Kultur und Wissenschaft","Kultur","Einzel- und Gesamtförderung im Bereich Musik","1090",30000,1,2024
"Kultur und Wissenschaft","Kultur","Einzel- und Gesamtförderung im Bereich Musik","1140",11000,1,2024
"Kultur und Wissenschaft","Kultur","Einzel- und Gesamtförderung im Bereich Musik","1180",5000,1,2024
"Kultur und Wissenschaft","Kultur","Einzel- und Gesamtförderung im Bereich Musik","1230",1000,1,2024
"Kultur und Wissenschaft","Kultur","Einzel- und Gesamtförderung im Bereich Musik","1200",4000,1,2024
"Kultur und Wissenschaft","Kultur","Einzel- und Gesamtförderung im Bereich Musik","1050",6500,1,2024
"Kultur und Wissenschaft","Kultur","Einzel- und Gesamtförderung im Bereich Musik","1150",4000,1,2024
"Kultur und Wissenschaft","Kultur","Einzel- und Gesamtförderung im Bereich Wissenschaft und Forschung","1090",36000,1,2024
"Kultur und Wissenschaft","Kultur","Einzel- und Gesamtförderung im Bereich Wissenschaft und Forschung","1010",4500,1,2024
"Kultur und Wissenschaft","Kultur","Wissenschaftsstipendium","1120",10000,1,2024
"Kultur und Wissenschaft","Kultur","Einzel- und Gesamtförderung im Bereich Wissenschaft und Forschung","1210",10000,1,2024
"Kultur und Wissenschaft","Kultur","Einzel- und Gesamtförderung im Bereich Wissenschaft und Forschung","1010",5000,1,2024
"Kultur und Wissenschaft","Kultur","Einzel- und Gesamtförderung im Bereich Wissenschaft und Forschung","1010",50000,1,2024
"Kultur und Wissenschaft","Kultur","Einzel- und Gesamtförderung im Bereich Wissenschaft und Forschung","1020",5000,1,2024
"Kultur und Wissenschaft","Kultur","Einzel- und Gesamtförderung im Bereich Wissenschaft und Forschung","1090",4000,1,2024
"Kultur und Wissenschaft","Kultur","Einzel- und Gesamtförderung im Bereich Wissenschaft und Forschung","1100",10000,1,2024
"Kultur und Wissenschaft","Kultur","Einzel- und Gesamtförderung im Bereich Musik","1070",30000,1,2024
"Kultur und Wissenschaft","Kultur","Einzel- und Gesamtförderung im Bereich Bildende Kunst und Medienkunst","1020",12000,1,2024
"Kultur und Wissenschaft","Kultur","Einzel- und Gesamtförderung im Bereich Bildende Kunst und Medienkunst","1020",6000,1,2024
"Kultur und Wissenschaft","Kultur","Einzel- und Gesamtförderung im Bereich Film, Mode und Design","1040",10000,1,2024
"Kultur und Wissenschaft","Kultur","Einzel- und Gesamtförderung im Bereich Musik","1070",15000,1,2024
"Kultur und Wissenschaft","Kultur","Einzel- und Gesamtförderung im Bereich Film, Mode und Design","1060",8500,1,2024
"Kultur und Wissenschaft","Kultur","Einzel- und Gesamtförderung im Bereich Film, Mode und Design","1150",4000,1,2024
"Kultur und Wissenschaft","Kultur","Einzel- und Gesamtförderung im Bereich Kulturinitiativen","1190",5000,1,2024
"Kultur und Wissenschaft","Kultur","Druckkostenzuschuss","1060",4000,1,2024
"Kultur und Wissenschaft","Kultur","Einzel- und Gesamtförderung im Bereich Wissenschaft und Forschung","1010",1300000,1,2024
"Kultur und Wissenschaft","Kultur","Einzel- und Gesamtförderung im Bereich Wissenschaft und Forschung","1140",10000,1,2024
"Kultur und Wissenschaft","Kultur","Einzel- und Gesamtförderung im Bereich Musik","1030",1000,1,2024
"Kultur und Wissenschaft","Kultur","Einzel- und Gesamtförderung im Bereich Musik","1170",4000,1,2024
"Kultur und Wissenschaft","Kultur","Einzel- und Gesamtförderung im Bereich Musik","1190",2500,1,2024
"Kultur und Wissenschaft","Kultur","Einzel- und Gesamtförderung im Bereich Musik","1220",1500,1,2024
"Kultur und Wissenschaft","Kultur","Einzel- und Gesamtförderung im Bereich Bildende Kunst und Medienkunst","1050",8000,1,2024
"Kultur und Wissenschaft","Kultur","Einzel- und Gesamtförderung im Bereich Musik","1030",3000,1,2024
"Kultur und Wissenschaft","Kultur","Einzel- und Gesamtförderung im Bereich Musik","1030",6000,1,2024
"Kultur und Wissenschaft","Kultur","Einzel- und Gesamtförderung im Bereich Wissenschaft und Forschung","1230",20000,1,2024
"Kultur und Wissenschaft","Kultur","Einzel- und Gesamtförderung im Bereich Musik","1170",5000,1,2024
"Kultur und Wissenschaft","Kultur","Einzel- und Gesamtförderung im Bereich Musik","1090",5000,1,2024
"Kultur und Wissenschaft","Kultur","Einzel- und Gesamtförderung im Bereich Film, Mode und Design","1160",4000,1,2024
"Kultur und Wissenschaft","Kultur","Einzel- und Gesamtförderung im Bereich Musik","1190",1000,1,2024
"Kultur und Wissenschaft","Kultur","Förderung von Institutionen im Bereich Darstellende Kunst","1120",2150000,1,2024
"Kultur und Wissenschaft","Kultur","Einzel- und Gesamtförderung im Bereich Literatur","1230",12000,1,2024
"Kultur und Wissenschaft","Kultur","Förderung von Institutionen im Bereich Darstellende Kunst","1080",120000,1,2024
"Kultur und Wissenschaft","Kultur","Einzel- und Gesamtförderung im Bereich Literatur","1140",5000,1,2024
"Kultur und Wissenschaft","Kultur","Einzel- und Gesamtförderung im Bereich Film, Mode und Design","1120",1000,1,2024
"Kultur und Wissenschaft","Kultur","Einzel- und Gesamtförderung im Bereich Kulturinitiativen","1040",3000,1,2024
"Kultur und Wissenschaft","Kultur","Kompositionsförderung","1020",2700,1,2024
"Kultur und Wissenschaft","Kultur","Einzel- und Gesamtförderung im Bereich Wissenschaft und Forschung","1010",4940000,1,2024
"Kultur und Wissenschaft","Kultur","Einzel- und Gesamtförderung im Bereich Darstellende Kunst","5020",50000,1,2024
"Kultur und Wissenschaft","Kultur","Einzel- und Gesamtförderung im Bereich Literatur","1010",6000,1,2024
"Kultur und Wissenschaft","Kultur","Würdigungspreise der Stadt Wien","1010",4000,1,2024
"Kultur und Wissenschaft","Kultur","Einzel- und Gesamtförderung im Bereich Kulturinitiativen","1060",3000,1,2024
"Kultur und Wissenschaft","Kultur","Würdigungspreise der Stadt Wien","1010",4000,1,2024
"Kultur und Wissenschaft","Kultur","Würdigungspreise der Stadt Wien","1200",4000,1,2024
"Kultur und Wissenschaft","Kultur","Würdigungspreise der Stadt Wien","1030",4000,1,2024
"Kultur und Wissenschaft","Kultur","Würdigungspreise der Stadt Wien","1020",4000,1,2024
"Kultur und Wissenschaft","Kultur","Würdigungspreise der Stadt Wien","1020",4000,1,2024
"Kultur und Wissenschaft","Kultur","Würdigungspreise der Stadt Wien","1050",4000,1,2024
"Kultur und Wissenschaft","Kultur","Einzel- und Gesamtförderung im Bereich Bildende Kunst und Medienkunst","1160",5000,1,2024
"Kultur und Wissenschaft","Kultur","Würdigungspreise der Stadt Wien","1040",10000,1,2024
"Kultur und Wissenschaft","Kultur","Einzel- und Gesamtförderung im Bereich Literatur","1010",6000,1,2024
"Kultur und Wissenschaft","Kultur","Würdigungspreise der Stadt Wien","1040",10000,1,2024
"Kultur und Wissenschaft","Kultur","Kompositionsförderung","1100",2000,1,2024
"Kultur und Wissenschaft","Kultur","Würdigungspreise der Stadt Wien","1030",4000,1,2024
"Kultur und Wissenschaft","Kultur","Einzel- und Gesamtförderung im Bereich Film, Mode und Design","1150",4000,1,2024
"Kultur und Wissenschaft","Kultur","Einzel- und Gesamtförderung im Bereich Film, Mode und Design","1050",25000,1,2024
"Kultur und Wissenschaft","Kultur","Einzel- und Gesamtförderung im Bereich Film, Mode und Design","1060",5000,1,2024
"Kultur und Wissenschaft","Kultur","Einzel- und Gesamtförderung im Bereich Bildende Kunst und Medienkunst","1090",45000,1,2024
"Kultur und Wissenschaft","Kultur","Einzel- und Gesamtförderung im Bereich Musik","1010",35000,1,2024
"Kultur und Wissenschaft","Kultur","Einzel- und Gesamtförderung im Bereich Bildende Kunst und Medienkunst","1070",1177000,1,2024
"Kultur und Wissenschaft","Kultur","Einzel- und Gesamtförderung im Bereich Bildende Kunst und Medienkunst","1080",15000,1,2024
"Kultur und Wissenschaft","Kultur","Einzel- und Gesamtförderung im Bereich Bildende Kunst und Medienkunst","1010",70000,1,2024
"Kultur und Wissenschaft","Kultur","Einzel- und Gesamtförderung im Bereich Bildende Kunst und Medienkunst","1070",6000,1,2024
"Kultur und Wissenschaft","Kultur","Einzel- und Gesamtförderung im Bereich Wissenschaft und Forschung","1090",5000,1,2024
"Kultur und Wissenschaft","Kultur","Einzel- und Gesamtförderung im Bereich Wissenschaft und Forschung","1200",12000,1,2024
"Kultur und Wissenschaft","Kultur","Kunstankauf","1030",11600,1,2024
"Kultur und Wissenschaft","Kultur","Einzel- und Gesamtförderung im Bereich Wissenschaft und Forschung","1020",4000,1,2024
"Kultur und Wissenschaft","Kultur","Einzel- und Gesamtförderung im Bereich Bildende Kunst und Medienkunst","1030",9000,1,2024
"Kultur und Wissenschaft","Kultur","Einzel- und Gesamtförderung im Bereich Film, Mode und Design","1040",7500,1,2024
"Kultur und Wissenschaft","Kultur","Einzel- und Gesamtförderung im Bereich Bildende Kunst und Medienkunst","1090",30000,1,2024
"Kultur und Wissenschaft","Kultur","Einzel- und Gesamtförderung im Bereich Bildende Kunst und Medienkunst","1070",80000,1,2024
"Kultur und Wissenschaft","Kultur","Einzel- und Gesamtförderung im Bereich Bildende Kunst und Medienkunst","1070",60000,1,2024
"Kultur und Wissenschaft","Kultur","Einzel- und Gesamtförderung im Bereich Film, Mode und Design","1060",10000,1,2024
"Kultur und Wissenschaft","Kultur","Druckkostenzuschuss","1130",2000,1,2024
"Kultur und Wissenschaft","Kultur","Einzel- und Gesamtförderung im Bereich Kulturinitiativen","1020",3000,1,2024
"Kultur und Wissenschaft","Kultur","Einzel- und Gesamtförderung im Bereich Wissenschaft und Forschung","1160",2000,1,2024
"Kultur und Wissenschaft","Kultur","Einzel- und Gesamtförderung im Bereich Kulturinitiativen","1080",28000,1,2024
"Kultur und Wissenschaft","Kultur","Druckkostenzuschuss","1010",2000,1,2024
"Kultur und Wissenschaft","Kultur","Einzel- und Gesamtförderung im Bereich Film, Mode und Design","1060",35000,1,2024
"Kultur und Wissenschaft","Kultur","Einzel- und Gesamtförderung im Bereich Kulturinitiativen","1160",210000,1,2024
"Kultur und Wissenschaft","Kultur","Einzel- und Gesamtförderung im Bereich Bildende Kunst und Medienkunst","1120",12000,1,2024
"Kultur und Wissenschaft","Kultur","Einzel- und Gesamtförderung im Bereich Bildende Kunst und Medienkunst","1070",5000,1,2024
"Kultur und Wissenschaft","Kultur","Einzel- und Gesamtförderung im Bereich Literatur","1010",1230000,1,2024
"Kultur und Wissenschaft","Kultur","Einzel- und Gesamtförderung im Bereich Bildende Kunst und Medienkunst","1070",22000,1,2024
"Kultur und Wissenschaft","Kultur","Einzel- und Gesamtförderung im Bereich Film, Mode und Design","1020",2500,1,2024
"Kultur und Wissenschaft","Kultur","Einzel- und Gesamtförderung im Bereich Bildende Kunst und Medienkunst","1160",7500,1,2024
"Kultur und Wissenschaft","Kultur","Einzel- und Gesamtförderung im Bereich Film, Mode und Design","1020",5000,1,2024
"Kultur und Wissenschaft","Kultur","Förderung von Institutionen im Bereich Darstellende Kunst","1030",3e+05,1,2024
"Kultur und Wissenschaft","Kultur","Einzel- und Gesamtförderung im Bereich Film, Mode und Design","1080",9000,1,2024
"Kultur und Wissenschaft","Kultur","Einzel- und Gesamtförderung im Bereich Bildende Kunst und Medienkunst","1070",20000,1,2024
"Kultur und Wissenschaft","Kultur","Einzel- und Gesamtförderung im Bereich Bildende Kunst und Medienkunst","1050",6000,1,2024
"Kultur und Wissenschaft","Kultur","Einzel- und Gesamtförderung im Bereich Bildende Kunst und Medienkunst","1020",4800,1,2024
"Kultur und Wissenschaft","Kultur","Einzel- und Gesamtförderung im Bereich Bildende Kunst und Medienkunst","1040",2600,1,2024
"Kultur und Wissenschaft","Kultur","Einzel- und Gesamtförderung im Bereich Film, Mode und Design","1020",4500,1,2024
"Kultur und Wissenschaft","Kultur","Einzel- und Gesamtförderung im Bereich Literatur","1140",5000,1,2024
"Kultur und Wissenschaft","Kultur","Einzel- und Gesamtförderung im Bereich Bildende Kunst und Medienkunst","1150",8000,1,2024
"Kultur und Wissenschaft","Kultur","Einzel- und Gesamtförderung im Bereich Bildende Kunst und Medienkunst","1070",12000,1,2024
"Kultur und Wissenschaft","Kultur","Einzel- und Gesamtförderung im Bereich Film, Mode und Design","1030",7000,1,2024
"Kultur und Wissenschaft","Kultur","Einzel- und Gesamtförderung im Bereich Film, Mode und Design","1220",1500,1,2024
"Kultur und Wissenschaft","Kultur","Förderung von Institutionen im Bereich Darstellende Kunst","1010",830000,1,2024
"Kultur und Wissenschaft","Kultur","Einzel- und Gesamtförderung im Bereich Film, Mode und Design","1040",5000,1,2024
"Kultur und Wissenschaft","Kultur","Einzel- und Gesamtförderung im Bereich Kulturinitiativen","1010",2e+05,1,2024
"Kultur und Wissenschaft","Kultur","Würdigungspreise der Stadt Wien","1140",4000,1,2024
"Kultur und Wissenschaft","Kultur","Einzel- und Gesamtförderung im Bereich Bildende Kunst und Medienkunst","1040",8000,1,2024
"Kultur und Wissenschaft","Kultur","Einzel- und Gesamtförderung im Bereich Film, Mode und Design","1160",3000,1,2024
"Kultur und Wissenschaft","Kultur","Einzel- und Gesamtförderung im Bereich Bildende Kunst und Medienkunst","1220",5000,1,2024
"Kultur und Wissenschaft","Kultur","Einzel- und Gesamtförderung im Bereich Wissenschaft und Forschung","1230",2500,1,2024
"Kultur und Wissenschaft","Kultur","Einzel- und Gesamtförderung im Bereich Bildende Kunst und Medienkunst","1180",5000,1,2024
"Kultur und Wissenschaft","Kultur","Einzel- und Gesamtförderung im Bereich Bildende Kunst und Medienkunst","1200",3500,1,2024
"Kultur und Wissenschaft","Kultur","Einzel- und Gesamtförderung im Bereich Bildende Kunst und Medienkunst","1160",5000,1,2024
"Kultur und Wissenschaft","Kultur","Einzel- und Gesamtförderung im Bereich Bildende Kunst und Medienkunst","1050",35000,1,2024
"Kultur und Wissenschaft","Kultur","Einzel- und Gesamtförderung im Bereich Bildende Kunst und Medienkunst","1150",3000,1,2024
"Kultur und Wissenschaft","Kultur","Einzel- und Gesamtförderung im Bereich Bildende Kunst und Medienkunst","1060",60000,1,2024
"Kultur und Wissenschaft","Kultur","Einzel- und Gesamtförderung im Bereich Bildende Kunst und Medienkunst","1200",12000,1,2024
"Kultur und Wissenschaft","Kultur","Druckkostenzuschuss","1040",3500,1,2024
"Kultur und Wissenschaft","Kultur","Einzel- und Gesamtförderung im Bereich Film, Mode und Design","1170",2000,1,2024
"Kultur und Wissenschaft","Kultur","Einzel- und Gesamtförderung im Bereich Bildende Kunst und Medienkunst","1060",3200,1,2024
"Kultur und Wissenschaft","Kultur","Einzel- und Gesamtförderung im Bereich Film, Mode und Design","1070",7000,1,2024
"Kultur und Wissenschaft","Kultur","Druckkostenzuschuss","1080",3000,1,2024
"Kultur und Wissenschaft","Kultur","Einzel- und Gesamtförderung im Bereich Darstellende Kunst","1070",157530,1,2024
"Kultur und Wissenschaft","Kultur","Einzel- und Gesamtförderung im Bereich Film, Mode und Design","1200",5000,1,2024
"Kultur und Wissenschaft","Kultur","Einzel- und Gesamtförderung im Bereich Darstellende Kunst","1070",45000,1,2024
"Kultur und Wissenschaft","Kultur","Einzel- und Gesamtförderung im Bereich Darstellende Kunst","1070",25000,1,2024
"Kultur und Wissenschaft","Kultur","Einzel- und Gesamtförderung im Bereich Literatur","1050",20000,1,2024
"Kultur und Wissenschaft","Kultur","Einzel- und Gesamtförderung im Bereich Bildende Kunst und Medienkunst","1010",25000,1,2024
"Kultur und Wissenschaft","Kultur","Kompositionsförderung","1040",2000,1,2024
"Kultur und Wissenschaft","Kultur","Einzel- und Gesamtförderung im Bereich Bildende Kunst und Medienkunst","1220",9000,1,2024
"Kultur und Wissenschaft","Kultur","Einzel- und Gesamtförderung im Bereich Bildende Kunst und Medienkunst","1150",8000,1,2024
"Kultur und Wissenschaft","Kultur","Einzel- und Gesamtförderung im Bereich Film, Mode und Design","1200",135000,1,2024
"Kultur und Wissenschaft","Kultur","Einzel- und Gesamtförderung im Bereich Bildende Kunst und Medienkunst","1060",3200,1,2024
"Kultur und Wissenschaft","Kultur","Einzel- und Gesamtförderung im Bereich Bildende Kunst und Medienkunst","1060",60000,1,2024
"Kultur und Wissenschaft","Kultur","Einzel- und Gesamtförderung im Bereich Bildende Kunst und Medienkunst","1020",2500,1,2024
"Kultur und Wissenschaft","Kultur","Einzel- und Gesamtförderung im Bereich Bildende Kunst und Medienkunst","1060",24000,1,2024
"Kultur und Wissenschaft","Kultur","Einzel- und Gesamtförderung im Bereich Bildende Kunst und Medienkunst","1020",3500,1,2024
"Kultur und Wissenschaft","Kultur","Einzel- und Gesamtförderung im Bereich Bildende Kunst und Medienkunst","1040",13500,1,2024
"Kultur und Wissenschaft","Kultur","Einzel- und Gesamtförderung im Bereich Bildende Kunst und Medienkunst","1010",30000,1,2024
"Kultur und Wissenschaft","Kultur","Einzel- und Gesamtförderung im Bereich Bildende Kunst und Medienkunst","1060",10000,1,2024
"Kultur und Wissenschaft","Kultur","Einzel- und Gesamtförderung im Bereich Bildende Kunst und Medienkunst","1010",70000,1,2024
"Kultur und Wissenschaft","Kultur","Einzel- und Gesamtförderung im Bereich Film, Mode und Design","1050",2500,1,2024
"Kultur und Wissenschaft","Kultur","Einzel- und Gesamtförderung im Bereich Film, Mode und Design","1070",7000,1,2024
"Kultur und Wissenschaft","Kultur","Einzel- und Gesamtförderung im Bereich Film, Mode und Design","1090",10000,1,2024
"Kultur und Wissenschaft","Kultur","Einzel- und Gesamtförderung im Bereich Bildende Kunst und Medienkunst","1010",35000,1,2024
"Kultur und Wissenschaft","Kultur","Einzel- und Gesamtförderung im Bereich Bildende Kunst und Medienkunst","1010",5e+05,1,2024
"Kultur und Wissenschaft","Kultur","Einzel- und Gesamtförderung im Bereich Film, Mode und Design","1010",1600000,1,2024
"Kultur und Wissenschaft","Kultur","Einzel- und Gesamtförderung im Bereich Bildende Kunst und Medienkunst","1020",4000,1,2024
"Kultur und Wissenschaft","Kultur","Einzel- und Gesamtförderung im Bereich Darstellende Kunst","1010",65000,1,2024
"Kultur und Wissenschaft","Kultur","Einzel- und Gesamtförderung im Bereich Bildende Kunst und Medienkunst","1030",4000,1,2024
"Kultur und Wissenschaft","Kultur","Einzel- und Gesamtförderung im Bereich Film, Mode und Design","1020",10000,1,2024
"Kultur und Wissenschaft","Kultur","Einzel- und Gesamtförderung im Bereich Film, Mode und Design","1150",3000,1,2024
"Kultur und Wissenschaft","Kultur","Einzel- und Gesamtförderung im Bereich Film, Mode und Design","1030",5000,1,2024
"Kultur und Wissenschaft","Kultur","Einzel- und Gesamtförderung im Bereich Bildende Kunst und Medienkunst","1200",2400,1,2024
"Kultur und Wissenschaft","Kultur","Einzel- und Gesamtförderung im Bereich Bildende Kunst und Medienkunst","1070",6000,1,2024
"Kultur und Wissenschaft","Kultur","Förderung von Institutionen im Bereich Darstellende Kunst","1050",440000,1,2024
"Kultur und Wissenschaft","Kultur","Druckkostenzuschuss","1060",2000,1,2024
"Kultur und Wissenschaft","Kultur","Einzel- und Gesamtförderung im Bereich Bildende Kunst und Medienkunst","1080",10000,1,2024
"Kultur und Wissenschaft","Kultur","Einzel- und Gesamtförderung im Bereich Bildende Kunst und Medienkunst","1190",800,1,2024
"Kultur und Wissenschaft","Kultur","Einzel- und Gesamtförderung im Bereich Bildende Kunst und Medienkunst","1090",7000,1,2024
"Kultur und Wissenschaft","Kultur","Einzel- und Gesamtförderung im Bereich Bildende Kunst und Medienkunst","1040",12000,1,2024
"Kultur und Wissenschaft","Kultur","Einzel- und Gesamtförderung im Bereich Bildende Kunst und Medienkunst","1150",5500,1,2024
"Kultur und Wissenschaft","Kultur","Einzel- und Gesamtförderung im Bereich Film, Mode und Design","1150",9000,1,2024
"Kultur und Wissenschaft","Kultur","Einzel- und Gesamtförderung im Bereich Film, Mode und Design","1030",8000,1,2024
"Kultur und Wissenschaft","Kultur","Einzel- und Gesamtförderung im Bereich Bildende Kunst und Medienkunst","1020",5000,1,2024
"Kultur und Wissenschaft","Kultur","Einzel- und Gesamtförderung im Bereich Bildende Kunst und Medienkunst","1020",2400,1,2024
"Kultur und Wissenschaft","Kultur","Einzel- und Gesamtförderung im Bereich Bildende Kunst und Medienkunst","1050",20000,1,2024
"Kultur und Wissenschaft","Kultur","Einzel- und Gesamtförderung im Bereich Film, Mode und Design","1200",4500,1,2024
"Kultur und Wissenschaft","Kultur","Einzel- und Gesamtförderung im Bereich Bildende Kunst und Medienkunst","1150",5000,1,2024
"Kultur und Wissenschaft","Kultur","Einzel- und Gesamtförderung im Bereich Bildende Kunst und Medienkunst","1060",20000,1,2024
"Kultur und Wissenschaft","Kultur","Einzel- und Gesamtförderung im Bereich Bildende Kunst und Medienkunst","1050",8000,1,2024
"Kultur und Wissenschaft","Kultur","Einzel- und Gesamtförderung im Bereich Bildende Kunst und Medienkunst","1180",5000,1,2024
"Kultur und Wissenschaft","Kultur","Einzel- und Gesamtförderung im Bereich Bildende Kunst und Medienkunst","1030",3000,1,2024
"Kultur und Wissenschaft","Kultur","Einzel- und Gesamtförderung im Bereich Bildende Kunst und Medienkunst","1020",12000,1,2024
"Kultur und Wissenschaft","Kultur","Einzel- und Gesamtförderung im Bereich Bildende Kunst und Medienkunst","1020",15000,1,2024
"Kultur und Wissenschaft","Kultur","Einzel- und Gesamtförderung im Bereich Bildende Kunst und Medienkunst","1010",3000,1,2024
"Kultur und Wissenschaft","Kultur","Einzel- und Gesamtförderung im Bereich Bildende Kunst und Medienkunst","1020",4200,1,2024
"Kultur und Wissenschaft","Kultur","Einzel- und Gesamtförderung im Bereich Bildende Kunst und Medienkunst","1180",4000,1,2024
"Kultur und Wissenschaft","Kultur","Einzel- und Gesamtförderung im Bereich Bildende Kunst und Medienkunst","1160",3000,1,2024
"Kultur und Wissenschaft","Kultur","Einzel- und Gesamtförderung im Bereich Film, Mode und Design","1160",1000,1,2024
"Kultur und Wissenschaft","Kultur","Einzel- und Gesamtförderung im Bereich Film, Mode und Design","1080",2500,1,2024
"Kultur und Wissenschaft","Kultur","Einzel- und Gesamtförderung im Bereich Film, Mode und Design","1180",2500,1,2024
"Kultur und Wissenschaft","Kultur","Einzel- und Gesamtförderung im Bereich Film, Mode und Design","1070",1500,1,2024
"Kultur und Wissenschaft","Kultur","Einzel- und Gesamtförderung im Bereich Film, Mode und Design","1150",8000,1,2024
"Kultur und Wissenschaft","Kultur","Druckkostenzuschuss","1190",1000,1,2024
"Kultur und Wissenschaft","Kultur","Druckkostenzuschuss","1050",3500,1,2024
"Kultur und Wissenschaft","Kultur","Einzel- und Gesamtförderung im Bereich Kulturinitiativen","1210",1000,1,2024
"Kultur und Wissenschaft","Kultur","Einzel- und Gesamtförderung im Bereich Kulturinitiativen","3500",5000,1,2024
"Kultur und Wissenschaft","Kultur","Einzel- und Gesamtförderung im Bereich Wissenschaft und Forschung","1160",3000,1,2024
"Kultur und Wissenschaft","Kultur","Kompositionsförderung","1090",2500,1,2024
"Kultur und Wissenschaft","Kultur","Einzel- und Gesamtförderung im Bereich Film, Mode und Design","1170",3000,1,2024
"Kultur und Wissenschaft","Kultur","Einzel- und Gesamtförderung im Bereich Film, Mode und Design","1080",4500,1,2024
"Kultur und Wissenschaft","Kultur","Einzel- und Gesamtförderung im Bereich Film, Mode und Design","1140",6000,1,2024
"Kultur und Wissenschaft","Kultur","Einzel- und Gesamtförderung im Bereich Literatur","1170",4000,1,2024
"Kultur und Wissenschaft","Kultur","Einzel- und Gesamtförderung im Bereich Kulturinitiativen","1140",35000,1,2024
"Kultur und Wissenschaft","Kultur","Förderung von Institutionen im Bereich Darstellende Kunst","1070",1800000,1,2024
"Kultur und Wissenschaft","Kultur","Kompositionsförderung","1120",1000,1,2024
"Kultur und Wissenschaft","Kultur","Druckkostenzuschuss","1090",2000,1,2024
"Kultur und Wissenschaft","Kultur","Einzel- und Gesamtförderung im Bereich Literatur","1040",2e+05,1,2024
"Kultur und Wissenschaft","Kultur","Einzel- und Gesamtförderung im Bereich Bildende Kunst und Medienkunst","1070",4200000,1,2024
"Kultur und Wissenschaft","Kultur","Einzel- und Gesamtförderung im Bereich Bildende Kunst und Medienkunst","1070",914000,1,2024
"Kultur und Wissenschaft","Kultur","Druckkostenzuschuss","9020",10000,1,2024
"Kultur und Wissenschaft","Kultur","Einzel- und Gesamtförderung im Bereich Wissenschaft und Forschung","1070",2e+05,1,2024
"Kultur und Wissenschaft","Kultur","Druckkostenzuschuss","9020",6000,1,2024
"Kultur und Wissenschaft","Kultur","Einzel- und Gesamtförderung im Bereich Wissenschaft und Forschung","1090",10000,1,2024
"Kultur und Wissenschaft","Kultur","Einzel- und Gesamtförderung im Bereich Film, Mode und Design","1030",3e+05,1,2024
"Kultur und Wissenschaft","Kultur","Druckkostenzuschuss","9020",8000,1,2024
"Kultur und Wissenschaft","Kultur","Förderung von Institutionen im Bereich Darstellende Kunst","1200",2e+06,1,2024
"Kultur und Wissenschaft","Kultur","Einzel- und Gesamtförderung im Bereich Darstellende Kunst","1200",110000,1,2024
"Kultur und Wissenschaft","Kultur","Förderung von Institutionen im Bereich Darstellende Kunst","1020",85000,1,2024
"Kultur und Wissenschaft","Kultur","Förderung von Institutionen im Bereich Darstellende Kunst","1040",75000,1,2024
"Kultur und Wissenschaft","Kultur","Einzel- und Gesamtförderung im Bereich Bildende Kunst und Medienkunst","1030",5000,1,2024
"Kultur und Wissenschaft","Kultur","Kompositionsförderung","1130",1500,1,2024
"Kultur und Wissenschaft","Kultur","Einzel- und Gesamtförderung im Bereich Film, Mode und Design","1070",310000,1,2024
"Kultur und Wissenschaft","Kultur","Würdigungspreise der Stadt Wien","1030",5000,1,2024
"Kultur und Wissenschaft","Kultur","Einzel- und Gesamtförderung im Bereich Kulturinitiativen","1220",3000,1,2024
"Kultur und Wissenschaft","Kultur","Einzel- und Gesamtförderung im Bereich Kulturinitiativen","1140",2000,1,2024
"Kultur und Wissenschaft","Kultur","Druckkostenzuschuss","1030",35000,1,2024
"Kultur und Wissenschaft","Kultur","Kompositionsförderung","1030",1500,1,2024
"Kultur und Wissenschaft","Kultur","Einzel- und Gesamtförderung im Bereich Wissenschaft und Forschung","1010",3e+05,1,2024
"Kultur und Wissenschaft","Kultur","Einzel- und Gesamtförderung im Bereich Bildende Kunst und Medienkunst","1050",17000,1,2024
"Kultur und Wissenschaft","Kultur","Einzel- und Gesamtförderung im Bereich Bildende Kunst und Medienkunst","1040",5000,1,2024
"Kultur und Wissenschaft","Kultur","Einzel- und Gesamtförderung im Bereich Wissenschaft und Forschung","1080",50000,1,2024
"Kultur und Wissenschaft","Kultur","Einzel- und Gesamtförderung im Bereich Wissenschaft und Forschung","1080",5e+05,1,2024
"Kultur und Wissenschaft","Kultur","Kompositionsförderung","1200",1000,1,2024
"Kultur und Wissenschaft","Kultur","Einzel- und Gesamtförderung im Bereich Musik","1070",160000,1,2024
"Kultur und Wissenschaft","Kultur","Druckkostenzuschuss","1040",3500,1,2024
"Kultur und Wissenschaft","Kultur","Kompositionsförderung","1160",1000,1,2024
"Kultur und Wissenschaft","Kultur","Kompositionsförderung","1030",700,1,2024
"Kultur und Wissenschaft","Kultur","Würdigungspreise der Stadt Wien","1020",10000,1,2024
"Kultur und Wissenschaft","Kultur","Kompositionsförderung","1100",2500,1,2024
"Kultur und Wissenschaft","Kultur","Einzel- und Gesamtförderung im Bereich Kulturinitiativen","1020",3000,1,2024
"Kultur und Wissenschaft","Kultur","Einzel- und Gesamtförderung im Bereich Wissenschaft und Forschung","1090",420000,1,2024
"Kultur und Wissenschaft","Kultur","Druckkostenzuschuss","5023",11000,1,2024
"Kultur und Wissenschaft","Kultur","Einzel- und Gesamtförderung im Bereich Musik","1010",4e+05,1,2024
"Kultur und Wissenschaft","Kultur","Kompositionsförderung","1050",1500,1,2024
"Kultur und Wissenschaft","Kultur","Einzel- und Gesamtförderung im Bereich Literatur","1140",16000,1,2024
"Kultur und Wissenschaft","Kultur","Kompositionsförderung","1050",2000,1,2024
"Kultur und Wissenschaft","Kultur","Einzel- und Gesamtförderung im Bereich Wissenschaft und Forschung","1030",1400,1,2024
"Kultur und Wissenschaft","Kultur","Druckkostenzuschuss","6020",4500,1,2024
"Kultur und Wissenschaft","Kultur","Einzel- und Gesamtförderung im Bereich Wissenschaft und Forschung","1030",4000,1,2024
"Kultur und Wissenschaft","Kultur","Kompositionsförderung","1030",2000,1,2024
"Kultur und Wissenschaft","Kultur","Kompositionsförderung","1200",3500,1,2024
"Kultur und Wissenschaft","Kultur","Einzel- und Gesamtförderung im Bereich Literatur","1020",10000,1,2024
"Kultur und Wissenschaft","Kultur","Kompositionsförderung","1050",2500,1,2024
"Kultur und Wissenschaft","Kultur","Einzel- und Gesamtförderung im Bereich Literatur","1090",2000,1,2024
"Kultur und Wissenschaft","Kultur","Kompositionsförderung","1090",3000,1,2024
"Kultur und Wissenschaft","Kultur","Einzel- und Gesamtförderung im Bereich Literatur","1010",18000,1,2024
"Kultur und Wissenschaft","Kultur","Kompositionsförderung","1200",800,1,2024
"Kultur und Wissenschaft","Kultur","Kompositionsförderung","1190",2000,1,2024
"Kultur und Wissenschaft","Kultur","Einzel- und Gesamtförderung im Bereich Wissenschaft und Forschung","1040",10000,1,2024
"Kultur und Wissenschaft","Kultur","Einzel- und Gesamtförderung im Bereich Wissenschaft und Forschung","1120",4000,1,2024
"Kultur und Wissenschaft","Kultur","Druckkostenzuschuss","1020",2600,1,2024
"Kultur und Wissenschaft","Kultur","Druckkostenzuschuss","5020",8000,1,2024
"Kultur und Wissenschaft","Kultur","Kompositionsförderung","1120",1500,1,2024
"Kultur und Wissenschaft","Kultur","Druckkostenzuschuss","1080",9000,1,2024
"Kultur und Wissenschaft","Kultur","Einzel- und Gesamtförderung im Bereich Literatur","1090",3000,1,2024
"Kultur und Wissenschaft","Kultur","Einzel- und Gesamtförderung im Bereich Literatur","1040",10000,1,2024
"Kultur und Wissenschaft","Kultur","Einzel- und Gesamtförderung im Bereich Literatur","1020",2000,1,2024
"Kultur und Wissenschaft","Kultur","Kompositionsförderung","1200",1000,1,2024
"Kultur und Wissenschaft","Kultur","Kompositionsförderung","1100",2500,1,2024
"Kultur und Wissenschaft","Kultur","Kompositionsförderung","1020",2000,1,2024
"Kultur und Wissenschaft","Kultur","Einzel- und Gesamtförderung im Bereich Literatur","1120",9000,1,2024
"Kultur und Wissenschaft","Kultur","Wiener Altstadterhaltungsfonds","1230",5500,1,2024
"Kultur und Wissenschaft","Kultur","Kompositionsförderung","1020",600,1,2024
"Kultur und Wissenschaft","Kultur","Einzel- und Gesamtförderung im Bereich Literatur","1180",4000,1,2024
"Kultur und Wissenschaft","Kultur","Kompositionsförderung","1140",4000,1,2024
"Kultur und Wissenschaft","Kultur","Einzel- und Gesamtförderung im Bereich Literatur","1070",38000,1,2024
"Kultur und Wissenschaft","Kultur","Kompositionsförderung","1140",1500,1,2024
"Kultur und Wissenschaft","Kultur","Druckkostenzuschuss","1010",6000,1,2024
"Kultur und Wissenschaft","Kultur","Einzel- und Gesamtförderung im Bereich Wissenschaft und Forschung","1010",34000,1,2024
"Kultur und Wissenschaft","Kultur","Einzel- und Gesamtförderung im Bereich Kulturinitiativen","1150",5000,1,2024
"Kultur und Wissenschaft","Kultur","Kunstankauf","1070",6600,1,2024
"Kultur und Wissenschaft","Kultur","Kompositionsförderung","1020",1800,1,2024
"Kultur und Wissenschaft","Kultur","Druckkostenzuschuss","1010",16000,1,2024
"Kultur und Wissenschaft","Kultur","Kompositionsförderung","1030",1500,1,2024
"Kultur und Wissenschaft","Kultur","Einzel- und Gesamtförderung im Bereich Literatur","1050",4000,1,2024
"Kultur und Wissenschaft","Kultur","Einzel- und Gesamtförderung im Bereich Literatur","1050",2000,1,2024
"Kultur und Wissenschaft","Kultur","Kompositionsförderung","1200",1800,1,2024
"Kultur und Wissenschaft","Kultur","Einzel- und Gesamtförderung im Bereich Literatur","1020",33000,1,2024
"Kultur und Wissenschaft","Kultur","Kompositionsförderung","1050",2500,1,2024
"Kultur und Wissenschaft","Kultur","Einzel- und Gesamtförderung im Bereich Wissenschaft und Forschung","1010",781000,1,2024
"Kultur und Wissenschaft","Kultur","Kompositionsförderung","1070",1200,1,2024
"Kultur und Wissenschaft","Kultur","Kompositionsförderung","1150",1200,1,2024
"Kultur und Wissenschaft","Kultur","Einzel- und Gesamtförderung im Bereich Literatur","1030",32000,1,2024
"Kultur und Wissenschaft","Kultur","Kompositionsförderung","1150",2500,1,2024
"Kultur und Wissenschaft","Kultur","Kompositionsförderung","1140",800,1,2024
"Kultur und Wissenschaft","Kultur","Kompositionsförderung","1170",1000,1,2024
"Kultur und Wissenschaft","Kultur","Kompositionsförderung","1170",1500,1,2024
"Kultur und Wissenschaft","Kultur","Kompositionsförderung","1030",1500,1,2024
"Kultur und Wissenschaft","Kultur","Kompositionsförderung","1170",3500,1,2024
"Kultur und Wissenschaft","Kultur","Kompositionsförderung","1050",800,1,2024
"Kultur und Wissenschaft","Kultur","Druckkostenzuschuss","1060",12000,1,2024
"Kultur und Wissenschaft","Kultur","Kompositionsförderung","1090",1800,1,2024
"Kultur und Wissenschaft","Kultur","Einzel- und Gesamtförderung im Bereich Literatur","1200",23000,1,2024
"Kultur und Wissenschaft","Kultur","Einzel- und Gesamtförderung im Bereich Literatur","1200",5000,1,2024
"Kultur und Wissenschaft","Kultur","Druckkostenzuschuss","1150",12000,1,2024
"Kultur und Wissenschaft","Kultur","Kompositionsförderung","1150",1500,1,2024
"Kultur und Wissenschaft","Kultur","Druckkostenzuschuss","6020",8000,1,2024
"Kultur und Wissenschaft","Kultur","Kompositionsförderung","1060",800,1,2024
"Kultur und Wissenschaft","Kultur","Druckkostenzuschuss","1170",11000,1,2024
"Kultur und Wissenschaft","Kultur","Kompositionsförderung","1050",1200,1,2024
"Kultur und Wissenschaft","Kultur","Kompositionsförderung","1030",2500,1,2024
"Kultur und Wissenschaft","Kultur","Kompositionsförderung","1220",2700,1,2024
"Kultur und Wissenschaft","Kultur","Einzel- und Gesamtförderung im Bereich Literatur","1070",120000,1,2024
"Kultur und Wissenschaft","Kultur","Kompositionsförderung","1090",800,1,2024
"Kultur und Wissenschaft","Kultur","Kompositionsförderung","1160",600,1,2024
"Kultur und Wissenschaft","Kultur","Kompositionsförderung","1020",3000,1,2024
"Kultur und Wissenschaft","Kultur","Einzel- und Gesamtförderung im Bereich Literatur","1080",20000,1,2024
"Kultur und Wissenschaft","Kultur","Kompositionsförderung","1020",2500,1,2024
"Kultur und Wissenschaft","Kultur","Kompositionsförderung","1060",1000,1,2024
"Kultur und Wissenschaft","Kultur","Wissenschaftsstipendium","1120",4000,1,2024
"Kultur und Wissenschaft","Kultur","Kompositionsförderung","1050",2200,1,2024
"Kultur und Wissenschaft","Kultur","Kompositionsförderung","1230",1000,1,2024
"Kultur und Wissenschaft","Kultur","Kompositionsförderung","1030",1000,1,2024
"Kultur und Wissenschaft","Kultur","Einzel- und Gesamtförderung im Bereich Wissenschaft und Forschung","1090",1500,1,2024
"Kultur und Wissenschaft","Kultur","Einzel- und Gesamtförderung im Bereich Literatur","1150",4000,1,2024
"Kultur und Wissenschaft","Kultur","Kompositionsförderung","1030",1800,1,2024
"Kultur und Wissenschaft","Kultur","Wissenschaftsstipendium","1140",5000,1,2024
"Kultur und Wissenschaft","Kultur","Einzel- und Gesamtförderung im Bereich Literatur","1030",40000,1,2024
"Kultur und Wissenschaft","Kultur","Einzel- und Gesamtförderung im Bereich Kulturinitiativen","1200",2500,1,2024
"Kultur und Wissenschaft","Kultur","Einzel- und Gesamtförderung im Bereich Kulturinitiativen","1020",3000,1,2024
"Kultur und Wissenschaft","Kultur","Kompositionsförderung","1050",1000,1,2024
"Kultur und Wissenschaft","Kultur","Einzel- und Gesamtförderung im Bereich Literatur","1020",4000,1,2024
"Kultur und Wissenschaft","Kultur","Kompositionsförderung","1150",1700,1,2024
"Kultur und Wissenschaft","Kultur","Einzel- und Gesamtförderung im Bereich Literatur","1200",2000,1,2024
"Kultur und Wissenschaft","Kultur","Kompositionsförderung","1120",1000,1,2024
"Kultur und Wissenschaft","Kultur","Kompositionsförderung","1120",1500,1,2024
"Kultur und Wissenschaft","Kultur","Kompositionsförderung","1230",800,1,2024
"Kultur und Wissenschaft","Kultur","Kompositionsförderung","1170",1500,1,2024
"Kultur und Wissenschaft","Kultur","Kompositionsförderung","1150",1500,1,2024
"Kultur und Wissenschaft","Kultur","Kompositionsförderung","1030",2000,1,2024
"Kultur und Wissenschaft","Kultur","Einzel- und Gesamtförderung im Bereich Literatur","1070",70000,1,2024
"Kultur und Wissenschaft","Kultur","Kompositionsförderung","1050",1500,1,2024
"Kultur und Wissenschaft","Kultur","Kompositionsförderung","1150",1500,1,2024
"Kultur und Wissenschaft","Kultur","Kompositionsförderung","1190",2500,1,2024
"Kultur und Wissenschaft","Kultur","Kompositionsförderung","1170",1500,1,2024
"Kultur und Wissenschaft","Kultur","Kompositionsförderung","1060",1500,1,2024
"Kultur und Wissenschaft","Kultur","Einzel- und Gesamtförderung im Bereich Wissenschaft und Forschung","1010",4000,1,2024
"Kultur und Wissenschaft","Kultur","Kompositionsförderung","1110",1200,1,2024
"Kultur und Wissenschaft","Kultur","Einzel- und Gesamtförderung im Bereich Literatur","1210",2000,1,2024
"Kultur und Wissenschaft","Kultur","Kompositionsförderung","1160",800,1,2024
"Kultur und Wissenschaft","Kultur","Einzel- und Gesamtförderung im Bereich Literatur","1190",2000,1,2024
"Kultur und Wissenschaft","Kultur","Einzel- und Gesamtförderung im Bereich Literatur","1120",25000,1,2024
"Kultur und Wissenschaft","Kultur","Druckkostenzuschuss","1020",10000,1,2024
"Kultur und Wissenschaft","Kultur","Einzel- und Gesamtförderung im Bereich Wissenschaft und Forschung","1040",5000,1,2024
"Kultur und Wissenschaft","Kultur","Einzel- und Gesamtförderung im Bereich Wissenschaft und Forschung","1050",220000,1,2024
"Kultur und Wissenschaft","Kultur","Einzel- und Gesamtförderung im Bereich Film, Mode und Design","1070",120000,1,2024
"Kultur und Wissenschaft","Kultur","Druckkostenzuschuss","1020",9500,1,2024
"Kultur und Wissenschaft","Kultur","Druckkostenzuschuss","1010",500,1,2024
"Kultur und Wissenschaft","Kultur","Würdigungspreise der Stadt Wien","1190",4000,1,2024
"Kultur und Wissenschaft","Kultur","Druckkostenzuschuss","1050",8100,1,2024
"Kultur und Wissenschaft","Kultur","Einzel- und Gesamtförderung im Bereich Wissenschaft und Forschung","1010",630000,1,2024
"Kultur und Wissenschaft","Kultur","Druckkostenzuschuss","3950",14000,1,2024
"Kultur und Wissenschaft","Kultur","Druckkostenzuschuss","1190",6000,1,2024
"Kultur und Wissenschaft","Kultur","Einzel- und Gesamtförderung im Bereich Wissenschaft und Forschung","1170",25000,1,2024
"Kultur und Wissenschaft","Kultur","Einzel- und Gesamtförderung im Bereich Kulturinitiativen","1140",2500,1,2024
"Kultur und Wissenschaft","Kultur","Druckkostenzuschuss","1030",6200,1,2024
"Kultur und Wissenschaft","Kultur","Einzel- und Gesamtförderung im Bereich Kulturinitiativen","1040",130000,1,2024
"Kultur und Wissenschaft","Kultur","Einzel- und Gesamtförderung im Bereich Wissenschaft und Forschung","1010",4000,1,2024
"Kultur und Wissenschaft","Kultur","Druckkostenzuschuss","1090",10000,1,2024
"Kultur und Wissenschaft","Kultur","Einzel- und Gesamtförderung im Bereich Literatur","1070",30000,1,2024
"Kultur und Wissenschaft","Kultur","Einzel- und Gesamtförderung im Bereich Wissenschaft und Forschung","1070",12000,1,2024
"Kultur und Wissenschaft","Kultur","Einzel- und Gesamtförderung im Bereich Wissenschaft und Forschung","1050",105000,1,2024
"Kultur und Wissenschaft","Kultur","Einzel- und Gesamtförderung im Bereich Wissenschaft und Forschung","1090",5000,1,2024
"Kultur und Wissenschaft","Kultur","Einzel- und Gesamtförderung im Bereich Wissenschaft und Forschung","1030",150000,1,2024
"Kultur und Wissenschaft","Kultur","Druckkostenzuschuss","1030",5000,1,2024
"Kultur und Wissenschaft","Kultur","Einzel- und Gesamtförderung im Bereich Film, Mode und Design","1070",13500000,1,2024
"Kultur und Wissenschaft","Kultur","Einzel- und Gesamtförderung im Bereich Literatur","1010",12000,1,2024
"Kultur und Wissenschaft","Kultur","Einzel- und Gesamtförderung im Bereich Film, Mode und Design","1070",575000,1,2024
"Kultur und Wissenschaft","Kultur","Druckkostenzuschuss","1180",10500,1,2024
"Kultur und Wissenschaft","Kultur","Druckkostenzuschuss","1040",8000,1,2024
"Kultur und Wissenschaft","Kultur","Einzel- und Gesamtförderung im Bereich Wissenschaft und Forschung","1020",10000,1,2024
"Kultur und Wissenschaft","Kultur","Einzel- und Gesamtförderung im Bereich Kulturinitiativen","1060",1500,1,2024
"Kultur und Wissenschaft","Kultur","Druckkostenzuschuss","1080",4500,1,2024
"Kultur und Wissenschaft","Kultur","Kunstankauf","1020",10000,1,2024
"Kultur und Wissenschaft","Kultur","Druckkostenzuschuss","1080",18000,1,2024
"Kultur und Wissenschaft","Kultur","Kunstankauf","1070",5200,1,2024
"Kultur und Wissenschaft","Kultur","Einzel- und Gesamtförderung im Bereich Wissenschaft und Forschung","1090",4000,1,2024
"Kultur und Wissenschaft","Kultur","Druckkostenzuschuss","8020",20000,1,2024
"Kultur und Wissenschaft","Kultur","Druckkostenzuschuss","1120",12000,1,2024
"Kultur und Wissenschaft","Kultur","Druckkostenzuschuss","1090",3000,1,2024
"Kultur und Wissenschaft","Kultur","Druckkostenzuschuss","1010",2500,1,2024
"Kultur und Wissenschaft","Kultur","Einzel- und Gesamtförderung im Bereich Wissenschaft und Forschung","1160",150000,1,2024
"Kultur und Wissenschaft","Kultur","Druckkostenzuschuss","1050",6000,1,2024
"Kultur und Wissenschaft","Kultur","Druckkostenzuschuss","1200",19000,1,2024
"Kultur und Wissenschaft","Kultur","Druckkostenzuschuss","1050",4500,1,2024
"Kultur und Wissenschaft","Kultur","Druckkostenzuschuss","1200",4000,1,2024
"Kultur und Wissenschaft","Kultur","Druckkostenzuschuss","1200",5000,1,2024
"Kultur und Wissenschaft","Kultur","Druckkostenzuschuss","1010",1800,1,2024
"Kultur und Wissenschaft","Kultur","Druckkostenzuschuss","1170",2500,1,2024
"Kultur und Wissenschaft","Kultur","Druckkostenzuschuss","1020",9000,1,2024
"Kultur und Wissenschaft","Kultur","Einzel- und Gesamtförderung im Bereich Film, Mode und Design","1020",1e+05,1,2024
"Kultur und Wissenschaft","Kultur","Druckkostenzuschuss","1010",18300,1,2024
"Kultur und Wissenschaft","Kultur","Druckkostenzuschuss","1040",8000,1,2024
"Kultur und Wissenschaft","Kultur","Druckkostenzuschuss","1010",5000,1,2024
"Kultur und Wissenschaft","Kultur","Druckkostenzuschuss","1010",3500,1,2024
"Kultur und Wissenschaft","Kultur","Druckkostenzuschuss","1020",10000,1,2024
"Kultur und Wissenschaft","Kultur","Einzel- und Gesamtförderung im Bereich Film, Mode und Design","1010",40000,1,2024
"Kultur und Wissenschaft","Kultur","Druckkostenzuschuss","1020",8900,1,2024
"Kultur und Wissenschaft","Kultur","Einzel- und Gesamtförderung im Bereich Darstellende Kunst","1070",3200000,1,2024
"Kultur und Wissenschaft","Kultur","Einzel- und Gesamtförderung im Bereich Darstellende Kunst","1070",235000,1,2024
"Kultur und Wissenschaft","Kultur","Einzel- und Gesamtförderung im Bereich Darstellende Kunst","1070",3e+05,1,2024
"Kultur und Wissenschaft","Kultur","Druckkostenzuschuss","1150",1000,1,2024
"Kultur und Wissenschaft","Kultur","Einzel- und Gesamtförderung im Bereich Kulturinitiativen","1160",2000,1,2024
"Kultur und Wissenschaft","Kultur","Druckkostenzuschuss","1010",1000,1,2024
"Kultur und Wissenschaft","Kultur","Druckkostenzuschuss","1010",15000,1,2024
"Kultur und Wissenschaft","Kultur","Druckkostenzuschuss","1160",1600,1,2024
"Kultur und Wissenschaft","Kultur","Druckkostenzuschuss","1010",2000,1,2024
"Kultur und Wissenschaft","Kultur","Druckkostenzuschuss","1030",3000,1,2024
"Kultur und Wissenschaft","Kultur","Druckkostenzuschuss","1010",8000,1,2024
"Kultur und Wissenschaft","Kultur","Bau- und Investitonskostenzuschuss","1030",24000,1,2024
"Kultur und Wissenschaft","Kultur","Druckkostenzuschuss","1160",1400,1,2024
"Kultur und Wissenschaft","Kultur","Druckkostenzuschuss","1010",3200,1,2024
"Kultur und Wissenschaft","Kultur","Druckkostenzuschuss","1140",3300,1,2024
"Kultur und Wissenschaft","Kultur","Druckkostenzuschuss","1180",5000,1,2024
"Kultur und Wissenschaft","Kultur","Druckkostenzuschuss","1090",14000,1,2024
"Kultur und Wissenschaft","Kultur","Druckkostenzuschuss","1100",1500,1,2024
"Kultur und Wissenschaft","Kultur","Druckkostenzuschuss","1040",22000,1,2024
"Kultur und Wissenschaft","Kultur","Einzel- und Gesamtförderung im Bereich Wissenschaft und Forschung","1050",3000,1,2024
"Kultur und Wissenschaft","Kultur","Einzel- und Gesamtförderung im Bereich Wissenschaft und Forschung","9074",5000,1,2024
"Kultur und Wissenschaft","Kultur","Einzel- und Gesamtförderung im Bereich Wissenschaft und Forschung","1020",10000,1,2024
"Kultur und Wissenschaft","Kultur","Einzel- und Gesamtförderung im Bereich Film, Mode und Design","1160",5000,1,2024
"Kultur und Wissenschaft","Kultur","Einzel- und Gesamtförderung im Bereich Kulturinitiativen","1060",3000,1,2024
"Kultur und Wissenschaft","Kultur","Einzel- und Gesamtförderung im Bereich Kulturinitiativen","1140",3000,1,2024
"Kultur und Wissenschaft","Kultur","Einzel- und Gesamtförderung im Bereich Wissenschaft und Forschung","1090",3000,1,2024
"Kultur und Wissenschaft","Kultur","Einzel- und Gesamtförderung im Bereich Film, Mode und Design","1020",250000,1,2024
"Kultur und Wissenschaft","Kultur","Einzel- und Gesamtförderung im Bereich Wissenschaft und Forschung","1050",4000,1,2024
"Kultur und Wissenschaft","Kultur","Einzel- und Gesamtförderung im Bereich Darstellende Kunst","1020",35000,1,2024
"Kultur und Wissenschaft","Kultur","Einzel- und Gesamtförderung im Bereich Bildende Kunst und Medienkunst","1010",10000,1,2024
"Kultur und Wissenschaft","Kultur","Wissenschaftsstipendium","1200",4000,1,2024
"Kultur und Wissenschaft","Kultur","Einzel- und Gesamtförderung im Bereich Musik","1030",1082226,1,2024
"Kultur und Wissenschaft","Kultur","Wiener Altstadterhaltungsfonds","1030",6960,1,2024
"Kultur und Wissenschaft","Kultur","Einzel- und Gesamtförderung im Bereich Kulturinitiativen","1030",3000,1,2024
"Kultur und Wissenschaft","Kultur","Einzel- und Gesamtförderung im Bereich Wissenschaft und Forschung","1020",5000,1,2024
"Kultur und Wissenschaft","Kultur","Einzel- und Gesamtförderung im Bereich Film, Mode und Design","1070",445000,1,2024
"Kultur und Wissenschaft","Kultur","Einzel- und Gesamtförderung im Bereich Wissenschaft und Forschung","1010",3000,1,2024
"Kultur und Wissenschaft","Kultur","Wiener Altstadterhaltungsfonds","1180",111312.16,1,2024
"Kultur und Wissenschaft","Kultur","Einzel- und Gesamtförderung im Bereich Wissenschaft und Forschung","1100",4000,1,2024
"Kultur und Wissenschaft","Kultur","Einzel- und Gesamtförderung im Bereich Darstellende Kunst","1070",2e+06,1,2024
"Kultur und Wissenschaft","Kultur","Einzel- und Gesamtförderung im Bereich Darstellende Kunst","1070",1850000,1,2024
"Kultur und Wissenschaft","Kultur","Einzel- und Gesamtförderung im Bereich Darstellende Kunst","1070",150000,1,2024
"Kultur und Wissenschaft","Kultur","Einzel- und Gesamtförderung im Bereich Darstellende Kunst","1070",40000,1,2024
"Kultur und Wissenschaft","Kultur","Einzel- und Gesamtförderung im Bereich Literatur","1010",15000,1,2024
"Kultur und Wissenschaft","Kultur","Wissenschaftsstipendium","1050",4000,1,2024
"Kultur und Wissenschaft","Kultur","Einzel- und Gesamtförderung im Bereich Bildende Kunst und Medienkunst","1030",10000,1,2024
"Kultur und Wissenschaft","Kultur","Wiener Altstadterhaltungsfonds","1010",46840.38,1,2024
"Kultur und Wissenschaft","Kultur","Kunstankauf","1030",10000,1,2024
"Kultur und Wissenschaft","Kultur","Kunstankauf","1150",4600,1,2024
"Kultur und Wissenschaft","Kultur","Einzel- und Gesamtförderung im Bereich Wissenschaft und Forschung","1010",4000,1,2024
"Kultur und Wissenschaft","Kultur","Einzel- und Gesamtförderung im Bereich Wissenschaft und Forschung","1020",20000,1,2024
"Kultur und Wissenschaft","Kultur","Kunstankauf","1220",4800,1,2024
"Kultur und Wissenschaft","Kultur","Einzel- und Gesamtförderung im Bereich Wissenschaft und Forschung","1210",4000,1,2024
"Kultur und Wissenschaft","Kultur","Einzel- und Gesamtförderung im Bereich Wissenschaft und Forschung","1150",2000,1,2024
"Kultur und Wissenschaft","Kultur","Einzel- und Gesamtförderung im Bereich Film, Mode und Design","1100",13000,1,2024
"Kultur und Wissenschaft","Kultur","Einzel- und Gesamtförderung im Bereich Film, Mode und Design","1120",5000,1,2024
"Kultur und Wissenschaft","Kultur","Einzel- und Gesamtförderung im Bereich Wissenschaft und Forschung","1090",10000,1,2024
"Kultur und Wissenschaft","Kultur","Einzel- und Gesamtförderung im Bereich Film, Mode und Design","1050",4000,1,2024
"Kultur und Wissenschaft","Kultur","Einzel- und Gesamtförderung im Bereich Kulturinitiativen","1100",1500,1,2024
"Kultur und Wissenschaft","Kultur","Einzel- und Gesamtförderung im Bereich Darstellende Kunst","1030",45000,1,2024
"Kultur und Wissenschaft","Kultur","Kunstankauf","1100",7800,1,2024
"Kultur und Wissenschaft","Kultur","Kunstankauf","1150",9153,1,2024
"Kultur und Wissenschaft","Kultur","Einzel- und Gesamtförderung im Bereich Film, Mode und Design","1120",2000,1,2024
"Kultur und Wissenschaft","Kultur","Kunstankauf","1030",8500,1,2024
"Kultur und Wissenschaft","Kultur","Kunstankauf","1020",3240,1,2024
"Kultur und Wissenschaft","Kultur","Einzel- und Gesamtförderung im Bereich Film, Mode und Design","1020",9000,1,2024
"Kultur und Wissenschaft","Kultur","Einzel- und Gesamtförderung im Bereich Film, Mode und Design","1230",5000,1,2024
"Kultur und Wissenschaft","Kultur","Einzel- und Gesamtförderung im Bereich Film, Mode und Design","1070",20000,1,2024
"Kultur und Wissenschaft","Kultur","Einzel- und Gesamtförderung im Bereich Film, Mode und Design","1050",15000,1,2024
"Kultur und Wissenschaft","Kultur","Einzel- und Gesamtförderung im Bereich Film, Mode und Design","1080",8000,1,2024
"Kultur und Wissenschaft","Kultur","Kunstankauf","1060",15820,1,2024
"Kultur und Wissenschaft","Kultur","Einzel- und Gesamtförderung im Bereich Film, Mode und Design","1180",2000,1,2024
"Kultur und Wissenschaft","Kultur","Einzel- und Gesamtförderung im Bereich Literatur","1230",1500,1,2024
"Kultur und Wissenschaft","Kultur","Einzel- und Gesamtförderung im Bereich Kulturinitiativen","1100",2500,1,2024
"Kultur und Wissenschaft","Kultur","Einzel- und Gesamtförderung im Bereich Bildende Kunst und Medienkunst","1010",40000,1,2024
"Kultur und Wissenschaft","Kultur","Bau- und Investitonskostenzuschuss","1150",32000,1,2024
"Kultur und Wissenschaft","Kultur","Einzel- und Gesamtförderung im Bereich Kulturinitiativen","1170",3000,1,2024
"Kultur und Wissenschaft","Kultur","Kunstankauf","1040",3900,1,2024
"Kultur und Wissenschaft","Kultur","Kunstankauf","1150",6665,1,2024
"Kultur und Wissenschaft","Kultur","Kunstankauf","1080",9450,1,2024
"Kultur und Wissenschaft","Kultur","Einzel- und Gesamtförderung im Bereich Kulturinitiativen","1220",3000,1,2024
"Kultur und Wissenschaft","Kultur","Einzel- und Gesamtförderung im Bereich Film, Mode und Design","1060",1000,1,2024
"Kultur und Wissenschaft","Kultur","Einzel- und Gesamtförderung im Bereich Film, Mode und Design","1150",5000,1,2024
"Kultur und Wissenschaft","Kultur","Einzel- und Gesamtförderung im Bereich Film, Mode und Design","1030",7000,1,2024
"Kultur und Wissenschaft","Kultur","Einzel- und Gesamtförderung im Bereich Film, Mode und Design","1020",3000,1,2024
"Kultur und Wissenschaft","Kultur","Einzel- und Gesamtförderung im Bereich Film, Mode und Design","1020",20000,1,2024
"Kultur und Wissenschaft","Kultur","Kunstankauf","1150",6600,1,2024
"Kultur und Wissenschaft","Kultur","Kunstankauf","1090",6300,1,2024
"Kultur und Wissenschaft","Kultur","Einzel- und Gesamtförderung im Bereich Film, Mode und Design","1150",1000,1,2024
"Kultur und Wissenschaft","Kultur","Einzel- und Gesamtförderung im Bereich Film, Mode und Design","1030",3000,1,2024
"Kultur und Wissenschaft","Kultur","Kunstankauf","1160",18000,1,2024
"Kultur und Wissenschaft","Kultur","Sonstige Förderungen","1070",416000,1,2024
"Kultur und Wissenschaft","Kultur","Kunstankauf","1020",6800,1,2024
"Kultur und Wissenschaft","Kultur","Einzel- und Gesamtförderung im Bereich Film, Mode und Design","1040",3000,1,2024
"Kultur und Wissenschaft","Kultur","Einzel- und Gesamtförderung im Bereich Darstellende Kunst","1030",30000,1,2024
"Kultur und Wissenschaft","Kultur","Einzel- und Gesamtförderung im Bereich Musik","1030",270774,1,2024
"Kultur und Wissenschaft","Kultur","Kunstankauf","1070",6500,1,2024
"Kultur und Wissenschaft","Kultur","Kunstankauf","1180",7000,1,2024
"Kultur und Wissenschaft","Kultur","Einzel- und Gesamtförderung im Bereich Film, Mode und Design","1160",8000,1,2024
"Kultur und Wissenschaft","Kultur","Einzel- und Gesamtförderung im Bereich Film, Mode und Design","1070",25000,1,2024
"Kultur und Wissenschaft","Kultur","Kunstankauf","1160",10000,1,2024
"Kultur und Wissenschaft","Kultur","Einzel- und Gesamtförderung im Bereich Wissenschaft und Forschung","1150",2000,1,2024
"Kultur und Wissenschaft","Kultur","Kunstankauf","1040",5400,1,2024
"Kultur und Wissenschaft","Kultur","Kunstankauf","1170",6900,1,2024
"Kultur und Wissenschaft","Kultur","Einzel- und Gesamtförderung im Bereich Wissenschaft und Forschung","1070",15000,1,2024
"Kultur und Wissenschaft","Kultur","Einzel- und Gesamtförderung im Bereich Film, Mode und Design","1160",3000,1,2024
"Kultur und Wissenschaft","Kultur","Kunstankauf","1030",4085,1,2024
"Kultur und Wissenschaft","Kultur","Kunstankauf","1030",10060,1,2024
"Kultur und Wissenschaft","Kultur","Kunstankauf","1090",4800,1,2024
"Kultur und Wissenschaft","Kultur","Kunstankauf","1180",4200,1,2024
"Kultur und Wissenschaft","Kultur","Einzel- und Gesamtförderung im Bereich Film, Mode und Design","1080",5000,1,2024
"Kultur und Wissenschaft","Kultur","Einzel- und Gesamtförderung im Bereich Film, Mode und Design","1120",8000,1,2024
"Kultur und Wissenschaft","Kultur","Kunstankauf","1090",3500,1,2024
"Kultur und Wissenschaft","Kultur","Einzel- und Gesamtförderung im Bereich Film, Mode und Design","1180",3000,1,2024
"Kultur und Wissenschaft","Kultur","Einzel- und Gesamtförderung im Bereich Film, Mode und Design","1030",4000,1,2024
"Kultur und Wissenschaft","Kultur","Kunstankauf","1020",4600,1,2024
"Kultur und Wissenschaft","Kultur","Einzel- und Gesamtförderung im Bereich Film, Mode und Design","1060",3000,1,2024
"Kultur und Wissenschaft","Kultur","Einzel- und Gesamtförderung im Bereich Film, Mode und Design","1020",2000,1,2024
"Kultur und Wissenschaft","Kultur","Einzel- und Gesamtförderung im Bereich Film, Mode und Design","1040",10000,1,2024
"Kultur und Wissenschaft","Kultur","Kunstankauf","1150",5600,1,2024
"Kultur und Wissenschaft","Kultur","Einzel- und Gesamtförderung im Bereich Darstellende Kunst","1230",1e+05,1,2024
"Kultur und Wissenschaft","Kultur","Einzel- und Gesamtförderung im Bereich Film, Mode und Design","1190",5000,1,2024
"Kultur und Wissenschaft","Kultur","Einzel- und Gesamtförderung im Bereich Film, Mode und Design","1020",4000,1,2024
"Kultur und Wissenschaft","Kultur","Kunstankauf","1060",7000,1,2024
"Kultur und Wissenschaft","Kultur","Kunstankauf","1030",7800,1,2024
"Kultur und Wissenschaft","Kultur","Kunstankauf","1060",10500,1,2024
"Kultur und Wissenschaft","Kultur","Kunstankauf","1020",16950,1,2024
"Kultur und Wissenschaft","Kultur","Kunstankauf","1020",4800,1,2024
"Kultur und Wissenschaft","Kultur","Einzel- und Gesamtförderung im Bereich Film, Mode und Design","1050",5000,1,2024
"Kultur und Wissenschaft","Kultur","Einzel- und Gesamtförderung im Bereich Film, Mode und Design","1070",3000,1,2024
"Kultur und Wissenschaft","Kultur","Einzel- und Gesamtförderung im Bereich Film, Mode und Design","1050",9000,1,2024
"Kultur und Wissenschaft","Kultur","Kunstankauf","1030",6500,1,2024
"Kultur und Wissenschaft","Kultur","Einzel- und Gesamtförderung im Bereich Film, Mode und Design","1150",25000,1,2024
"Kultur und Wissenschaft","Kultur","Einzel- und Gesamtförderung im Bereich Film, Mode und Design","1070",5000,1,2024
"Kultur und Wissenschaft","Kultur","Einzel- und Gesamtförderung im Bereich Kulturinitiativen","1220",2500,1,2024
"Kultur und Wissenschaft","Kultur","Kunstankauf","1020",7400,1,2024
"Kultur und Wissenschaft","Kultur","Einzel- und Gesamtförderung im Bereich Film, Mode und Design","1020",5000,1,2024
"Kultur und Wissenschaft","Kultur","Einzel- und Gesamtförderung im Bereich Film, Mode und Design","1150",2000,1,2024
"Kultur und Wissenschaft","Kultur","Einzel- und Gesamtförderung im Bereich Film, Mode und Design","1150",5000,1,2024
"Kultur und Wissenschaft","Kultur","Einzel- und Gesamtförderung im Bereich Film, Mode und Design","1020",2000,1,2024
"Kultur und Wissenschaft","Kultur","Kunstankauf","1030",11300,1,2024
"Kultur und Wissenschaft","Kultur","Kunstankauf","1020",6000,1,2024
"Kultur und Wissenschaft","Kultur","Einzel- und Gesamtförderung im Bereich Film, Mode und Design","1040",3000,1,2024
"Kultur und Wissenschaft","Kultur","Kunstankauf","1060",5000,1,2024
"Kultur und Wissenschaft","Kultur","Einzel- und Gesamtförderung im Bereich Musik","1040",5000,1,2024
"Kultur und Wissenschaft","Kultur","Einzel- und Gesamtförderung im Bereich Film, Mode und Design","1120",5000,1,2024
"Kultur und Wissenschaft","Kultur","Kunstankauf","1050",7800,1,2024
"Kultur und Wissenschaft","Kultur","Einzel- und Gesamtförderung im Bereich Film, Mode und Design","1130",5000,1,2024
"Kultur und Wissenschaft","Kultur","Kunstankauf","1040",2400,1,2024
"Kultur und Wissenschaft","Kultur","Kunstankauf","1060",7900,1,2024
"Kultur und Wissenschaft","Kultur","Einzel- und Gesamtförderung im Bereich Film, Mode und Design","1140",2000,1,2024
"Kultur und Wissenschaft","Kultur","Kunstankauf","1020",5200,1,2024
"Kultur und Wissenschaft","Kultur","Einzel- und Gesamtförderung im Bereich Film, Mode und Design","1060",5000,1,2024
"Kultur und Wissenschaft","Kultur","Kunstankauf","1100",4000,1,2024
"Kultur und Wissenschaft","Kultur","Kunstankauf","1020",8000,1,2024
"Kultur und Wissenschaft","Kultur","Kunstankauf","1150",4500,1,2024
"Kultur und Wissenschaft","Kultur","Kunstankauf","1030",5500,1,2024
"Kultur und Wissenschaft","Kultur","Einzel- und Gesamtförderung im Bereich Film, Mode und Design","1160",5000,1,2024
"Kultur und Wissenschaft","Kultur","Kunstankauf","1140",5400,1,2024
"Kultur und Wissenschaft","Kultur","Einzel- und Gesamtförderung im Bereich Film, Mode und Design","1200",2000,1,2024
"Kultur und Wissenschaft","Kultur","Kunstankauf","1150",5500,1,2024
"Kultur und Wissenschaft","Kultur","Einzel- und Gesamtförderung im Bereich Film, Mode und Design","1060",20000,1,2024
"Kultur und Wissenschaft","Kultur","Einzel- und Gesamtförderung im Bereich Film, Mode und Design","1190",2000,1,2024
"Kultur und Wissenschaft","Kultur","Einzel- und Gesamtförderung im Bereich Film, Mode und Design","1100",8000,1,2024
"Kultur und Wissenschaft","Kultur","Einzel- und Gesamtförderung im Bereich Film, Mode und Design","1200",2000,1,2024
"Kultur und Wissenschaft","Kultur","Einzel- und Gesamtförderung im Bereich Film, Mode und Design","1030",8000,1,2024
"Kultur und Wissenschaft","Kultur","Einzel- und Gesamtförderung im Bereich Film, Mode und Design","1170",2000,1,2024
"Kultur und Wissenschaft","Kultur","Einzel- und Gesamtförderung im Bereich Wissenschaft und Forschung","1040",80000,1,2024
"Kultur und Wissenschaft","Kultur","Einzel- und Gesamtförderung im Bereich Kulturinitiativen","1120",2000,1,2024
"Kultur und Wissenschaft","Kultur","Einzel- und Gesamtförderung im Bereich Wissenschaft und Forschung","1090",4000,1,2024
"Kultur und Wissenschaft","Kultur","Einzel- und Gesamtförderung im Bereich Kulturinitiativen","1030",3000,1,2024
"Kultur und Wissenschaft","Kultur","Einzel- und Gesamtförderung im Bereich Darstellende Kunst","1060",10700000,1,2024
"Kultur und Wissenschaft","Kultur","Einzel- und Gesamtförderung im Bereich Darstellende Kunst","1060",2900000,1,2024
"Kultur und Wissenschaft","Kultur","Einzel- und Gesamtförderung im Bereich Darstellende Kunst","1150",1e+05,1,2024
"Kultur und Wissenschaft","Kultur","Einzel- und Gesamtförderung im Bereich Darstellende Kunst","1040",1e+05,1,2024
"Kultur und Wissenschaft","Kultur","Einzel- und Gesamtförderung im Bereich Darstellende Kunst","1040",90000,1,2024
"Kultur und Wissenschaft","Kultur","Einzel- und Gesamtförderung im Bereich Darstellende Kunst","1090",150000,1,2024
"Kultur und Wissenschaft","Kultur","Einzel- und Gesamtförderung im Bereich Darstellende Kunst","1070",110000,1,2024
"Kultur und Wissenschaft","Kultur","Kunstankauf","1080",5198,1,2024
"Kultur und Wissenschaft","Kultur","Einzel- und Gesamtförderung im Bereich Darstellende Kunst","1090",80000,1,2024
"Kultur und Wissenschaft","Kultur","Einzel- und Gesamtförderung im Bereich Darstellende Kunst","1120",120000,1,2024
"Kultur und Wissenschaft","Kultur","Einzel- und Gesamtförderung im Bereich Darstellende Kunst","1090",120000,1,2024
"Kultur und Wissenschaft","Kultur","Einzel- und Gesamtförderung im Bereich Darstellende Kunst","1030",120000,1,2024
"Kultur und Wissenschaft","Kultur","Einzel- und Gesamtförderung im Bereich Darstellende Kunst","1100",90000,1,2024
"Kultur und Wissenschaft","Kultur","Einzel- und Gesamtförderung im Bereich Darstellende Kunst","1070",90000,1,2024
"Kultur und Wissenschaft","Kultur","Einzel- und Gesamtförderung im Bereich Darstellende Kunst","1150",70000,1,2024
"Kultur und Wissenschaft","Kultur","Einzel- und Gesamtförderung im Bereich Darstellende Kunst","1170",70000,1,2024
"Kultur und Wissenschaft","Kultur","Einzel- und Gesamtförderung im Bereich Darstellende Kunst","1150",50000,1,2024
"Kultur und Wissenschaft","Kultur","Einzel- und Gesamtförderung im Bereich Darstellende Kunst","1020",130000,1,2024
"Kultur und Wissenschaft","Kultur","Einzel- und Gesamtförderung im Bereich Darstellende Kunst","1060",1e+05,1,2024
"Kultur und Wissenschaft","Kultur","Einzel- und Gesamtförderung im Bereich Darstellende Kunst","1020",1e+06,1,2024
"Kultur und Wissenschaft","Kultur","Einzel- und Gesamtförderung im Bereich Darstellende Kunst","1190",90000,1,2024
"Kultur und Wissenschaft","Kultur","Einzel- und Gesamtförderung im Bereich Darstellende Kunst","1050",1e+05,1,2024
"Kultur und Wissenschaft","Kultur","Einzel- und Gesamtförderung im Bereich Darstellende Kunst","1150",1e+05,1,2024
"Kultur und Wissenschaft","Kultur","Einzel- und Gesamtförderung im Bereich Kulturinitiativen","1150",2800,1,2024
"Kultur und Wissenschaft","Kultur","Einzel- und Gesamtförderung im Bereich Kulturinitiativen","1010",3000,1,2024
"Kultur und Wissenschaft","Kultur","Wiener Altstadterhaltungsfonds","1090",16096.55,1,2024
"Kultur und Wissenschaft","Kultur","Wiener Altstadterhaltungsfonds","1010",129121.94,1,2024
"Kultur und Wissenschaft","Kultur","Einzel- und Gesamtförderung im Bereich Musik","1010",6e+06,1,2024
"Kultur und Wissenschaft","Kultur","Einzel- und Gesamtförderung im Bereich Darstellende Kunst","1140",35000,1,2024
"Kultur und Wissenschaft","Kultur","Einzel- und Gesamtförderung im Bereich Darstellende Kunst","1050",45000,1,2024
"Kultur und Wissenschaft","Kultur","Einzel- und Gesamtförderung im Bereich Darstellende Kunst","1220",12000,1,2024
"Kultur und Wissenschaft","Kultur","Einzel- und Gesamtförderung im Bereich Darstellende Kunst","1200",45000,1,2024
"Kultur und Wissenschaft","Kultur","Einzel- und Gesamtförderung im Bereich Darstellende Kunst","1220",4000,1,2024
"Kultur und Wissenschaft","Kultur","Einzel- und Gesamtförderung im Bereich Darstellende Kunst","1150",40000,1,2024
"Kultur und Wissenschaft","Kultur","Einzel- und Gesamtförderung im Bereich Wissenschaft und Forschung","1020",3000,1,2024
"Kultur und Wissenschaft","Kultur","Einzel- und Gesamtförderung im Bereich Darstellende Kunst","1020",8000,1,2024
"Kultur und Wissenschaft","Kultur","Einzel- und Gesamtförderung im Bereich Filmfestival und Sommerkinos","1030",103000,1,2024
"Kultur und Wissenschaft","Kultur","Einzel- und Gesamtförderung im Bereich Darstellende Kunst","1200",30000,1,2024
"Kultur und Wissenschaft","Kultur","Einzel- und Gesamtförderung im Bereich Darstellende Kunst","1200",39000,1,2024
"Kultur und Wissenschaft","Kultur","Einzel- und Gesamtförderung im Bereich Darstellende Kunst","1150",35000,1,2024
"Kultur und Wissenschaft","Kultur","Einzel- und Gesamtförderung im Bereich Darstellende Kunst","1150",30000,1,2024
"Kultur und Wissenschaft","Kultur","Einzel- und Gesamtförderung im Bereich Darstellende Kunst","1040",30000,1,2024
"Kultur und Wissenschaft","Kultur","Einzel- und Gesamtförderung im Bereich Darstellende Kunst","1190",40000,1,2024
"Kultur und Wissenschaft","Kultur","Einzel- und Gesamtförderung im Bereich Bildende Kunst und Medienkunst","1030",1e+06,1,2024
"Kultur und Wissenschaft","Kultur","Einzel- und Gesamtförderung im Bereich Darstellende Kunst","1030",110000,1,2024
"Kultur und Wissenschaft","Kultur","Einzel- und Gesamtförderung im Bereich Darstellende Kunst","1150",35000,1,2024
"Kultur und Wissenschaft","Kultur","Einzel- und Gesamtförderung im Bereich Darstellende Kunst","1030",14000,1,2024
"Kultur und Wissenschaft","Kultur","Einzel- und Gesamtförderung im Bereich Darstellende Kunst","1100",5000,1,2024
"Kultur und Wissenschaft","Kultur","Einzel- und Gesamtförderung im Bereich Darstellende Kunst","1020",9000,1,2024
"Kultur und Wissenschaft","Kultur","Einzel- und Gesamtförderung im Bereich Darstellende Kunst","1160",40000,1,2024
"Kultur und Wissenschaft","Kultur","Bau- und Investitonskostenzuschuss","1070",40000,1,2024
"Kultur und Wissenschaft","Kultur","Einzel- und Gesamtförderung im Bereich Darstellende Kunst","1200",30000,1,2024
"Kultur und Wissenschaft","Kultur","Einzel- und Gesamtförderung im Bereich Darstellende Kunst","1160",27000,1,2024
"Kultur und Wissenschaft","Kultur","Einzel- und Gesamtförderung im Bereich Darstellende Kunst","1090",50000,1,2024
"Kultur und Wissenschaft","Kultur","Einzel- und Gesamtförderung im Bereich Darstellende Kunst","1160",28000,1,2024
"Kultur und Wissenschaft","Kultur","Einzel- und Gesamtförderung im Bereich Darstellende Kunst","1040",15000,1,2024
"Kultur und Wissenschaft","Kultur","Einzel- und Gesamtförderung im Bereich Darstellende Kunst","1210",35000,1,2024
"Kultur und Wissenschaft","Kultur","Einzel- und Gesamtförderung im Bereich Darstellende Kunst","1070",30000,1,2024
"Kultur und Wissenschaft","Kultur","Einzel- und Gesamtförderung im Bereich Darstellende Kunst","1060",16000,1,2024
"Kultur und Wissenschaft","Kultur","Einzel- und Gesamtförderung im Bereich Wissenschaft und Forschung","1160",3000,1,2024
"Kultur und Wissenschaft","Kultur","Wiener Altstadterhaltungsfonds","1010",70568.99,1,2024
"Kultur und Wissenschaft","Kultur","Einzel- und Gesamtförderung im Bereich Darstellende Kunst","1050",50000,1,2024
"Kultur und Wissenschaft","Kultur","Einzel- und Gesamtförderung im Bereich Darstellende Kunst","1080",20000,1,2024
"Kultur und Wissenschaft","Kultur","Einzel- und Gesamtförderung im Bereich Darstellende Kunst","1160",55000,1,2024
"Kultur und Wissenschaft","Kultur","Einzel- und Gesamtförderung im Bereich Darstellende Kunst","1070",173000,1,2024
"Kultur und Wissenschaft","Kultur","Einzel- und Gesamtförderung im Bereich Darstellende Kunst","1020",34000,1,2024
"Kultur und Wissenschaft","Kultur","Einzel- und Gesamtförderung im Bereich Darstellende Kunst","1020",11000,1,2024
"Kultur und Wissenschaft","Kultur","Einzel- und Gesamtförderung im Bereich Darstellende Kunst","1080",9000,1,2024
"Kultur und Wissenschaft","Kultur","Einzel- und Gesamtförderung im Bereich Darstellende Kunst","1050",45000,1,2024
"Kultur und Wissenschaft","Kultur","Einzel- und Gesamtförderung im Bereich Darstellende Kunst","1080",40000,1,2024
"Kultur und Wissenschaft","Kultur","Einzel- und Gesamtförderung im Bereich Darstellende Kunst","1160",26000,1,2024
"Kultur und Wissenschaft","Kultur","Wiener Altstadterhaltungsfonds","1010",24925.9,1,2024
"Kultur und Wissenschaft","Kultur","Einzel- und Gesamtförderung im Bereich Darstellende Kunst","1190",40000,1,2024
"Kultur und Wissenschaft","Kultur","Einzel- und Gesamtförderung im Bereich Darstellende Kunst","1020",45000,1,2024
"Kultur und Wissenschaft","Kultur","Buchprämie - Aktion ""Wiener AutorInnen in Wiener Verlagen""","1090",2500,1,2024
"Kultur und Wissenschaft","Kultur","Einzel- und Gesamtförderung im Bereich Darstellende Kunst","1220",13000,1,2024
"Kultur und Wissenschaft","Kultur","Bau- und Investitonskostenzuschuss","1090",29000,1,2024
"Kultur und Wissenschaft","Kultur","Einzel- und Gesamtförderung im Bereich Darstellende Kunst","1020",30000,1,2024
"Kultur und Wissenschaft","Kultur","Einzel- und Gesamtförderung im Bereich Darstellende Kunst","1040",8000,1,2024
"Kultur und Wissenschaft","Kultur","Einzel- und Gesamtförderung im Bereich Darstellende Kunst","1180",35000,1,2024
"Kultur und Wissenschaft","Kultur","Einzel- und Gesamtförderung im Bereich Kulturinitiativen","1070",2000,1,2024
"Kultur und Wissenschaft","Kultur","Einzel- und Gesamtförderung im Bereich Kulturinitiativen","1020",3000,1,2024
"Kultur und Wissenschaft","Kultur","Einzel- und Gesamtförderung im Bereich Wissenschaft und Forschung","1020",140000,1,2024
"Kultur und Wissenschaft","Kultur","Einzel- und Gesamtförderung im Bereich Kulturinitiativen","1160",3000,1,2024
"Kultur und Wissenschaft","Kultur","Einzel- und Gesamtförderung im Bereich Kulturinitiativen","1120",4000,1,2024
"Kultur und Wissenschaft","Kultur","Einzel- und Gesamtförderung im Bereich Kulturinitiativen","1050",3000,1,2024
"Kultur und Wissenschaft","Kultur","Einzel- und Gesamtförderung im Bereich Kulturinitiativen","1220",2000,1,2024
"Kultur und Wissenschaft","Kultur","Einzel- und Gesamtförderung im Bereich Filmfestival und Sommerkinos","1030",30000,1,2024
"Kultur und Wissenschaft","Kultur","Wissenschaftsstipendium","1090",5000,1,2024
"Kultur und Wissenschaft","Kultur","Einzel- und Gesamtförderung im Bereich Filmfestival und Sommerkinos","1040",10000,1,2024
"Kultur und Wissenschaft","Kultur","Einzel- und Gesamtförderung im Bereich Filmfestival und Sommerkinos","1040",90000,1,2024
"Kultur und Wissenschaft","Kultur","Einzel- und Gesamtförderung im Bereich Filmfestival und Sommerkinos","1080",40000,1,2024
"Kultur und Wissenschaft","Kultur","Einzel- und Gesamtförderung im Bereich Darstellende Kunst","1100",40000,1,2024
"Kultur und Wissenschaft","Kultur","Einzel- und Gesamtförderung im Bereich Filmfestival und Sommerkinos","1140",190000,1,2024
"Kultur und Wissenschaft","Kultur","Einzel- und Gesamtförderung im Bereich Musik","1220",10000,1,2024
"Kultur und Wissenschaft","Kultur","Einzel- und Gesamtförderung im Bereich Musik","1140",5000,1,2024
"Kultur und Wissenschaft","Kultur","Wissenschaftsstipendium","1160",5000,1,2024
"Kultur und Wissenschaft","Kultur","Einzel- und Gesamtförderung im Bereich Kulturinitiativen","1160",3000,1,2024
"Kultur und Wissenschaft","Kultur","Einzel- und Gesamtförderung im Bereich Kulturinitiativen","1040",2600,1,2024
"Kultur und Wissenschaft","Kultur","Bau- und Investitonskostenzuschuss","1070",44000,1,2024
"Kultur und Wissenschaft","Kultur","Einzel- und Gesamtförderung im Bereich Wissenschaft und Forschung","1020",4000,1,2024
"Kultur und Wissenschaft","Kultur","Kunstankauf","1170",6750,1,2024
"Kultur und Wissenschaft","Kultur","Einzel- und Gesamtförderung im Bereich Literatur","1080",2000,1,2024
"Kultur und Wissenschaft","Kultur","Einzel- und Gesamtförderung im Bereich Kulturinitiativen","1170",2000,1,2024
"Kultur und Wissenschaft","Kultur","Einzel- und Gesamtförderung im Bereich Darstellende Kunst","1040",30000,1,2024
"Kultur und Wissenschaft","Kultur","Wiener Altstadterhaltungsfonds","1020",103685.46,1,2024
"Kultur und Wissenschaft","Kultur","Einzel- und Gesamtförderung im Bereich Kulturinitiativen","1220",2000,1,2024
"Kultur und Wissenschaft","Kultur","Einzel- und Gesamtförderung im Bereich Kulturinitiativen","1100",15000,1,2024
"Kultur und Wissenschaft","Kultur","Einzel- und Gesamtförderung im Bereich Musik","1230",3000,1,2024
"Kultur und Wissenschaft","Kultur","Einzel- und Gesamtförderung im Bereich Wissenschaft und Forschung","3400",3000,1,2024
"Kultur und Wissenschaft","Kultur","Kompositionsförderung","1200",2000,1,2024
"Kultur und Wissenschaft","Kultur","Einzel- und Gesamtförderung im Bereich Kulturinitiativen","1150",2500,1,2024
"Kultur und Wissenschaft","Kultur","Einzel- und Gesamtförderung im Bereich Kulturinitiativen","1220",3000,1,2024
"Kultur und Wissenschaft","Kultur","Einzel- und Gesamtförderung im Bereich Kulturinitiativen","1020",2500,1,2024
"Kultur und Wissenschaft","Kultur","Einzel- und Gesamtförderung im Bereich Kulturinitiativen","1090",5000,1,2024
"Kultur und Wissenschaft","Kultur","Einzel- und Gesamtförderung im Bereich Musik","1110",4000,1,2024
"Kultur und Wissenschaft","Kultur","Einzel- und Gesamtförderung im Bereich Kulturinitiativen","1020",40000,1,2024
"Kultur und Wissenschaft","Kultur","Einzel- und Gesamtförderung im Bereich Kulturinitiativen","1040",31000,1,2024
"Kultur und Wissenschaft","Kultur","Einzel- und Gesamtförderung im Bereich Kulturinitiativen","1040",3000,1,2024
"Kultur und Wissenschaft","Kultur","Einzel- und Gesamtförderung im Bereich Wissenschaft und Forschung","1010",70000,1,2024
"Kultur und Wissenschaft","Kultur","Einzel- und Gesamtförderung im Bereich Darstellende Kunst","1090",25000,1,2024
"Kultur und Wissenschaft","Kultur","Einzel- und Gesamtförderung im Bereich Wissenschaft und Forschung","1080",4000,1,2024
"Kultur und Wissenschaft","Kultur","Einzel- und Gesamtförderung im Bereich Kulturinitiativen","1150",11000,1,2024
"Kultur und Wissenschaft","Kultur","Einzel- und Gesamtförderung im Bereich Darstellende Kunst","1060",125000,1,2024
"Kultur und Wissenschaft","Kultur","Einzel- und Gesamtförderung im Bereich Kulturinitiativen","1070",4000,1,2024
"Kultur und Wissenschaft","Kultur","Einzel- und Gesamtförderung im Bereich Kulturinitiativen","1100",3000,1,2024
"Kultur und Wissenschaft","Kultur","Einzel- und Gesamtförderung im Bereich Wissenschaft und Forschung","1010",4000,1,2024
"Kultur und Wissenschaft","Kultur","Einzel- und Gesamtförderung im Bereich Kulturinitiativen","1220",4000,1,2024
"Kultur und Wissenschaft","Kultur","Einzel- und Gesamtförderung im Bereich Kulturinitiativen","1170",5000,1,2024
"Kultur und Wissenschaft","Kultur","Einzel- und Gesamtförderung im Bereich Darstellende Kunst","1060",3101716.92,1,2024
"Kultur und Wissenschaft","Kultur","Einzel- und Gesamtförderung im Bereich Kulturinitiativen","1040",5000,1,2024
"Kultur und Wissenschaft","Kultur","Einzel- und Gesamtförderung im Bereich Kulturinitiativen","1050",4000,1,2024
"Kultur und Wissenschaft","Kultur","Wiener Altstadterhaltungsfonds","1190",5e+05,1,2024
"Kultur und Wissenschaft","Kultur","Einzel- und Gesamtförderung im Bereich Film, Mode und Design","1070",20000,1,2024
"Kultur und Wissenschaft","Kultur","Einzel- und Gesamtförderung im Bereich Kulturinitiativen","1180",5000,1,2024
"Kultur und Wissenschaft","Kultur","Einzel- und Gesamtförderung im Bereich Musik","1020",14500,1,2024
"Kultur und Wissenschaft","Kultur","Einzel- und Gesamtförderung im Bereich Kulturinitiativen","1040",7500,1,2024
"Kultur und Wissenschaft","Kultur","Einzel- und Gesamtförderung im Bereich Kulturinitiativen","1220",10000,1,2024
"Kultur und Wissenschaft","Kultur","Einzel- und Gesamtförderung im Bereich Kulturinitiativen","1180",15000,1,2024
"Kultur und Wissenschaft","Kultur","Einzel- und Gesamtförderung im Bereich Kulturinitiativen","1110",4000,1,2024
"Kultur und Wissenschaft","Kultur","Einzel- und Gesamtförderung im Bereich Kulturinitiativen","1230",3500,1,2024
"Kultur und Wissenschaft","Kultur","Einzel- und Gesamtförderung im Bereich Kulturinitiativen","1150",10000,1,2024
"Kultur und Wissenschaft","Kultur","Einzel- und Gesamtförderung im Bereich Kulturinitiativen","1020",2000,1,2024
"Kultur und Wissenschaft","Kultur","Einzel- und Gesamtförderung im Bereich Kulturinitiativen","1190",15000,1,2024
"Kultur und Wissenschaft","Kultur","Einzel- und Gesamtförderung im Bereich Musik","1010",3500,1,2024
"Kultur und Wissenschaft","Kultur","Einzel- und Gesamtförderung im Bereich Kulturinitiativen","1060",10000,1,2024
"Kultur und Wissenschaft","Kultur","Einzel- und Gesamtförderung im Bereich Kulturinitiativen","1070",4000,1,2024
"Kultur und Wissenschaft","Kultur","Einzel- und Gesamtförderung im Bereich Kulturinitiativen","1070",8000,1,2024
"Kultur und Wissenschaft","Kultur","Einzel- und Gesamtförderung im Bereich Kulturinitiativen","1170",8000,1,2024
"Kultur und Wissenschaft","Kultur","Einzel- und Gesamtförderung im Bereich Kulturinitiativen","1060",14000,1,2024
"Kultur und Wissenschaft","Kultur","Einzel- und Gesamtförderung im Bereich Darstellende Kunst","1090",150000,1,2024
"Kultur und Wissenschaft","Kultur","Einzel- und Gesamtförderung im Bereich Darstellende Kunst","1090",30000,1,2024
"Kultur und Wissenschaft","Kultur","Einzel- und Gesamtförderung im Bereich Kulturinitiativen","1220",16000,1,2024
"Kultur und Wissenschaft","Kultur","Einzel- und Gesamtförderung im Bereich Kulturinitiativen","1180",10000,1,2024
"Kultur und Wissenschaft","Kultur","Einzel- und Gesamtförderung im Bereich Kulturinitiativen","1130",2000,1,2024
"Kultur und Wissenschaft","Kultur","Einzel- und Gesamtförderung im Bereich Wissenschaft und Forschung","1020",4000,1,2024
"Kultur und Wissenschaft","Kultur","Einzel- und Gesamtförderung im Bereich Kulturinitiativen","1200",14000,1,2024
"Kultur und Wissenschaft","Kultur","Einzel- und Gesamtförderung im Bereich Kulturinitiativen","1020",49500,1,2024
"Kultur und Wissenschaft","Kultur","Buchprämie - Aktion ""Wiener AutorInnen in Wiener Verlagen""","1190",2500,1,2024
"Kultur und Wissenschaft","Kultur","Einzel- und Gesamtförderung im Bereich Musik","1190",4000,1,2024
"Kultur und Wissenschaft","Kultur","Einzel- und Gesamtförderung im Bereich Musik","1020",2000,1,2024
"Kultur und Wissenschaft","Kultur","Einzel- und Gesamtförderung im Bereich Wissenschaft und Forschung","1040",5000,1,2024
"Kultur und Wissenschaft","Kultur","Einzel- und Gesamtförderung im Bereich Wissenschaft und Forschung","1110",2500,1,2024
"Kultur und Wissenschaft","Kultur","Einzel- und Gesamtförderung im Bereich Darstellende Kunst","1060",30000,1,2024
"Kultur und Wissenschaft","Kultur","Einzel- und Gesamtförderung im Bereich Kulturinitiativen","1180",2000,1,2024
"Kultur und Wissenschaft","Kultur","Einzel- und Gesamtförderung im Bereich Wissenschaft und Forschung","1200",4000,1,2024
"Kultur und Wissenschaft","Kultur","Einzel- und Gesamtförderung im Bereich Wissenschaft und Forschung","1090",4500,1,2024
"Kultur und Wissenschaft","Kultur","Einzel- und Gesamtförderung im Bereich Musik","1070",1500,1,2024
"Kultur und Wissenschaft","Kultur","Einzel- und Gesamtförderung im Bereich Kulturinitiativen","1020",3000,1,2024
"Kultur und Wissenschaft","Kultur","Einzel- und Gesamtförderung im Bereich Literatur","1010",2000,1,2024
"Kultur und Wissenschaft","Kultur","Einzel- und Gesamtförderung im Bereich Wissenschaft und Forschung","1040",2500,1,2024
"Kultur und Wissenschaft","Kultur","Wiener Altstadterhaltungsfonds","1190",148224,1,2024
"Kultur und Wissenschaft","Kultur","Wissenschaftsstipendium","1030",5000,1,2024
"Kultur und Wissenschaft","Kultur","Kunstankauf","1150",8100,1,2024
"Kultur und Wissenschaft","Kultur","Einzel- und Gesamtförderung im Bereich Kulturinitiativen","1030",3000,1,2024
"Kultur und Wissenschaft","Kultur","Kunstankauf","1190",17000,1,2024
"Kultur und Wissenschaft","Kultur","Wissenschaftsstipendium","1160",3000,1,2024
"Kultur und Wissenschaft","Kultur","Einzel- und Gesamtförderung im Bereich Kulturinitiativen","1100",2000,1,2024
"Kultur und Wissenschaft","Kultur","Bau- und Investitonskostenzuschuss","1050",45000,1,2024
"Kultur und Wissenschaft","Kultur","Würdigungspreise der Stadt Wien","1040",10000,1,2024
"Kultur und Wissenschaft","Kultur","Wiener Altstadterhaltungsfonds","1010",3612.64,1,2024
"Kultur und Wissenschaft","Kultur","Einzel- und Gesamtförderung im Bereich Wissenschaft und Forschung","1160",4000,1,2024
"Kultur und Wissenschaft","Kultur","Einzel- und Gesamtförderung im Bereich Kulturinitiativen","1010",1500,1,2024
"Kultur und Wissenschaft","Kultur","Einzel- und Gesamtförderung im Bereich Kulturinitiativen","1090",3000,1,2024
"Kultur und Wissenschaft","Kultur","Kompositionsförderung","1130",1000,1,2024
"Kultur und Wissenschaft","Kultur","Wissenschaftsstipendium","1120",10000,1,2024
"Kultur und Wissenschaft","Kultur","Einzel- und Gesamtförderung im Bereich Wissenschaft und Forschung","1020",1500,1,2024
"Kultur und Wissenschaft","Kultur","Einzel- und Gesamtförderung im Bereich Musik","1090",3000,1,2024
"Kultur und Wissenschaft","Kultur","Einzel- und Gesamtförderung im Bereich Musik","1140",3000,1,2024
"Kultur und Wissenschaft","Kultur","Einzel- und Gesamtförderung im Bereich Musik","1040",4500,1,2024
"Kultur und Wissenschaft","Kultur","Einzel- und Gesamtförderung im Bereich Musik","1190",8000,1,2024
"Kultur und Wissenschaft","Kultur","Einzel- und Gesamtförderung im Bereich Kulturinitiativen","1120",2000,1,2024
"Kultur und Wissenschaft","Kultur","Einzel- und Gesamtförderung im Bereich Wissenschaft und Forschung","1030",3500,1,2024
"Kultur und Wissenschaft","Kultur","Kompositionsförderung","1230",2000,1,2024
"Kultur und Wissenschaft","Kultur","Einzel- und Gesamtförderung im Bereich Kulturinitiativen","1080",3000,1,2024
"Kultur und Wissenschaft","Kultur","Einzel- und Gesamtförderung im Bereich Literatur","1070",31000,1,2024
"Kultur und Wissenschaft","Kultur","Einzel- und Gesamtförderung im Bereich Literatur","1070",40000,1,2024
"Kultur und Wissenschaft","Kultur","Einzel- und Gesamtförderung im Bereich Musik","1150",2500,1,2024
"Kultur und Wissenschaft","Kultur","Einzel- und Gesamtförderung im Bereich Wissenschaft und Forschung","1140",3000,1,2024
"Kultur und Wissenschaft","Kultur","Kompositionsförderung","1120",2000,1,2024
"Kultur und Wissenschaft","Kultur","Einzel- und Gesamtförderung im Bereich Bildende Kunst und Medienkunst","1070",5000,1,2024
"Kultur und Wissenschaft","Kultur","Einzel- und Gesamtförderung im Bereich Wissenschaft und Forschung","1010",10000,1,2024
"Kultur und Wissenschaft","Kultur","Einzel- und Gesamtförderung im Bereich Musik","1020",10000,1,2024
"Kultur und Wissenschaft","Kultur","Einzel- und Gesamtförderung im Bereich Musik","1030",3000,1,2024
"Kultur und Wissenschaft","Kultur","Einzel- und Gesamtförderung im Bereich Musik","1040",2000,1,2024
"Kultur und Wissenschaft","Kultur","Einzel- und Gesamtförderung im Bereich Kulturinitiativen","1010",2500,1,2024
"Kultur und Wissenschaft","Kultur","Einzel- und Gesamtförderung im Bereich Musik","1010",250000,1,2024
"Kultur und Wissenschaft","Kultur","Einzel- und Gesamtförderung im Bereich Wissenschaft und Forschung","1010",2500,1,2024
"Kultur und Wissenschaft","Kultur","Einzel- und Gesamtförderung im Bereich Darstellende Kunst","1060",945000,1,2024
"Kultur und Wissenschaft","Kultur","Einzel- und Gesamtförderung im Bereich Darstellende Kunst","1060",190000,1,2024
"Kultur und Wissenschaft","Kultur","Einzel- und Gesamtförderung im Bereich Kulturinitiativen","1160",3000,1,2024
"Kultur und Wissenschaft","Kultur","Kinoreferenzförderung","1050",20000,1,2024
"Kultur und Wissenschaft","Kultur","Einzel- und Gesamtförderung im Bereich Musik","1020",4000,1,2024
"Kultur und Wissenschaft","Kultur","Einzel- und Gesamtförderung im Bereich Musik","1050",1000,1,2024
"Kultur und Wissenschaft","Kultur","Einzel- und Gesamtförderung im Bereich Literatur","1230",1000,1,2024
"Kultur und Wissenschaft","Kultur","Einzel- und Gesamtförderung im Bereich Musik","1070",6000,1,2024
"Kultur und Wissenschaft","Kultur","Einzel- und Gesamtförderung im Bereich Musik","1150",3000,1,2024
"Kultur und Wissenschaft","Kultur","Einzel- und Gesamtförderung im Bereich Musik","1160",1000,1,2024
"Kultur und Wissenschaft","Kultur","Einzel- und Gesamtförderung im Bereich Darstellende Kunst","1150",7000,1,2024
"Kultur und Wissenschaft","Kultur","Einzel- und Gesamtförderung im Bereich Musik","1010",2000,1,2024
"Kultur und Wissenschaft","Kultur","Einzel- und Gesamtförderung im Bereich Musik","1010",2500,1,2024
"Kultur und Wissenschaft","Kultur","Einzel- und Gesamtförderung im Bereich Wissenschaft und Forschung","1010",3000,1,2024
"Kultur und Wissenschaft","Kultur","Einzel- und Gesamtförderung im Bereich Wissenschaft und Forschung","1040",2000,1,2024
"Kultur und Wissenschaft","Kultur","Wissenschaftsstipendium","1170",4000,1,2024
"Kultur und Wissenschaft","Kultur","Einzel- und Gesamtförderung im Bereich Musik","1070",4000,1,2024
"Kultur und Wissenschaft","Kultur","Einzel- und Gesamtförderung im Bereich Musik","1020",2000,1,2024
"Kultur und Wissenschaft","Kultur","Einzel- und Gesamtförderung im Bereich Musik","1120",1500,1,2024
"Kultur und Wissenschaft","Kultur","Einzel- und Gesamtförderung im Bereich Musik","1040",8000,1,2024
"Kultur und Wissenschaft","Kultur","Einzel- und Gesamtförderung im Bereich Musik","1130",4000,1,2024
"Kultur und Wissenschaft","Kultur","Einzel- und Gesamtförderung im Bereich Musik","1110",3000,1,2024
"Kultur und Wissenschaft","Kultur","Einzel- und Gesamtförderung im Bereich Wissenschaft und Forschung","1040",3500,1,2024
"Kultur und Wissenschaft","Kultur","Einzel- und Gesamtförderung im Bereich Kulturinitiativen","1190",1500,1,2024
"Kultur und Wissenschaft","Kultur","Einzel- und Gesamtförderung im Bereich Musik","1050",1000,1,2024
"Kultur und Wissenschaft","Kultur","Einzel- und Gesamtförderung im Bereich Musik","1090",1000,1,2024
"Kultur und Wissenschaft","Kultur","Einzel- und Gesamtförderung im Bereich Kulturinitiativen","1030",2800,1,2024
"Kultur und Wissenschaft","Kultur","Einzel- und Gesamtförderung im Bereich Musik","1110",4500,1,2024
"Kultur und Wissenschaft","Kultur","Einzel- und Gesamtförderung im Bereich Musik","1010",1500,1,2024
"Kultur und Wissenschaft","Kultur","Einzel- und Gesamtförderung im Bereich Musik","1080",5000,1,2024
"Kultur und Wissenschaft","Kultur","Einzel- und Gesamtförderung im Bereich Musik","1100",3000,1,2024
"Kultur und Wissenschaft","Kultur","Einzel- und Gesamtförderung im Bereich Kino","1050",20000,1,2024
"Kultur und Wissenschaft","Kultur","Einzel- und Gesamtförderung im Bereich Musik","1090",4000,1,2024
"Kultur und Wissenschaft","Kultur","Einzel- und Gesamtförderung im Bereich Musik","1140",3000,1,2024
"Kultur und Wissenschaft","Kultur","Einzel- und Gesamtförderung im Bereich Musik","1230",8000,1,2024
"Kultur und Wissenschaft","Kultur","Einzel- und Gesamtförderung im Bereich Musik","1080",8000,1,2024
"Kultur und Wissenschaft","Kultur","Einzel- und Gesamtförderung im Bereich Kino","1050",20000,1,2024
"Kultur und Wissenschaft","Kultur","Einzel- und Gesamtförderung im Bereich Musik","1140",3500,1,2024
"Kultur und Wissenschaft","Kultur","Einzel- und Gesamtförderung im Bereich Musik","1190",16000,1,2024
"Kultur und Wissenschaft","Kultur","Einzel- und Gesamtförderung im Bereich Darstellende Kunst","1090",150000,1,2024
"Kultur und Wissenschaft","Kultur","Einzel- und Gesamtförderung im Bereich Darstellende Kunst","1090",15000,1,2024
"Kultur und Wissenschaft","Kultur","Einzel- und Gesamtförderung im Bereich Musik","1150",3000,1,2024
"Kultur und Wissenschaft","Kultur","Einzel- und Gesamtförderung im Bereich Musik","1090",6000,1,2024
"Kultur und Wissenschaft","Kultur","Einzel- und Gesamtförderung im Bereich Darstellende Kunst","1010",7e+05,1,2024
"Kultur und Wissenschaft","Kultur","Einzel- und Gesamtförderung im Bereich Darstellende Kunst","1010",80000,1,2024
"Kultur und Wissenschaft","Kultur","Einzel- und Gesamtförderung im Bereich Musik","1030",3000,1,2024
"Kultur und Wissenschaft","Kultur","Einzel- und Gesamtförderung im Bereich Musik","1020",2500,1,2024
"Kultur und Wissenschaft","Kultur","Einzel- und Gesamtförderung im Bereich Musik","1180",60000,1,2024
"Kultur und Wissenschaft","Kultur","Einzel- und Gesamtförderung im Bereich Musik","1010",2000,1,2024
"Kultur und Wissenschaft","Kultur","Einzel- und Gesamtförderung im Bereich Musik","1200",1500,1,2024
"Kultur und Wissenschaft","Kultur","Einzel- und Gesamtförderung im Bereich Musik","1030",3000,1,2024
"Kultur und Wissenschaft","Kultur","Einzel- und Gesamtförderung im Bereich Musik","1080",1000,1,2024
"Kultur und Wissenschaft","Kultur","Einzel- und Gesamtförderung im Bereich Musik","1070",8000,1,2024
"Kultur und Wissenschaft","Kultur","Einzel- und Gesamtförderung im Bereich Musik","1100",4000,1,2024
"Kultur und Wissenschaft","Kultur","Einzel- und Gesamtförderung im Bereich Kulturinitiativen","1160",1700,1,2024
"Kultur und Wissenschaft","Kultur","Einzel- und Gesamtförderung im Bereich Musik","1070",15000,1,2024
"Kultur und Wissenschaft","Kultur","Einzel- und Gesamtförderung im Bereich Musik","1030",9000,1,2024
"Kultur und Wissenschaft","Kultur","Einzel- und Gesamtförderung im Bereich Darstellende Kunst","1070",260000,1,2024
"Kultur und Wissenschaft","Kultur","Einzel- und Gesamtförderung im Bereich Darstellende Kunst","1070",26000,1,2024
"Kultur und Wissenschaft","Kultur","Einzel- und Gesamtförderung im Bereich Darstellende Kunst","1070",740000,1,2024
"Kultur und Wissenschaft","Kultur","Einzel- und Gesamtförderung im Bereich Darstellende Kunst","1070",80000,1,2024
"Kultur und Wissenschaft","Kultur","Einzel- und Gesamtförderung im Bereich Darstellende Kunst","1040",80000,1,2024
"Kultur und Wissenschaft","Kultur","Einzel- und Gesamtförderung im Bereich Darstellende Kunst","1040",8000,1,2024
"Kultur und Wissenschaft","Kultur","Einzel- und Gesamtförderung im Bereich Wissenschaft und Forschung","1090",5000,1,2024
"Kultur und Wissenschaft","Kultur","Kinoreferenzförderung","1050",20000,1,2024
"Kultur und Wissenschaft","Kultur","Einzel- und Gesamtförderung im Bereich Darstellende Kunst","1070",1e+05,1,2024
"Kultur und Wissenschaft","Kultur","Einzel- und Gesamtförderung im Bereich Darstellende Kunst","1070",10000,1,2024
"Kultur und Wissenschaft","Kultur","Einzel- und Gesamtförderung im Bereich Wissenschaft und Forschung","1090",3000,1,2024
"Kultur und Wissenschaft","Kultur","Einzel- und Gesamtförderung im Bereich Darstellende Kunst","1090",90000,1,2024
"Kultur und Wissenschaft","Kultur","Einzel- und Gesamtförderung im Bereich Darstellende Kunst","1090",10000,1,2024
"Kultur und Wissenschaft","Kultur","Einzel- und Gesamtförderung im Bereich Darstellende Kunst","1090",250000,1,2024
"Kultur und Wissenschaft","Kultur","Einzel- und Gesamtförderung im Bereich Darstellende Kunst","1090",25000,1,2024
"Kultur und Wissenschaft","Kultur","Wiener Altstadterhaltungsfonds","1010",119367.47,1,2024
"Kultur und Wissenschaft","Kultur","Einzel- und Gesamtförderung im Bereich Darstellende Kunst","1040",150000,1,2024
"Kultur und Wissenschaft","Kultur","Einzel- und Gesamtförderung im Bereich Darstellende Kunst","1040",15000,1,2024
"Kultur und Wissenschaft","Kultur","Einzel- und Gesamtförderung im Bereich Darstellende Kunst","1050",240000,1,2024
"Kultur und Wissenschaft","Kultur","Einzel- und Gesamtförderung im Bereich Darstellende Kunst","1050",24000,1,2024
"Kultur und Wissenschaft","Kultur","Einzel- und Gesamtförderung im Bereich Darstellende Kunst","1160",3e+05,1,2024
"Kultur und Wissenschaft","Kultur","Einzel- und Gesamtförderung im Bereich Darstellende Kunst","1160",80000,1,2024
"Kultur und Wissenschaft","Kultur","Einzel- und Gesamtförderung im Bereich Darstellende Kunst","1060",1e+05,1,2024
"Kultur und Wissenschaft","Kultur","Einzel- und Gesamtförderung im Bereich Darstellende Kunst","1060",10000,1,2024
"Kultur und Wissenschaft","Kultur","Einzel- und Gesamtförderung im Bereich Darstellende Kunst","1020",140000,1,2024
"Kultur und Wissenschaft","Kultur","Einzel- und Gesamtförderung im Bereich Darstellende Kunst","1020",14000,1,2024
"Kultur und Wissenschaft","Kultur","Einzel- und Gesamtförderung im Bereich Wissenschaft und Forschung","1070",2000,1,2024
"Kultur und Wissenschaft","Kultur","Wissenschaftsstipendium","1080",4000,1,2024
"Kultur und Wissenschaft","Kultur","Einzel- und Gesamtförderung im Bereich Darstellende Kunst","1120",20000,1,2024
"Kultur und Wissenschaft","Kultur","Einzel- und Gesamtförderung im Bereich Darstellende Kunst","1120",2e+05,1,2024
"Kultur und Wissenschaft","Kultur","Einzel- und Gesamtförderung im Bereich Darstellende Kunst","1070",320000,1,2024
"Kultur und Wissenschaft","Kultur","Einzel- und Gesamtförderung im Bereich Darstellende Kunst","1070",32000,1,2024
"Kultur und Wissenschaft","Kultur","Einzel- und Gesamtförderung im Bereich Kulturinitiativen","1070",3000,1,2024
"Kultur und Wissenschaft","Kultur","Bau- und Investitonskostenzuschuss","1150",12000,1,2024
"Kultur und Wissenschaft","Kultur","Einzel- und Gesamtförderung im Bereich Literatur","1100",5000,1,2024
"Kultur und Wissenschaft","Kultur","Einzel- und Gesamtförderung im Bereich Wissenschaft und Forschung","1060",5e+05,1,2024
"Kultur und Wissenschaft","Kultur","Einzel- und Gesamtförderung im Bereich Darstellende Kunst","1190",190000,1,2024
"Kultur und Wissenschaft","Kultur","Einzel- und Gesamtförderung im Bereich Darstellende Kunst","1190",19000,1,2024
"Kultur und Wissenschaft","Kultur","Einzel- und Gesamtförderung im Bereich Darstellende Kunst","1070",220000,1,2024
"Kultur und Wissenschaft","Kultur","Einzel- und Gesamtförderung im Bereich Darstellende Kunst","1070",22000,1,2024
"Kultur und Wissenschaft","Kultur","Einzel- und Gesamtförderung im Bereich Darstellende Kunst","1180",130000,1,2024
"Kultur und Wissenschaft","Kultur","Einzel- und Gesamtförderung im Bereich Darstellende Kunst","1180",13000,1,2024
"Kultur und Wissenschaft","Kultur","Einzel- und Gesamtförderung im Bereich Darstellende Kunst","1050",150000,1,2024
"Kultur und Wissenschaft","Kultur","Einzel- und Gesamtförderung im Bereich Darstellende Kunst","1050",15000,1,2024
"Kultur und Wissenschaft","Kultur","Einzel- und Gesamtförderung im Bereich Darstellende Kunst","1120",120000,1,2024
"Kultur und Wissenschaft","Kultur","Einzel- und Gesamtförderung im Bereich Darstellende Kunst","1120",12000,1,2024
"Kultur und Wissenschaft","Kultur","Einzel- und Gesamtförderung im Bereich Darstellende Kunst","1090",130000,1,2024
"Kultur und Wissenschaft","Kultur","Einzel- und Gesamtförderung im Bereich Darstellende Kunst","1090",13000,1,2024
"Kultur und Wissenschaft","Kultur","Einzel- und Gesamtförderung im Bereich Darstellende Kunst","1090",290000,1,2024
"Kultur und Wissenschaft","Kultur","Einzel- und Gesamtförderung im Bereich Darstellende Kunst","1090",29000,1,2024
"Kultur und Wissenschaft","Kultur","Einzel- und Gesamtförderung im Bereich Wissenschaft und Forschung","1090",7e+05,1,2024
"Kultur und Wissenschaft","Kultur","Einzel- und Gesamtförderung im Bereich Wissenschaft und Forschung","1090",1e+05,1,2024
"Kultur und Wissenschaft","Kultur","Einzel- und Gesamtförderung im Bereich Wissenschaft und Forschung","1070",5000,1,2024
"Kultur und Wissenschaft","Kultur","Einzel- und Gesamtförderung im Bereich Kulturinitiativen","1150",3000,1,2024
"Kultur und Wissenschaft","Kultur","Bau- und Investitonskostenzuschuss","1200",18000,1,2024
"Kultur und Wissenschaft","Kultur","Einzel- und Gesamtförderung im Bereich Kulturinitiativen","1100",1500,1,2024
"Kultur und Wissenschaft","Kultur","Einzel- und Gesamtförderung im Bereich Kulturinitiativen","1100",3000,1,2024
"Kultur und Wissenschaft","Kultur","Bau- und Investitonskostenzuschuss","1200",125000,1,2024
"Kultur und Wissenschaft","Kultur","Kinoreferenzförderung","1070",20000,1,2024
"Kultur und Wissenschaft","Kultur","Einzel- und Gesamtförderung im Bereich Kino","1070",20000,1,2024
"Kultur und Wissenschaft","Kultur","Kompositionsförderung","1200",1000,1,2024
"Kultur und Wissenschaft","Kultur","Kinoreferenzförderung","1070",20000,1,2024
"Kultur und Wissenschaft","Kultur","Kinoreferenzförderung","1070",20000,1,2024
"Kultur und Wissenschaft","Kultur","Kinoreferenzförderung","1070",20000,1,2024
"Kultur und Wissenschaft","Kultur","Einzel- und Gesamtförderung im Bereich Literatur","1060",41000,1,2024
"Kultur und Wissenschaft","Kultur","Einzel- und Gesamtförderung im Bereich Kino","1070",20000,1,2024
"Kultur und Wissenschaft","Kultur","Einzel- und Gesamtförderung im Bereich Kino","1070",20000,1,2024
"Kultur und Wissenschaft","Kultur","Einzel- und Gesamtförderung im Bereich Wissenschaft und Forschung","1170",4000,1,2024
"Kultur und Wissenschaft","Kultur","Einzel- und Gesamtförderung im Bereich Kulturinitiativen","1030",2000,1,2024
"Kultur und Wissenschaft","Kultur","Kinoreferenzförderung","1010",20000,1,2024
"Kultur und Wissenschaft","Kultur","Einzel- und Gesamtförderung im Bereich Kino","1010",20000,1,2024
"Kultur und Wissenschaft","Kultur","Einzel- und Gesamtförderung im Bereich Kulturinitiativen","1100",3000,1,2024
"Kultur und Wissenschaft","Kultur","Bau- und Investitonskostenzuschuss","1060",88000,1,2024
"Kultur und Wissenschaft","Kultur","Publikationsförderung","1030",2000,1,2024
"Kultur und Wissenschaft","Kultur","Einzel- und Gesamtförderung im Bereich Darstellende Kunst","1030",1100000,1,2024
"Kultur und Wissenschaft","Kultur","Einzel- und Gesamtförderung im Bereich Darstellende Kunst","1030",2e+05,1,2024
"Kultur und Wissenschaft","Kultur","Einzel- und Gesamtförderung im Bereich Kulturinitiativen","1030",2000,1,2024
"Kultur und Wissenschaft","Kultur","Einzel- und Gesamtförderung im Bereich Wissenschaft und Forschung","1230",4000,1,2024
"Kultur und Wissenschaft","Kultur","Kinoreferenzförderung","1060",20000,1,2024
"Kultur und Wissenschaft","Kultur","Kinoreferenzförderung","1100",20000,1,2024
"Kultur und Wissenschaft","Kultur","Kinoreferenzförderung","1100",20000,1,2024
"Kultur und Wissenschaft","Kultur","Einzel- und Gesamtförderung im Bereich Wissenschaft und Forschung","1090",1000,1,2024
"Kultur und Wissenschaft","Kultur","Publikationsförderung","1010",2000,1,2024
"Kultur und Wissenschaft","Kultur","Einzel- und Gesamtförderung im Bereich Darstellende Kunst","1020",6e+05,1,2024
"Kultur und Wissenschaft","Kultur","Einzel- und Gesamtförderung im Bereich Darstellende Kunst","1020",80000,1,2024
"Kultur und Wissenschaft","Kultur","Einzel- und Gesamtförderung im Bereich Kulturinitiativen","1120",2000,1,2024
"Kultur und Wissenschaft","Kultur","Einzel- und Gesamtförderung im Bereich Musik","1150",6000,1,2024
"Kultur und Wissenschaft","Kultur","Einzel- und Gesamtförderung im Bereich Kino","1040",20000,1,2024
"Kultur und Wissenschaft","Kultur","Bau- und Investitonskostenzuschuss","1110",27000,1,2024
"Kultur und Wissenschaft","Kultur","Einzel- und Gesamtförderung im Bereich Kino","1040",20000,1,2024
"Kultur und Wissenschaft","Kultur","Bau- und Investitonskostenzuschuss","1030",15000,1,2024
"Kultur und Wissenschaft","Kultur","Kinoreferenzförderung","1040",20000,1,2024
"Kultur und Wissenschaft","Kultur","Kinoreferenzförderung","1140",20000,1,2024
"Kultur und Wissenschaft","Kultur","Kinoreferenzförderung","1040",20000,1,2024
"Kultur und Wissenschaft","Kultur","Einzel- und Gesamtförderung im Bereich Kino","1140",20000,1,2024
"Kultur und Wissenschaft","Kultur","Einzel- und Gesamtförderung im Bereich Bildende Kunst und Medienkunst","1100",3000,1,2024
"Kultur und Wissenschaft","Kultur","Einzel- und Gesamtförderung im Bereich Wissenschaft und Forschung","2391",4000,1,2024
"Kultur und Wissenschaft","Kultur","Kunstankauf","1150",12995,1,2024
"Kultur und Wissenschaft","Kultur","Wiener Altstadterhaltungsfonds","1010",109999.49,1,2024
"Kultur und Wissenschaft","Kultur","Einzel- und Gesamtförderung im Bereich Bildende Kunst und Medienkunst","1100",50000,1,2024
"Kultur und Wissenschaft","Kultur","Publikationsförderung","1160",1000,1,2024
"Kultur und Wissenschaft","Kultur","Einzel- und Gesamtförderung im Bereich Wissenschaft und Forschung","1070",2000,1,2024
"Kultur und Wissenschaft","Kultur","Einzel- und Gesamtförderung im Bereich Literatur","1190",1500,1,2024
"Kultur und Wissenschaft","Kultur","Einzel- und Gesamtförderung im Bereich Wissenschaft und Forschung","1010",15000,1,2024
"Kultur und Wissenschaft","Kultur","Einzel- und Gesamtförderung im Bereich Bildende Kunst und Medienkunst","1010",216000,1,2024
"Kultur und Wissenschaft","Kultur","Publikationsförderung","1140",1000,1,2024
"Kultur und Wissenschaft","Kultur","Einzel- und Gesamtförderung im Bereich Wissenschaft und Forschung","1010",2500,1,2024
"Kultur und Wissenschaft","Kultur","Wissenschaftsstipendium","1180",4000,1,2024
"Kultur und Wissenschaft","Kultur","Einzel- und Gesamtförderung im Bereich Darstellende Kunst","1170",41000,1,2024
"Kultur und Wissenschaft","Kultur","Kompositionsförderung","1160",2000,1,2024
"Kultur und Wissenschaft","Kultur","Einzel- und Gesamtförderung im Bereich Wissenschaft und Forschung","1010",44000,1,2024
"Kultur und Wissenschaft","Kultur","Einzel- und Gesamtförderung im Bereich Wissenschaft und Forschung","1100",3000,1,2024
"Kultur und Wissenschaft","Kultur","Einzel- und Gesamtförderung im Bereich Literatur","1180",3000,1,2024
"Kultur und Wissenschaft","Kultur","Einzel- und Gesamtförderung im Bereich Darstellende Kunst","1090",210000,1,2024
"Kultur und Wissenschaft","Kultur","Kompositionsförderung","1020",2000,1,2024
"Kultur und Wissenschaft","Kultur","Einzel- und Gesamtförderung im Bereich Literatur","1050",3000,1,2024
"Kultur und Wissenschaft","Kultur","Kompositionsförderung","1070",1500,1,2024
"Kultur und Wissenschaft","Kultur","Einzel- und Gesamtförderung im Bereich Kulturinitiativen","1220",2000,1,2024
"Kultur und Wissenschaft","Kultur","Einzel- und Gesamtförderung im Bereich Kulturinitiativen","1040",2000,1,2024
"Kultur und Wissenschaft","Kultur","Einzel- und Gesamtförderung im Bereich Literatur","1120",2500,1,2024
"Kultur und Wissenschaft","Kultur","Förderung von Institutionen im Bereich Darstellende Kunst","1090",2e+05,1,2024
"Kultur und Wissenschaft","Kultur","Einzel- und Gesamtförderung im Bereich Darstellende Kunst","1090",1750000,1,2024
"Kultur und Wissenschaft","Kultur","Einzel- und Gesamtförderung im Bereich Literatur","1130",5000,1,2024
"Kultur und Wissenschaft","Kultur","Einzel- und Gesamtförderung im Bereich Wissenschaft und Forschung","1010",6000,1,2024
"Kultur und Wissenschaft","Kultur","Kompositionsförderung","1020",4000,1,2024
"Kultur und Wissenschaft","Kultur","Einzel- und Gesamtförderung im Bereich Wissenschaft und Forschung","1020",3000,1,2024
"Kultur und Wissenschaft","Kultur","Einzel- und Gesamtförderung im Bereich Kulturinitiativen","1170",2000,1,2024
"Kultur und Wissenschaft","Kultur","Publikationsförderung","5020",2000,1,2024
"Kultur und Wissenschaft","Kultur","Einzel- und Gesamtförderung im Bereich Wissenschaft und Forschung","1150",4000,1,2024
"Kultur und Wissenschaft","Kultur","Publikationsförderung","1040",5000,1,2024
"Kultur und Wissenschaft","Kultur","Einzel- und Gesamtförderung im Bereich Wissenschaft und Forschung","1010",3000,1,2024
"Kultur und Wissenschaft","Kultur","Einzel- und Gesamtförderung im Bereich Literatur","1150",1500,1,2024
"Kultur und Wissenschaft","Kultur","Publikationsförderung","1050",1000,1,2024
"Kultur und Wissenschaft","Kultur","Einzel- und Gesamtförderung im Bereich Wissenschaft und Forschung","1010",3000,1,2024
"Kultur und Wissenschaft","Kultur","Kompositionsförderung","1040",1500,1,2024
"Kultur und Wissenschaft","Kultur","Kompositionsförderung","1200",1200,1,2024
"Kultur und Wissenschaft","Kultur","Einzel- und Gesamtförderung im Bereich Literatur","1070",12000,1,2024
"Kultur und Wissenschaft","Kultur","Einzel- und Gesamtförderung im Bereich Kulturinitiativen","1140",5000,1,2024
"Kultur und Wissenschaft","Kultur","Einzel- und Gesamtförderung im Bereich Literatur","1020",9100,1,2024
"Kultur und Wissenschaft","Kultur","Publikationsförderung","8043",2000,1,2024
"Kultur und Wissenschaft","Kultur","Kompositionsförderung","1130",1000,1,2024
"Kultur und Wissenschaft","Kultur","Einzel- und Gesamtförderung im Bereich Literatur","1010",1000,1,2024
"Kultur und Wissenschaft","Kultur","Einzel- und Gesamtförderung im Bereich Literatur","1010",155000,1,2024
"Kultur und Wissenschaft","Kultur","Wissenschaftsstipendium","1190",3500,1,2024
"Kultur und Wissenschaft","Kultur","Wiener Altstadterhaltungsfonds","1010",105911.33,1,2024
"Kultur und Wissenschaft","Kultur","Publikationsförderung","9020",2000,1,2024
"Kultur und Wissenschaft","Kultur","Kompositionsförderung","1090",800,1,2024
"Kultur und Wissenschaft","Kultur","Kompositionsförderung","1200",1500,1,2024
"Kultur und Wissenschaft","Kultur","Einzel- und Gesamtförderung im Bereich Literatur","1150",4500,1,2024
"Kultur und Wissenschaft","Kultur","Kompositionsförderung","1050",1000,1,2024
"Kultur und Wissenschaft","Kultur","Kompositionsförderung","1100",1000,1,2024
"Kultur und Wissenschaft","Kultur","Kompositionsförderung","1120",1000,1,2024
"Kultur und Wissenschaft","Kultur","Kompositionsförderung","1100",1000,1,2024
"Kultur und Wissenschaft","Kultur","Kompositionsförderung","1090",1000,1,2024
"Kultur und Wissenschaft","Kultur","Kompositionsförderung","1180",1000,1,2024
"Kultur und Wissenschaft","Kultur","Kompositionsförderung","1170",2000,1,2024
"Kultur und Wissenschaft","Kultur","Kompositionsförderung","1020",1000,1,2024
"Kultur und Wissenschaft","Kultur","Kompositionsförderung","1080",1000,1,2024
"Kultur und Wissenschaft","Kultur","Publikationsförderung","1170",5000,1,2024
"Kultur und Wissenschaft","Kultur","Einzel- und Gesamtförderung im Bereich Literatur","1070",3000,1,2024
"Kultur und Wissenschaft","Kultur","Einzel- und Gesamtförderung im Bereich Bildende Kunst und Medienkunst","1100",1000,1,2024
"Kultur und Wissenschaft","Kultur","Einzel- und Gesamtförderung im Bereich Literatur","1090",1500,1,2024
"Kultur und Wissenschaft","Kultur","Einzel- und Gesamtförderung im Bereich Literatur","1090",1500,1,2024
"Kultur und Wissenschaft","Kultur","Einzel- und Gesamtförderung im Bereich Bildende Kunst und Medienkunst","1150",4950,1,2024
"Kultur und Wissenschaft","Kultur","Kompositionsförderung","1090",3200,1,2024
"Kultur und Wissenschaft","Kultur","Publikationsförderung","1030",4000,1,2024
"Kultur und Wissenschaft","Kultur","Kompositionsförderung","1040",1000,1,2024
"Kultur und Wissenschaft","Kultur","Kompositionsförderung","1220",2000,1,2024
"Kultur und Wissenschaft","Kultur","Kompositionsförderung","1170",1000,1,2024
"Kultur und Wissenschaft","Kultur","Einzel- und Gesamtförderung im Bereich Literatur","1040",32000,1,2024
"Kultur und Wissenschaft","Kultur","Kompositionsförderung","1160",1000,1,2024
"Kultur und Wissenschaft","Kultur","Kompositionsförderung","1060",1000,1,2024
"Kultur und Wissenschaft","Kultur","Publikationsförderung","1090",2000,1,2024
"Kultur und Wissenschaft","Kultur","Kompositionsförderung","1160",1000,1,2024
"Kultur und Wissenschaft","Kultur","Kompositionsförderung","1120",1000,1,2024
"Kultur und Wissenschaft","Kultur","Kompositionsförderung","1060",1000,1,2024
"Kultur und Wissenschaft","Kultur","Kompositionsförderung","1120",1500,1,2024
"Kultur und Wissenschaft","Kultur","Kompositionsförderung","1130",600,1,2024
"Kultur und Wissenschaft","Kultur","Kompositionsförderung","1150",1500,1,2024
"Kultur und Wissenschaft","Kultur","Kompositionsförderung","1180",1000,1,2024
"Kultur und Wissenschaft","Kultur","Kompositionsförderung","1160",1000,1,2024
"Kultur und Wissenschaft","Kultur","Kompositionsförderung","1070",1000,1,2024
"Kultur und Wissenschaft","Kultur","Einzel- und Gesamtförderung im Bereich Wissenschaft und Forschung","1040",3500,1,2024
"Kultur und Wissenschaft","Kultur","Kompositionsförderung","1060",1500,1,2024
"Kultur und Wissenschaft","Kultur","Kompositionsförderung","1030",1300,1,2024
"Kultur und Wissenschaft","Kultur","Kompositionsförderung","1030",1500,1,2024
"Kultur und Wissenschaft","Kultur","Kompositionsförderung","1170",1000,1,2024
"Kultur und Wissenschaft","Kultur","Kompositionsförderung","1020",800,1,2024
"Kultur und Wissenschaft","Kultur","Kompositionsförderung","1070",1500,1,2024
"Kultur und Wissenschaft","Kultur","Kompositionsförderung","1060",1000,1,2024
"Kultur und Wissenschaft","Kultur","Kompositionsförderung","1050",2000,1,2024
"Kultur und Wissenschaft","Kultur","Einzel- und Gesamtförderung im Bereich Wissenschaft und Forschung","1100",1000,1,2024
"Kultur und Wissenschaft","Kultur","Einzel- und Gesamtförderung im Bereich Literatur","1020",3500,1,2024
"Kultur und Wissenschaft","Kultur","Einzel- und Gesamtförderung im Bereich Literatur","1020",3000,1,2024
"Kultur und Wissenschaft","Kultur","Einzel- und Gesamtförderung im Bereich Wissenschaft und Forschung","1180",4500,1,2024
"Kultur und Wissenschaft","Kultur","Einzel- und Gesamtförderung im Bereich Literatur","1010",3000,1,2024
"Kultur und Wissenschaft","Kultur","Kompositionsförderung","1040",1500,1,2024
"Kultur und Wissenschaft","Kultur","Kompositionsförderung","1230",2000,1,2024
"Kultur und Wissenschaft","Kultur","Kompositionsförderung","1180",1000,1,2024
"Kultur und Wissenschaft","Kultur","Einzel- und Gesamtförderung im Bereich Literatur","1020",2000,1,2024
"Kultur und Wissenschaft","Kultur","Einzel- und Gesamtförderung im Bereich Literatur","1070",3000,1,2024
"Kultur und Wissenschaft","Kultur","Einzel- und Gesamtförderung im Bereich Literatur","1130",4000,1,2024
"Kultur und Wissenschaft","Kultur","Kompositionsförderung","1060",1000,1,2024
"Kultur und Wissenschaft","Kultur","Kompositionsförderung","1040",1000,1,2024
"Kultur und Wissenschaft","Kultur","Kompositionsförderung","1230",2500,1,2024
"Kultur und Wissenschaft","Kultur","Kompositionsförderung","1050",2000,1,2024
"Kultur und Wissenschaft","Kultur","Kompositionsförderung","1200",2000,1,2024
"Kultur und Wissenschaft","Kultur","Einzel- und Gesamtförderung im Bereich Wissenschaft und Forschung","1020",3000,1,2024
"Kultur und Wissenschaft","Kultur","Wiener Altstadterhaltungsfonds","1010",298938.24,1,2024
"Kultur und Wissenschaft","Kultur","Einzel- und Gesamtförderung im Bereich Kulturinitiativen","1090",2000,1,2024
"Kultur und Wissenschaft","Kultur","Einzel- und Gesamtförderung im Bereich Darstellende Kunst","1090",35000,1,2024
"Kultur und Wissenschaft","Kultur","Einzel- und Gesamtförderung im Bereich Bildende Kunst und Medienkunst","1150",4000,1,2024
"Kultur und Wissenschaft","Kultur","Einzel- und Gesamtförderung im Bereich Bildende Kunst und Medienkunst","1030",3000,1,2024
"Kultur und Wissenschaft","Kultur","Einzel- und Gesamtförderung im Bereich Wissenschaft und Forschung","1020",530000,1,2024
"Kultur und Wissenschaft","Kultur","Einzel- und Gesamtförderung im Bereich Wissenschaft und Forschung","1050",3500,1,2024
"Kultur und Wissenschaft","Kultur","Einzel- und Gesamtförderung im Bereich Wissenschaft und Forschung","1080",4000,1,2024
"Kultur und Wissenschaft","Kultur","Wissenschaftsstipendium","1090",4000,1,2024
"Kultur und Wissenschaft","Kultur","Einzel- und Gesamtförderung im Bereich Bildende Kunst und Medienkunst","1120",4000,1,2024
"Kultur und Wissenschaft","Kultur","Einzel- und Gesamtförderung im Bereich Literatur","1020",3500,1,2024
"Kultur und Wissenschaft","Kultur","Einzel- und Gesamtförderung im Bereich Kulturinitiativen","1100",1500,1,2024
"Kultur und Wissenschaft","Kultur","Einzel- und Gesamtförderung im Bereich Bildende Kunst und Medienkunst","1080",5000,1,2024
"Kultur und Wissenschaft","Kultur","Einzel- und Gesamtförderung im Bereich Kulturinitiativen","1010",30000,1,2024
"Kultur und Wissenschaft","Kultur","Einzel- und Gesamtförderung im Bereich Bildende Kunst und Medienkunst","1090",2000,1,2024
"Kultur und Wissenschaft","Kultur","Einzel- und Gesamtförderung im Bereich Film, Mode und Design","1070",5000,1,2024
"Kultur und Wissenschaft","Kultur","Einzel- und Gesamtförderung im Bereich Wissenschaft und Forschung","1040",12000,1,2024
"Kultur und Wissenschaft","Kultur","Publikationsförderung","1030",3000,1,2024
"Kultur und Wissenschaft","Kultur","Publikationsförderung","6020",4000,1,2024
"Kultur und Wissenschaft","Kultur","Einzel- und Gesamtförderung im Bereich Bildende Kunst und Medienkunst","1190",2000,1,2024
"Kultur und Wissenschaft","Kultur","Einzel- und Gesamtförderung im Bereich Bildende Kunst und Medienkunst","1060",10000,1,2024
"Kultur und Wissenschaft","Kultur","Einzel- und Gesamtförderung im Bereich Wissenschaft und Forschung","1040",80000,1,2024
"Kultur und Wissenschaft","Kultur","Einzel- und Gesamtförderung im Bereich Wissenschaft und Forschung","1060",10000,1,2024
"Kultur und Wissenschaft","Kultur","Publikationsförderung","6020",2000,1,2024
"Kultur und Wissenschaft","Kultur","Bau- und Investitonskostenzuschuss","1080",2e+05,1,2024
"Kultur und Wissenschaft","Kultur","Publikationsförderung","1010",2000,1,2024
"Kultur und Wissenschaft","Kultur","Publikationsförderung","1080",12000,1,2024
"Kultur und Wissenschaft","Kultur","Publikationsförderung","1090",8000,1,2024
"Kultur und Wissenschaft","Kultur","Publikationsförderung","6020",6000,1,2024
"Kultur und Wissenschaft","Kultur","Einzel- und Gesamtförderung im Bereich Wissenschaft und Forschung","1090",3500,1,2024
"Kultur und Wissenschaft","Kultur","Einzel- und Gesamtförderung im Bereich Wissenschaft und Forschung","1040",10000,1,2024
"Kultur und Wissenschaft","Kultur","Einzel- und Gesamtförderung im Bereich Musik","1020",40000,1,2024
"Kultur und Wissenschaft","Kultur","Bau- und Investitonskostenzuschuss","1010",50000,1,2024
"Kultur und Wissenschaft","Kultur","Einzel- und Gesamtförderung im Bereich Bildende Kunst und Medienkunst","1160",3000,1,2024
"Kultur und Wissenschaft","Kultur","Einzel- und Gesamtförderung im Bereich Darstellende Kunst","1080",11100000,1,2024
"Kultur und Wissenschaft","Kultur","Publikationsförderung","1120",3000,1,2024
"Kultur und Wissenschaft","Kultur","Publikationsförderung","1090",3000,1,2024
"Kultur und Wissenschaft","Kultur","Wiener Altstadterhaltungsfonds","1010",265649.53,1,2024
"Kultur und Wissenschaft","Kultur","Einzel- und Gesamtförderung im Bereich Wissenschaft und Forschung","1080",10000,1,2024
"Kultur und Wissenschaft","Kultur","Einzel- und Gesamtförderung im Bereich Bildende Kunst und Medienkunst","1190",1000,1,2024
"Kultur und Wissenschaft","Kultur","Einzel- und Gesamtförderung im Bereich Kulturinitiativen","1180",3000,1,2024
"Kultur und Wissenschaft","Kultur","Bau- und Investitonskostenzuschuss","1160",17000,1,2024
"Kultur und Wissenschaft","Kultur","Einzel- und Gesamtförderung im Bereich Bildende Kunst und Medienkunst","1070",3250,1,2024
"Kultur und Wissenschaft","Kultur","Einzel- und Gesamtförderung im Bereich Wissenschaft und Forschung","1090",4000,1,2024
"Kultur und Wissenschaft","Kultur","Einzel- und Gesamtförderung im Bereich Bildende Kunst und Medienkunst","1050",2000,1,2024
"Kultur und Wissenschaft","Kultur","Einzel- und Gesamtförderung im Bereich Wissenschaft und Forschung","1020",10000,1,2024
"Kultur und Wissenschaft","Kultur","Publikationsförderung","8020",10000,1,2024
"Kultur und Wissenschaft","Kultur","Publikationsförderung","5023",7000,1,2024
"Kultur und Wissenschaft","Kultur","Publikationsförderung","1080",20000,1,2024
"Kultur und Wissenschaft","Kultur","Wissenschaftsstipendium","1120",4500,1,2024
"Kultur und Wissenschaft","Kultur","Publikationsförderung","1100",2000,1,2024
"Kultur und Wissenschaft","Kultur","Publikationsförderung","1080",11700,1,2024
"Kultur und Wissenschaft","Kultur","Wissenschaftsstipendium","1030",10000,1,2024
"Kultur und Wissenschaft","Kultur","Einzel- und Gesamtförderung im Bereich Wissenschaft und Forschung","1200",8500,1,2024
"Kultur und Wissenschaft","Kultur","Einzel- und Gesamtförderung im Bereich Darstellende Kunst","1070",125000,1,2024
"Kultur und Wissenschaft","Kultur","Einzel- und Gesamtförderung im Bereich Wissenschaft und Forschung","1050",4000,1,2024
"Kultur und Wissenschaft","Kultur","Publikationsförderung","1120",10000,1,2024
"Kultur und Wissenschaft","Kultur","Publikationsförderung","1010",15000,1,2024
"Kultur und Wissenschaft","Kultur","Einzel- und Gesamtförderung im Bereich Wissenschaft und Forschung","1070",15000,1,2024
"Kultur und Wissenschaft","Kultur","Publikationsförderung","1080",1000,1,2024
"Kultur und Wissenschaft","Kultur","Einzel- und Gesamtförderung im Bereich Bildende Kunst und Medienkunst","1020",1000,1,2024
"Kultur und Wissenschaft","Kultur","Einzel- und Gesamtförderung im Bereich Wissenschaft und Forschung","1180",4000,1,2024
"Kultur und Wissenschaft","Kultur","Publikationsförderung","1200",5000,1,2024
"Kultur und Wissenschaft","Kultur","Einzel- und Gesamtförderung im Bereich Bildende Kunst und Medienkunst","1160",3000,1,2024
"Kultur und Wissenschaft","Kultur","Publikationsförderung","1150",1000,1,2024
"Kultur und Wissenschaft","Kultur","Publikationsförderung","1090",4000,1,2024
"Kultur und Wissenschaft","Kultur","Publikationsförderung","9020",2000,1,2024
"Kultur und Wissenschaft","Kultur","Einzel- und Gesamtförderung im Bereich Bildende Kunst und Medienkunst","1050",1000,1,2024
"Kultur und Wissenschaft","Kultur","Einzel- und Gesamtförderung im Bereich Wissenschaft und Forschung","1090",790000,1,2024
"Kultur und Wissenschaft","Kultur","Einzel- und Gesamtförderung im Bereich Bildende Kunst und Medienkunst","1020",2800,1,2024
"Kultur und Wissenschaft","Kultur","Einzel- und Gesamtförderung im Bereich Wissenschaft und Forschung","1040",10000,1,2024
"Kultur und Wissenschaft","Kultur","Publikationsförderung","1040",6000,1,2024
"Kultur und Wissenschaft","Kultur","Publikationsförderung","1010",17000,1,2024
"Kultur und Wissenschaft","Kultur","Wissenschaftsstipendium","1020",5000,1,2024
"Kultur und Wissenschaft","Kultur","Publikationsförderung","5020",5000,1,2024
"Kultur und Wissenschaft","Kultur","Publikationsförderung","1010",9000,1,2024
"Kultur und Wissenschaft","Kultur","Einzel- und Gesamtförderung im Bereich Kulturinitiativen","1030",3000,1,2024
"Kultur und Wissenschaft","Kultur","Einzel- und Gesamtförderung im Bereich Wissenschaft und Forschung","1080",4000,1,2024
"Kultur und Wissenschaft","Kultur","Publikationsförderung","6020",3000,1,2024
"Kultur und Wissenschaft","Kultur","Einzel- und Gesamtförderung im Bereich Bildende Kunst und Medienkunst","1150",3500,1,2024
"Kultur und Wissenschaft","Kultur","Publikationsförderung","1050",6000,1,2024
"Kultur und Wissenschaft","Kultur","Einzel- und Gesamtförderung im Bereich Wissenschaft und Forschung","1020",3000,1,2024
"Kultur und Wissenschaft","Kultur","Einzel- und Gesamtförderung im Bereich Darstellende Kunst","1230",3e+05,1,2024
"Kultur und Wissenschaft","Kultur","Publikationsförderung","1020",2000,1,2024
"Kultur und Wissenschaft","Kultur","Einzel- und Gesamtförderung im Bereich Bildende Kunst und Medienkunst","1060",5000,1,2024
"Kultur und Wissenschaft","Kultur","Einzel- und Gesamtförderung im Bereich Bildende Kunst und Medienkunst","1060",3000,1,2024
"Kultur und Wissenschaft","Kultur","Einzel- und Gesamtförderung im Bereich Wissenschaft und Forschung","1120",8000,1,2024
"Kultur und Wissenschaft","Kultur","Einzel- und Gesamtförderung im Bereich Wissenschaft und Forschung","1010",23000,1,2024
"Kultur und Wissenschaft","Kultur","Publikationsförderung","1090",2000,1,2024
"Kultur und Wissenschaft","Kultur","Einzel- und Gesamtförderung im Bereich Literatur","1210",2000,1,2024
"Kultur und Wissenschaft","Kultur","Einzel- und Gesamtförderung im Bereich Wissenschaft und Forschung","1010",40000,1,2024
"Kultur und Wissenschaft","Kultur","Einzel- und Gesamtförderung im Bereich Wissenschaft und Forschung","1050",12000,1,2024
"Kultur und Wissenschaft","Kultur","Einzel- und Gesamtförderung im Bereich Wissenschaft und Forschung","1210",12000,1,2024
"Kultur und Wissenschaft","Kultur","Einzel- und Gesamtförderung im Bereich Wissenschaft und Forschung","1020",4000,1,2024
"Kultur und Wissenschaft","Kultur","Publikationsförderung","9020",2000,1,2024
"Kultur und Wissenschaft","Kultur","Publikationsförderung","1190",2000,1,2024
"Kultur und Wissenschaft","Kultur","Publikationsförderung","1040",16000,1,2024
"Kultur und Wissenschaft","Kultur","Einzel- und Gesamtförderung im Bereich Bildende Kunst und Medienkunst","1220",3000,1,2024
"Kultur und Wissenschaft","Kultur","Einzel- und Gesamtförderung im Bereich Bildende Kunst und Medienkunst","1020",1000,1,2024
"Kultur und Wissenschaft","Kultur","Einzel- und Gesamtförderung im Bereich Wissenschaft und Forschung","1020",20000,1,2024
"Kultur und Wissenschaft","Kultur","Publikationsförderung","1020",2000,1,2024
"Kultur und Wissenschaft","Kultur","Einzel- und Gesamtförderung im Bereich Kulturinitiativen","1150",3000,1,2024
"Kultur und Wissenschaft","Kultur","Einzel- und Gesamtförderung im Bereich Bildende Kunst und Medienkunst","1050",4000,1,2024
"Kultur und Wissenschaft","Kultur","Einzel- und Gesamtförderung im Bereich Bildende Kunst und Medienkunst","1030",6000,1,2024
"Kultur und Wissenschaft","Kultur","Einzel- und Gesamtförderung im Bereich Bildende Kunst und Medienkunst","1030",12000,1,2024
"Kultur und Wissenschaft","Kultur","Einzel- und Gesamtförderung im Bereich Bildende Kunst und Medienkunst","1220",10000,1,2024
"Kultur und Wissenschaft","Kultur","Einzel- und Gesamtförderung im Bereich Wissenschaft und Forschung","1120",15000,1,2024
"Kultur und Wissenschaft","Kultur","Einzel- und Gesamtförderung im Bereich Bildende Kunst und Medienkunst","1050",10000,1,2024
"Kultur und Wissenschaft","Kultur","Einzel- und Gesamtförderung im Bereich Bildende Kunst und Medienkunst","1090",3000,1,2024
"Kultur und Wissenschaft","Kultur","Einzel- und Gesamtförderung im Bereich Bildende Kunst und Medienkunst","1050",1000,1,2024
"Kultur und Wissenschaft","Kultur","Wiener Altstadterhaltungsfonds","1220",120261.79,1,2024
"Kultur und Wissenschaft","Kultur","Einzel- und Gesamtförderung im Bereich Wissenschaft und Forschung","1010",4500,1,2024
"Kultur und Wissenschaft","Kultur","Publikationsförderung","1140",4000,1,2024
"Kultur und Wissenschaft","Kultur","Einzel- und Gesamtförderung im Bereich Kulturinitiativen","1010",2000,1,2024
"Kultur und Wissenschaft","Kultur","Projektstipendium Literatur","1220",1000,1,2024
"Kultur und Wissenschaft","Kultur","Einzel- und Gesamtförderung im Bereich Kulturinitiativen","1210",2000,1,2024
"Kultur und Wissenschaft","Kultur","Einzel- und Gesamtförderung im Bereich Wissenschaft und Forschung","1040",35000,1,2024
"Kultur und Wissenschaft","Kultur","Publikationsförderung","1090",14000,1,2024
"Kultur und Wissenschaft","Kultur","Einzel- und Gesamtförderung im Bereich Wissenschaft und Forschung","1010",50000,1,2024
"Kultur und Wissenschaft","Kultur","Projektstipendium Literatur","1150",1000,1,2024
"Kultur und Wissenschaft","Kultur","Einzel- und Gesamtförderung im Bereich Kulturinitiativen","1120",3000,1,2024
"Kultur und Wissenschaft","Kultur","Einzel- und Gesamtförderung im Bereich Wissenschaft und Forschung","1160",3500,1,2024
"Kultur und Wissenschaft","Kultur","Einzel- und Gesamtförderung im Bereich Kulturinitiativen","1160",1900,1,2024
"Kultur und Wissenschaft","Kultur","Einzel- und Gesamtförderung im Bereich Wissenschaft und Forschung","1010",4000,1,2024
"Kultur und Wissenschaft","Kultur","Einzel- und Gesamtförderung im Bereich Darstellende Kunst","1070",6000,1,2024
"Kultur und Wissenschaft","Kultur","Einzel- und Gesamtförderung im Bereich Wissenschaft und Forschung","1180",7000,1,2024
"Kultur und Wissenschaft","Kultur","Einzel- und Gesamtförderung im Bereich Wissenschaft und Forschung","1010",3000,1,2024
"Kultur und Wissenschaft","Kultur","Projektstipendium Literatur","1080",1000,1,2024
"Kultur und Wissenschaft","Kultur","Projektstipendium Literatur","1140",1000,1,2024
"Kultur und Wissenschaft","Kultur","Einzel- und Gesamtförderung im Bereich Literatur","1080",5000,1,2024
"Kultur und Wissenschaft","Kultur","Projektstipendium Literatur","1050",1000,1,2024
"Kultur und Wissenschaft","Kultur","Wissenschaftsstipendium","1170",10000,1,2024
"Kultur und Wissenschaft","Kultur","Einzel- und Gesamtförderung im Bereich Kulturinitiativen","1010",8000,1,2024
"Kultur und Wissenschaft","Kultur","Einzel- und Gesamtförderung im Bereich Musik","1230",1e+05,1,2024
"Kultur und Wissenschaft","Kultur","Einzel- und Gesamtförderung im Bereich Wissenschaft und Forschung","8010",2500,1,2024
"Kultur und Wissenschaft","Kultur","Einzel- und Gesamtförderung im Bereich Kulturinitiativen","1210",1500,1,2024
"Kultur und Wissenschaft","Kultur","Einzel- und Gesamtförderung im Bereich Film, Mode und Design","1080",5000,1,2024
"Kultur und Wissenschaft","Kultur","Projektstipendium Literatur","1120",1000,1,2024
"Kultur und Wissenschaft","Kultur","Einzel- und Gesamtförderung im Bereich Kulturinitiativen","1190",3000,1,2024
"Kultur und Wissenschaft","Kultur","Projektstipendium Literatur","1150",1000,1,2024
"Kultur und Wissenschaft","Kultur","Einzel- und Gesamtförderung im Bereich Wissenschaft und Forschung","1040",1500,1,2024
"Kultur und Wissenschaft","Kultur","Projektstipendium Literatur","1090",1000,1,2024
"Kultur und Wissenschaft","Kultur","Einzel- und Gesamtförderung im Bereich Film, Mode und Design","1030",4000,1,2024
"Kultur und Wissenschaft","Kultur","Einzel- und Gesamtförderung im Bereich Kulturinitiativen","1100",2000,1,2024
"Kultur und Wissenschaft","Kultur","Einzel- und Gesamtförderung im Bereich Kulturinitiativen","1220",2500,1,2024
"Kultur und Wissenschaft","Kultur","Projektstipendium Literatur","1200",1000,1,2024
"Kultur und Wissenschaft","Kultur","Einzel- und Gesamtförderung im Bereich Film, Mode und Design","1150",8000,1,2024
"Kultur und Wissenschaft","Kultur","Bau- und Investitonskostenzuschuss","1040",3000,1,2024
"Kultur und Wissenschaft","Kultur","Publikationsförderung","1010",8000,1,2024
"Kultur und Wissenschaft","Kultur","Einzel- und Gesamtförderung im Bereich Film, Mode und Design","1070",4000,1,2024
"Kultur und Wissenschaft","Kultur","Arbeitsstipendium Bildende Kunst und Medienkunst","1170",18000,1,2024
"Kultur und Wissenschaft","Kultur","Arbeitsstipendium Darstellende Kunst - Theater","1040",18000,1,2024
"Kultur und Wissenschaft","Kultur","Einzel- und Gesamtförderung im Bereich Kulturinitiativen","1110",2000,1,2024
"Kultur und Wissenschaft","Kultur","Projektstipendium Literatur","1080",1000,1,2024
"Kultur und Wissenschaft","Kultur","Einzel- und Gesamtförderung im Bereich Wissenschaft und Forschung","1090",10000,1,2024
"Kultur und Wissenschaft","Kultur","Arbeitsstipendium Literatur","1200",18000,1,2024
"Kultur und Wissenschaft","Kultur","Einzel- und Gesamtförderung im Bereich Film, Mode und Design","1060",30000,1,2024
"Kultur und Wissenschaft","Kultur","Projektstipendium Literatur","1010",1000,1,2024
"Kultur und Wissenschaft","Kultur","Arbeitsstipendium Literatur","1020",18000,1,2024
"Kultur und Wissenschaft","Kultur","Einzel- und Gesamtförderung im Bereich Film, Mode und Design","1150",6000,1,2024
"Kultur und Wissenschaft","Kultur","Einzel- und Gesamtförderung im Bereich Wissenschaft und Forschung","1090",30000,1,2024
"Kultur und Wissenschaft","Kultur","Projektstipendium Literatur","1200",1000,1,2024
"Kultur und Wissenschaft","Kultur","Projektstipendium Literatur","1110",1000,1,2024
"Kultur und Wissenschaft","Kultur","Einzel- und Gesamtförderung im Bereich Kulturinitiativen","1030",3000,1,2024
"Kultur und Wissenschaft","Kultur","Einzel- und Gesamtförderung im Bereich Kulturinitiativen","1220",2000,1,2024
"Kultur und Wissenschaft","Kultur","Einzel- und Gesamtförderung im Bereich Literatur","1020",4000,1,2024
"Kultur und Wissenschaft","Kultur","Einzel- und Gesamtförderung im Bereich Film, Mode und Design","1080",4000,1,2024
"Kultur und Wissenschaft","Kultur","Einzel- und Gesamtförderung im Bereich Wissenschaft und Forschung","1090",2000,1,2024
"Kultur und Wissenschaft","Kultur","Einzel- und Gesamtförderung im Bereich Wissenschaft und Forschung","1010",7000,1,2024
"Kultur und Wissenschaft","Kultur","Projektstipendium Literatur","1100",1000,1,2024
"Kultur und Wissenschaft","Kultur","Wissenschaftsstipendium","1200",4000,1,2024
"Kultur und Wissenschaft","Kultur","Einzel- und Gesamtförderung im Bereich Film, Mode und Design","1140",4000,1,2024
"Kultur und Wissenschaft","Kultur","Arbeitsstipendium Dramatik","1050",18000,1,2024
"Kultur und Wissenschaft","Kultur","Einzel- und Gesamtförderung im Bereich Kulturinitiativen","1120",3000,1,2024
"Kultur und Wissenschaft","Kultur","Projektstipendium Literatur","1100",1000,1,2024
"Kultur und Wissenschaft","Kultur","Einzel- und Gesamtförderung im Bereich Wissenschaft und Forschung","1010",2500,1,2024
"Kultur und Wissenschaft","Kultur","Einzel- und Gesamtförderung im Bereich Wissenschaft und Forschung","1080",3000,1,2024
"Kultur und Wissenschaft","Kultur","Projektstipendium Literatur","1140",1000,1,2024
"Kultur und Wissenschaft","Kultur","Förderung von Institutionen im Bereich Darstellende Kunst","1160",15000,1,2024
"Kultur und Wissenschaft","Kultur","Einzel- und Gesamtförderung im Bereich Musik","1070",70000,1,2024
"Kultur und Wissenschaft","Kultur","Projektstipendium Literatur","1060",1000,1,2024
"Kultur und Wissenschaft","Kultur","Kunstankauf","1020",5000,1,2024
"Kultur und Wissenschaft","Kultur","Projektstipendium Literatur","1070",1000,1,2024
"Kultur und Wissenschaft","Kultur","Einzel- und Gesamtförderung im Bereich Film, Mode und Design","1150",5000,1,2024
"Kultur und Wissenschaft","Kultur","Einzel- und Gesamtförderung im Bereich Film, Mode und Design","1060",5000,1,2024
"Kultur und Wissenschaft","Kultur","Projektstipendium Literatur","1080",1000,1,2024
"Kultur und Wissenschaft","Kultur","Einzel- und Gesamtförderung im Bereich Film, Mode und Design","1090",10000,1,2024
"Kultur und Wissenschaft","Kultur","Projektstipendium Literatur","1180",1000,1,2024
"Kultur und Wissenschaft","Kultur","Einzel- und Gesamtförderung im Bereich Film, Mode und Design","1030",50000,1,2024
"Kultur und Wissenschaft","Kultur","Arbeitsstipendium Bildende Kunst und Medienkunst","1050",18000,1,2024
"Kultur und Wissenschaft","Kultur","Projektstipendium Literatur","1200",1000,1,2024
"Kultur und Wissenschaft","Kultur","Einzel- und Gesamtförderung im Bereich Film, Mode und Design","1150",3000,1,2024
"Kultur und Wissenschaft","Kultur","Projektstipendium Literatur","1120",1000,1,2024
"Kultur und Wissenschaft","Kultur","Arbeitsstipendium Film","1150",18000,1,2024
"Kultur und Wissenschaft","Kultur","Einzel- und Gesamtförderung im Bereich Film, Mode und Design","1160",5000,1,2024
"Kultur und Wissenschaft","Kultur","Einzel- und Gesamtförderung im Bereich Literatur","1210",2000,1,2024
"Kultur und Wissenschaft","Kultur","Projektstipendium Literatur","1160",1000,1,2024
"Kultur und Wissenschaft","Kultur","Einzel- und Gesamtförderung im Bereich Film, Mode und Design","1040",10000,1,2024
"Kultur und Wissenschaft","Kultur","Einzel- und Gesamtförderung im Bereich Film, Mode und Design","1090",5000,1,2024
"Kultur und Wissenschaft","Kultur","Einzel- und Gesamtförderung im Bereich Wissenschaft und Forschung","1020",2500,1,2024
"Kultur und Wissenschaft","Kultur","Projektstipendium Literatur","1170",1000,1,2024
"Kultur und Wissenschaft","Kultur","Projektstipendium Literatur","1140",1000,1,2024
"Kultur und Wissenschaft","Kultur","Kompositionsförderung","1030",5000,1,2024
"Kultur und Wissenschaft","Kultur","Projektstipendium Literatur","1070",1000,1,2024
"Kultur und Wissenschaft","Kultur","Einzel- und Gesamtförderung im Bereich Bildende Kunst und Medienkunst","1070",56000,1,2024
"Kultur und Wissenschaft","Kultur","Einzel- und Gesamtförderung im Bereich Film, Mode und Design","1130",2000,1,2024
"Kultur und Wissenschaft","Kultur","Projektstipendium Literatur","1030",1000,1,2024
"Kultur und Wissenschaft","Kultur","Einzel- und Gesamtförderung im Bereich Film, Mode und Design","1120",5000,1,2024
"Kultur und Wissenschaft","Kultur","Arbeitsstipendium Darstellende Kunst - Performance","1100",18000,1,2024
"Kultur und Wissenschaft","Kultur","Projektstipendium Literatur","1150",1000,1,2024
"Kultur und Wissenschaft","Kultur","Einzel- und Gesamtförderung im Bereich Film, Mode und Design","1150",5000,1,2024
"Kultur und Wissenschaft","Kultur","Projektstipendium Literatur","1150",1000,1,2024
"Kultur und Wissenschaft","Kultur","Einzel- und Gesamtförderung im Bereich Film, Mode und Design","1050",7000,1,2024
"Kultur und Wissenschaft","Kultur","Projektstipendium Literatur","1040",1000,1,2024
"Kultur und Wissenschaft","Kultur","Arbeitsstipendium Dramatik","1170",18000,1,2024
"Kultur und Wissenschaft","Kultur","Projektstipendium Literatur","1200",1000,1,2024
"Kultur und Wissenschaft","Kultur","Einzel- und Gesamtförderung im Bereich Film, Mode und Design","1200",2000,1,2024
"Kultur und Wissenschaft","Kultur","Projektstipendium Literatur","1090",1000,1,2024
"Kultur und Wissenschaft","Kultur","Einzel- und Gesamtförderung im Bereich Film, Mode und Design","1090",4000,1,2024
"Kultur und Wissenschaft","Kultur","Projektstipendium Literatur","1020",1000,1,2024
"Kultur und Wissenschaft","Kultur","Projektstipendium Literatur","1070",1000,1,2024
"Kultur und Wissenschaft","Kultur","Einzel- und Gesamtförderung im Bereich Film, Mode und Design","1040",2000,1,2024
"Kultur und Wissenschaft","Kultur","Einzel- und Gesamtförderung im Bereich Film, Mode und Design","1160",3000,1,2024
"Kultur und Wissenschaft","Kultur","Einzel- und Gesamtförderung im Bereich Wissenschaft und Forschung","1020",2500,1,2024
"Kultur und Wissenschaft","Kultur","Projektstipendium Literatur","1040",1000,1,2024
"Kultur und Wissenschaft","Kultur","Projektstipendium Literatur","1150",1000,1,2024
"Kultur und Wissenschaft","Kultur","Einzel- und Gesamtförderung im Bereich Film, Mode und Design","1060",2000,1,2024
"Kultur und Wissenschaft","Kultur","Einzel- und Gesamtförderung im Bereich Film, Mode und Design","1150",7000,1,2024
"Kultur und Wissenschaft","Kultur","Einzel- und Gesamtförderung im Bereich Film, Mode und Design","1160",10000,1,2024
"Kultur und Wissenschaft","Kultur","Einzel- und Gesamtförderung im Bereich Film, Mode und Design","1170",500,1,2024
"Kultur und Wissenschaft","Kultur","Projektstipendium Literatur","1090",1000,1,2024
"Kultur und Wissenschaft","Kultur","Einzel- und Gesamtförderung im Bereich Film, Mode und Design","1130",5000,1,2024
"Kultur und Wissenschaft","Kultur","Einzel- und Gesamtförderung im Bereich Film, Mode und Design","1230",7000,1,2024
"Kultur und Wissenschaft","Kultur","Einzel- und Gesamtförderung im Bereich Film, Mode und Design","1140",15000,1,2024
"Kultur und Wissenschaft","Kultur","Einzel- und Gesamtförderung im Bereich Film, Mode und Design","1020",5000,1,2024
"Kultur und Wissenschaft","Kultur","Einzel- und Gesamtförderung im Bereich Film, Mode und Design","1090",5000,1,2024
"Kultur und Wissenschaft","Kultur","Einzel- und Gesamtförderung im Bereich Film, Mode und Design","1190",5000,1,2024
"Kultur und Wissenschaft","Kultur","Einzel- und Gesamtförderung im Bereich Film, Mode und Design","1170",1000,1,2024
"Kultur und Wissenschaft","Kultur","Einzel- und Gesamtförderung im Bereich Film, Mode und Design","1020",5000,1,2024
"Kultur und Wissenschaft","Kultur","Projektstipendium Literatur","1070",1000,1,2024
"Kultur und Wissenschaft","Kultur","Einzel- und Gesamtförderung im Bereich Film, Mode und Design","1060",5000,1,2024
"Kultur und Wissenschaft","Kultur","Einzel- und Gesamtförderung im Bereich Film, Mode und Design","1210",10000,1,2024
"Kultur und Wissenschaft","Kultur","Einzel- und Gesamtförderung im Bereich Film, Mode und Design","1200",20000,1,2024
"Kultur und Wissenschaft","Kultur","Einzel- und Gesamtförderung im Bereich Film, Mode und Design","1020",5000,1,2024
"Kultur und Wissenschaft","Kultur","Projektstipendium Literatur","1070",1000,1,2024
"Kultur und Wissenschaft","Kultur","Einzel- und Gesamtförderung im Bereich Film, Mode und Design","1090",5000,1,2024
"Kultur und Wissenschaft","Kultur","Einzel- und Gesamtförderung im Bereich Film, Mode und Design","1140",3000,1,2024
"Kultur und Wissenschaft","Kultur","Bau- und Investitonskostenzuschuss","1070",25000,1,2024
"Kultur und Wissenschaft","Kultur","Einzel- und Gesamtförderung im Bereich Film, Mode und Design","1160",1000,1,2024
"Kultur und Wissenschaft","Kultur","Projektstipendium Literatur","1040",1000,1,2024
"Kultur und Wissenschaft","Kultur","Einzel- und Gesamtförderung im Bereich Wissenschaft und Forschung","1060",3000,1,2024
"Kultur und Wissenschaft","Kultur","Einzel- und Gesamtförderung im Bereich Film, Mode und Design","1140",4000,1,2024
"Kultur und Wissenschaft","Kultur","Arbeitsstipendium Dramatik","1030",18000,1,2024
"Kultur und Wissenschaft","Kultur","Einzel- und Gesamtförderung im Bereich Kulturinitiativen","1040",3000,1,2024
"Kultur und Wissenschaft","Kultur","Einzel- und Gesamtförderung im Bereich Film, Mode und Design","1130",500,1,2024
"Kultur und Wissenschaft","Kultur","Einzel- und Gesamtförderung im Bereich Film, Mode und Design","1180",1000,1,2024
"Kultur und Wissenschaft","Kultur","Einzel- und Gesamtförderung im Bereich Film, Mode und Design","1050",2000,1,2024
"Kultur und Wissenschaft","Kultur","Projektstipendium Literatur","1200",1000,1,2024
"Kultur und Wissenschaft","Kultur","Einzel- und Gesamtförderung im Bereich Film, Mode und Design","1150",10000,1,2024
"Kultur und Wissenschaft","Kultur","Einzel- und Gesamtförderung im Bereich Film, Mode und Design","1140",8000,1,2024
"Kultur und Wissenschaft","Kultur","Bau- und Investitonskostenzuschuss","1170",1e+05,1,2024
"Kultur und Wissenschaft","Kultur","Projektstipendium Literatur","1040",1000,1,2024
"Kultur und Wissenschaft","Kultur","Projektstipendium Literatur","1140",1000,1,2024
"Kultur und Wissenschaft","Kultur","Einzel- und Gesamtförderung im Bereich Film, Mode und Design","1200",7000,1,2024
"Kultur und Wissenschaft","Kultur","Einzel- und Gesamtförderung im Bereich Film, Mode und Design","1070",5000,1,2024
"Kultur und Wissenschaft","Kultur","Einzel- und Gesamtförderung im Bereich Film, Mode und Design","1080",2000,1,2024
"Kultur und Wissenschaft","Kultur","Einzel- und Gesamtförderung im Bereich Film, Mode und Design","1030",20000,1,2024
"Kultur und Wissenschaft","Kultur","Einzel- und Gesamtförderung im Bereich Film, Mode und Design","1070",25000,1,2024
"Kultur und Wissenschaft","Kultur","Projektstipendium Literatur","1140",1000,1,2024
"Kultur und Wissenschaft","Kultur","Einzel- und Gesamtförderung im Bereich Film, Mode und Design","1130",2000,1,2024
"Kultur und Wissenschaft","Kultur","Einzel- und Gesamtförderung im Bereich Film, Mode und Design","1030",5000,1,2024
"Kultur und Wissenschaft","Kultur","Einzel- und Gesamtförderung im Bereich Film, Mode und Design","1220",5000,1,2024
"Kultur und Wissenschaft","Kultur","Einzel- und Gesamtförderung im Bereich Film, Mode und Design","1140",3000,1,2024
"Kultur und Wissenschaft","Kultur","Einzel- und Gesamtförderung im Bereich Film, Mode und Design","1050",10000,1,2024
"Kultur und Wissenschaft","Kultur","Einzel- und Gesamtförderung im Bereich Film, Mode und Design","1090",3000,1,2024
"Kultur und Wissenschaft","Kultur","Einzel- und Gesamtförderung im Bereich Film, Mode und Design","1170",7000,1,2024
"Kultur und Wissenschaft","Kultur","Einzel- und Gesamtförderung im Bereich Film, Mode und Design","1030",10000,1,2024
"Kultur und Wissenschaft","Kultur","Projektstipendium Literatur","1160",1000,1,2024
"Kultur und Wissenschaft","Kultur","Projektstipendium Literatur","1170",1000,1,2024
"Kultur und Wissenschaft","Kultur","Einzel- und Gesamtförderung im Bereich Film, Mode und Design","1020",5000,1,2024
"Kultur und Wissenschaft","Kultur","Einzel- und Gesamtförderung im Bereich Film, Mode und Design","1050",7000,1,2024
"Kultur und Wissenschaft","Kultur","Projektstipendium Literatur","1030",1000,1,2024
"Kultur und Wissenschaft","Kultur","Einzel- und Gesamtförderung im Bereich Film, Mode und Design","1020",8000,1,2024
"Kultur und Wissenschaft","Kultur","Einzel- und Gesamtförderung im Bereich Film, Mode und Design","1160",10000,1,2024
"Kultur und Wissenschaft","Kultur","Einzel- und Gesamtförderung im Bereich Film, Mode und Design","1070",2000,1,2024
"Kultur und Wissenschaft","Kultur","Einzel- und Gesamtförderung im Bereich Film, Mode und Design","1060",20000,1,2024
"Kultur und Wissenschaft","Kultur","Einzel- und Gesamtförderung im Bereich Film, Mode und Design","1080",1000,1,2024
"Kultur und Wissenschaft","Kultur","Wiener Altstadterhaltungsfonds","1010",183705.68,1,2024
"Kultur und Wissenschaft","Kultur","Einzel- und Gesamtförderung im Bereich Film, Mode und Design","1220",10000,1,2024
"Kultur und Wissenschaft","Kultur","Arbeitsstipendium Dramatik","1160",18000,1,2024
"Kultur und Wissenschaft","Kultur","Einzel- und Gesamtförderung im Bereich Film, Mode und Design","1050",5000,1,2024
"Kultur und Wissenschaft","Kultur","Wissenschaftsstipendium","1030",10000,1,2024
"Kultur und Wissenschaft","Kultur","Einzel- und Gesamtförderung im Bereich Wissenschaft und Forschung","1010",55000,1,2024
"Kultur und Wissenschaft","Kultur","Einzel- und Gesamtförderung im Bereich Literatur","1080",5000,1,2024
"Kultur und Wissenschaft","Kultur","Einzel- und Gesamtförderung im Bereich Film, Mode und Design","1170",3000,1,2024
"Kultur und Wissenschaft","Kultur","Einzel- und Gesamtförderung im Bereich Kulturinitiativen","1020",3000,1,2024
"Kultur und Wissenschaft","Kultur","Arbeitsstipendium Dramatik","1060",18000,1,2024
"Kultur und Wissenschaft","Kultur","Einzel- und Gesamtförderung im Bereich Film, Mode und Design","1070",2000,1,2024
"Kultur und Wissenschaft","Kultur","Arbeitsstipendium Bildende Kunst und Medienkunst","1160",18000,1,2024
"Kultur und Wissenschaft","Kultur","Arbeitsstipendium Film","1160",18000,1,2024
"Kultur und Wissenschaft","Kultur","Einzel- und Gesamtförderung im Bereich Kulturinitiativen","1120",2500,1,2024
"Kultur und Wissenschaft","Kultur","Bau- und Investitonskostenzuschuss","1070",7e+05,1,2024
"Kultur und Wissenschaft","Kultur","Wiener Altstadterhaltungsfonds","1010",10762.2,1,2024
"Kultur und Wissenschaft","Kultur","Arbeitsstipendium Film","1190",18000,1,2024
"Kultur und Wissenschaft","Kultur","Wiener Altstadterhaltungsfonds","1190",7003,1,2024
"Kultur und Wissenschaft","Kultur","Arbeitsstipendium Dramatik","1080",18000,1,2024
"Kultur und Wissenschaft","Kultur","Arbeitsstipendium Film","1140",18000,1,2024
"Kultur und Wissenschaft","Kultur","Arbeitsstipendium Komposition","1030",18000,1,2024
"Kultur und Wissenschaft","Kultur","Arbeitsstipendium Darstellende Kunst - Performance","1220",18000,1,2024
"Kultur und Wissenschaft","Kultur","Arbeitsstipendium Darstellende Kunst - Performance","1150",18000,1,2024
"Kultur und Wissenschaft","Kultur","Einzel- und Gesamtförderung im Bereich Kulturinitiativen","1030",1500,1,2024
"Kultur und Wissenschaft","Kultur","Arbeitsstipendium Dramatik","1170",18000,1,2024
"Kultur und Wissenschaft","Kultur","Arbeitsstipendium Darstellende Kunst - Theater","1150",18000,1,2024
"Kultur und Wissenschaft","Kultur","Arbeitsstipendium Bildende Kunst und Medienkunst","1220",18000,1,2024
"Kultur und Wissenschaft","Kultur","Arbeitsstipendium Literatur","1150",18000,1,2024
"Kultur und Wissenschaft","Kultur","Arbeitsstipendium Literatur","1130",18000,1,2024
"Kultur und Wissenschaft","Kultur","Arbeitsstipendium Darstellende Kunst - Theater","1080",18000,1,2024
"Kultur und Wissenschaft","Kultur","Arbeitsstipendium Darstellende Kunst - Performance","1030",18000,1,2024
"Kultur und Wissenschaft","Kultur","Einzel- und Gesamtförderung im Bereich Wissenschaft und Forschung","1040",2000,1,2024
"Kultur und Wissenschaft","Kultur","Einzel- und Gesamtförderung im Bereich Wissenschaft und Forschung","1120",4500,1,2024
"Kultur und Wissenschaft","Kultur","Arbeitsstipendium Bildende Kunst und Medienkunst","1200",18000,1,2024
"Kultur und Wissenschaft","Kultur","Arbeitsstipendium Bildende Kunst und Medienkunst","1080",18000,1,2024
"Kultur und Wissenschaft","Kultur","Arbeitsstipendium Darstellende Kunst - Theater","1020",18000,1,2024
"Kultur und Wissenschaft","Kultur","Arbeitsstipendium Literatur","1170",18000,1,2024
"Kultur und Wissenschaft","Kultur","Arbeitsstipendium Dramatik","1230",18000,1,2024
"Kultur und Wissenschaft","Kultur","Arbeitsstipendium Literatur","1040",18000,1,2024
"Kultur und Wissenschaft","Kultur","Arbeitsstipendium Film","1020",18000,1,2024
"Kultur und Wissenschaft","Kultur","Arbeitsstipendium Literatur","1180",18000,1,2024
"Kultur und Wissenschaft","Kultur","Arbeitsstipendium Komposition","1150",18000,1,2024
"Kultur und Wissenschaft","Kultur","Arbeitsstipendium Film","1090",18000,1,2024
"Kultur und Wissenschaft","Kultur","Arbeitsstipendium Darstellende Kunst - Theater","1030",18000,1,2024
"Kultur und Wissenschaft","Kultur","Arbeitsstipendium Darstellende Kunst - Theater","1170",18000,1,2024
"Kultur und Wissenschaft","Kultur","Arbeitsstipendium Film","1050",18000,1,2024
"Kultur und Wissenschaft","Kultur","Arbeitsstipendium Komposition","1020",18000,1,2024
"Kultur und Wissenschaft","Kultur","Arbeitsstipendium Dramatik","1020",18000,1,2024
"Kultur und Wissenschaft","Kultur","Arbeitsstipendium Literatur","1150",18000,1,2024
"Kultur und Wissenschaft","Kultur","Arbeitsstipendium Darstellende Kunst - Performance","1160",18000,1,2024
"Kultur und Wissenschaft","Kultur","Einzel- und Gesamtförderung im Bereich Wissenschaft und Forschung","1180",2500,1,2024
"Kultur und Wissenschaft","Kultur","Arbeitsstipendium Bildende Kunst und Medienkunst","1030",18000,1,2024
"Kultur und Wissenschaft","Kultur","Bau- und Investitonskostenzuschuss","1030",35000,1,2024
"Kultur und Wissenschaft","Kultur","Arbeitsstipendium Bildende Kunst und Medienkunst","1070",18000,1,2024
"Kultur und Wissenschaft","Kultur","Arbeitsstipendium Komposition","1070",18000,1,2024
"Kultur und Wissenschaft","Kultur","Arbeitsstipendium Darstellende Kunst - Performance","1040",18000,1,2024
"Kultur und Wissenschaft","Kultur","Arbeitsstipendium Bildende Kunst und Medienkunst","1020",18000,1,2024
"Kultur und Wissenschaft","Kultur","Arbeitsstipendium Film","1020",18000,1,2024
"Kultur und Wissenschaft","Kultur","Arbeitsstipendium Komposition","1170",18000,1,2024
"Kultur und Wissenschaft","Kultur","Arbeitsstipendium Darstellende Kunst - Theater","1070",18000,1,2024
"Kultur und Wissenschaft","Kultur","Bau- und Investitonskostenzuschuss","1070",30000,1,2024
"Kultur und Wissenschaft","Kultur","Arbeitsstipendium Film","1060",18000,1,2024
"Kultur und Wissenschaft","Kultur","Arbeitsstipendium Dramatik","1020",18000,1,2024
"Kultur und Wissenschaft","Kultur","Arbeitsstipendium Komposition","1020",18000,1,2024
"Kultur und Wissenschaft","Kultur","Arbeitsstipendium Darstellende Kunst - Theater","1080",18000,1,2024
"Kultur und Wissenschaft","Kultur","Arbeitsstipendium Bildende Kunst und Medienkunst","1030",18000,1,2024
"Kultur und Wissenschaft","Kultur","Arbeitsstipendium Darstellende Kunst - Theater","1150",18000,1,2024
"Kultur und Wissenschaft","Kultur","Einzel- und Gesamtförderung im Bereich Wissenschaft und Forschung","1060",2500,1,2024
"Kultur und Wissenschaft","Kultur","Arbeitsstipendium Film","1080",18000,1,2024
"Kultur und Wissenschaft","Kultur","Arbeitsstipendium Dramatik","1020",18000,1,2024
"Kultur und Wissenschaft","Kultur","Arbeitsstipendium Komposition","1160",18000,1,2024
"Kultur und Wissenschaft","Kultur","Arbeitsstipendium Dramatik","1160",18000,1,2024
"Kultur und Wissenschaft","Kultur","Arbeitsstipendium Literatur","1170",18000,1,2024
"Kultur und Wissenschaft","Kultur","Arbeitsstipendium Darstellende Kunst - Performance","1060",18000,1,2024
"Kultur und Wissenschaft","Kultur","Arbeitsstipendium Darstellende Kunst - Performance","1120",18000,1,2024
"Kultur und Wissenschaft","Kultur","Arbeitsstipendium Komposition","1040",18000,1,2024
"Kultur und Wissenschaft","Kultur","Arbeitsstipendium Darstellende Kunst - Theater","1020",18000,1,2024
"Kultur und Wissenschaft","Kultur","Arbeitsstipendium Darstellende Kunst - Performance","1150",18000,1,2024
"Kultur und Wissenschaft","Kultur","Arbeitsstipendium Komposition","1190",18000,1,2024
"Kultur und Wissenschaft","Kultur","Arbeitsstipendium Literatur","1220",18000,1,2024
"Kultur und Wissenschaft","Kultur","Arbeitsstipendium Bildende Kunst und Medienkunst","1030",18000,1,2024
"Kultur und Wissenschaft","Kultur","Arbeitsstipendium Darstellende Kunst - Performance","1170",18000,1,2024
"Kultur und Wissenschaft","Kultur","Arbeitsstipendium Film","1100",18000,1,2024
"Kultur und Wissenschaft","Kultur","Arbeitsstipendium Komposition","1090",18000,1,2024
"Kultur und Wissenschaft","Kultur","Arbeitsstipendium Film","1150",18000,1,2024
"Kultur und Wissenschaft","Kultur","Arbeitsstipendium Darstellende Kunst - Performance","1050",18000,1,2024
"Kultur und Wissenschaft","Kultur","Arbeitsstipendium Literatur","1140",18000,1,2024
"Kultur und Wissenschaft","Kultur","Arbeitsstipendium Bildende Kunst und Medienkunst","1020",18000,1,2024
"Kultur und Wissenschaft","Kultur","Arbeitsstipendium Darstellende Kunst - Theater","1230",18000,1,2024
"Kultur und Wissenschaft","Kultur","Einzel- und Gesamtförderung im Bereich Film, Mode und Design","1070",5000,1,2024
"Kultur und Wissenschaft","Kultur","Arbeitsstipendium Literatur","1060",18000,1,2024
"Kultur und Wissenschaft","Kultur","Arbeitsstipendium Komposition","1150",18000,1,2024
"Kultur und Wissenschaft","Kultur","Arbeitsstipendium Komposition","1090",18000,1,2024
"Kultur und Wissenschaft","Kultur","Arbeitsstipendium Darstellende Kunst - Performance","1190",18000,1,2024
"Kultur und Wissenschaft","Kultur","Buchprämie - Aktion ""Wiener AutorInnen in Wiener Verlagen""","1080",2500,1,2024
"Kultur und Wissenschaft","Kultur","Arbeitsstipendium Darstellende Kunst - Theater","1120",18000,1,2024
"Kultur und Wissenschaft","Kultur","Einzel- und Gesamtförderung im Bereich Musik","1200",40000,1,2024
"Kultur und Wissenschaft","Kultur","Einzel- und Gesamtförderung im Bereich Bildende Kunst und Medienkunst","1010",2500,1,2024
"Kultur und Wissenschaft","Kultur","Einzel- und Gesamtförderung im Bereich Kulturinitiativen","1070",17500,1,2024
"Kultur und Wissenschaft","Kultur","Einzel- und Gesamtförderung im Bereich Kulturinitiativen","1070",68000,1,2024
"Kultur und Wissenschaft","Kultur","Einzel- und Gesamtförderung im Bereich Bildende Kunst und Medienkunst","1010",5000,1,2024
"Kultur und Wissenschaft","Kultur","Bau- und Investitonskostenzuschuss","1030",22000,1,2024
"Kultur und Wissenschaft","Kultur","Einzel- und Gesamtförderung im Bereich Kulturinitiativen","1110",450000,1,2024
"Kultur und Wissenschaft","Kultur","Einzel- und Gesamtförderung im Bereich Wissenschaft und Forschung","1040",22050,1,2024
"Kultur und Wissenschaft","Kultur","Einzel- und Gesamtförderung im Bereich Darstellende Kunst","1070",5700000,1,2024
"Kultur und Wissenschaft","Kultur","Buchprämie - Aktion ""Wiener AutorInnen in Wiener Verlagen""","1050",2500,1,2024
"Kultur und Wissenschaft","Kultur","Bau- und Investitonskostenzuschuss","1050",70000,1,2024
"Kultur und Wissenschaft","Kultur","Förderung von Institutionen im Bereich Darstellende Kunst","1070",12200000,1,2024
"Kultur und Wissenschaft","Kultur","Einzel- und Gesamtförderung im Bereich Kulturinitiativen","1040",170000,1,2024
"Kultur und Wissenschaft","Kultur","Einzel- und Gesamtförderung im Bereich Wissenschaft und Forschung","1120",3000,1,2024
"Kultur und Wissenschaft","Kultur","Einzel- und Gesamtförderung im Bereich Wissenschaft und Forschung","1180",3000,1,2024
"Kultur und Wissenschaft","Kultur","Bau- und Investitonskostenzuschuss","1070",28000,1,2024
"Kultur und Wissenschaft","Kultur","Einzel- und Gesamtförderung im Bereich Wissenschaft und Forschung","1030",3500,1,2024
"Kultur und Wissenschaft","Kultur","Einzel- und Gesamtförderung im Bereich Kulturinitiativen","1210",5000,1,2024
"Kultur und Wissenschaft","Kultur","Druckkostenzuschuss","1150",1900,1,2024
"Kultur und Wissenschaft","Kultur","Einzel- und Gesamtförderung im Bereich Wissenschaft und Forschung","1010",4500,1,2024
"Kultur und Wissenschaft","Kultur","Einzel- und Gesamtförderung im Bereich Filmfestival und Sommerkinos","1180",10000,1,2024
"Kultur und Wissenschaft","Kultur","Einzel- und Gesamtförderung im Bereich Wissenschaft und Forschung","1150",4500,1,2024
"Kultur und Wissenschaft","Kultur","Einzel- und Gesamtförderung im Bereich Wissenschaft und Forschung","1170",4000,1,2024
"Kultur und Wissenschaft","Kultur","Projektstipendium Literatur","1010",1000,1,2024
"Kultur und Wissenschaft","Kultur","Wissenschaftsstipendium","1150",30000,1,2024
"Kultur und Wissenschaft","Kultur","Projektstipendium Literatur","1200",1000,1,2024
"Kultur und Wissenschaft","Kultur","Einzel- und Gesamtförderung im Bereich Literatur","1070",40000,1,2024
"Kultur und Wissenschaft","Kultur","Einzel- und Gesamtförderung im Bereich Wissenschaft und Forschung","1220",2000,1,2024
"Kultur und Wissenschaft","Kultur","Einzel- und Gesamtförderung im Bereich Kulturinitiativen","1200",1000,1,2024
"Kultur und Wissenschaft","Kultur","Einzel- und Gesamtförderung im Bereich Kulturinitiativen","1090",500,1,2024
"Kultur und Wissenschaft","Kultur","Wiener Altstadterhaltungsfonds","1010",57980,1,2024
"Kultur und Wissenschaft","Kultur","Einzel- und Gesamtförderung im Bereich Bildende Kunst und Medienkunst","1010",2000,1,2024
"Kultur und Wissenschaft","Kultur","Einzel- und Gesamtförderung im Bereich Wissenschaft und Forschung","1010",220000,1,2024
"Kultur und Wissenschaft","Kultur","Einzel- und Gesamtförderung im Bereich Literatur","1010",7000,1,2024
"Kultur und Wissenschaft","Kultur","Einzel- und Gesamtförderung im Bereich Wissenschaft und Forschung","1040",3500,1,2024
"Kultur und Wissenschaft","Kultur","Einzel- und Gesamtförderung im Bereich Wissenschaft und Forschung","1050",70000,1,2024
"Kultur und Wissenschaft","Kultur","Einzel- und Gesamtförderung im Bereich Darstellende Kunst","1220",40000,1,2024
"Kultur und Wissenschaft","Kultur","Einzel- und Gesamtförderung im Bereich Literatur","1060",38000,1,2024
"Kultur und Wissenschaft","Kultur","Einzel- und Gesamtförderung im Bereich Kulturinitiativen","1220",1500,1,2024
"Kultur und Wissenschaft","Kultur","Einzel- und Gesamtförderung im Bereich Wissenschaft und Forschung","1090",1000,1,2024
"Kultur und Wissenschaft","Kultur","Einzel- und Gesamtförderung im Bereich Literatur","1010",5000,1,2024
"Kultur und Wissenschaft","Kultur","Einzel- und Gesamtförderung im Bereich Wissenschaft und Forschung","1070",5000,1,2024
"Kultur und Wissenschaft","Kultur","Einzel- und Gesamtförderung im Bereich Literatur","1170",3000,1,2024
"Kultur und Wissenschaft","Kultur","Einzel- und Gesamtförderung im Bereich Wissenschaft und Forschung","1010",22000,1,2024
"Kultur und Wissenschaft","Kultur","Buchprämie - Aktion ""Wiener AutorInnen in Wiener Verlagen""","1220",2500,1,2024
"Kultur und Wissenschaft","Kultur","Wissenschaftsstipendium","1140",5000,1,2024
"Kultur und Wissenschaft","Kultur","Einzel- und Gesamtförderung im Bereich Film, Mode und Design","1020",60000,1,2024
"Kultur und Wissenschaft","Kultur","Einzel- und Gesamtförderung im Bereich Kulturinitiativen","1150",2000,1,2024
"Kultur und Wissenschaft","Kultur","Förderung von Institutionen im Bereich Darstellende Kunst","1060",220000,1,2024
"Kultur und Wissenschaft","Kultur","Einzel- und Gesamtförderung im Bereich Wissenschaft und Forschung","1190",3500,1,2024
"Kultur und Wissenschaft","Kultur","Einzel- und Gesamtförderung im Bereich Wissenschaft und Forschung","1210",2000,1,2024
"Kultur und Wissenschaft","Kultur","Einzel- und Gesamtförderung im Bereich Wissenschaft und Forschung","1180",5000,1,2024
"Kultur und Wissenschaft","Kultur","Einzel- und Gesamtförderung im Bereich Wissenschaft und Forschung","1090",3000,1,2024
"Kultur und Wissenschaft","Kultur","Elias-Canetti-Stipendium","1030",18000,1,2024
"Kultur und Wissenschaft","Kultur","Einzel- und Gesamtförderung im Bereich Wissenschaft und Forschung","1120",3500,1,2024
"Kultur und Wissenschaft","Kultur","Einzel- und Gesamtförderung im Bereich Literatur","1020",4000,1,2024
"Kultur und Wissenschaft","Kultur","Einzel- und Gesamtförderung im Bereich Kulturinitiativen","1150",3000,1,2024
"Kultur und Wissenschaft","Kultur","Buchprämie - Aktion ""Wiener AutorInnen in Wiener Verlagen""","1120",2500,1,2024
"Kultur und Wissenschaft","Kultur","Einzel- und Gesamtförderung im Bereich Wissenschaft und Forschung","1160",3000,1,2024
"Kultur und Wissenschaft","Kultur","Bau- und Investitonskostenzuschuss","1050",180000,1,2024
"Kultur und Wissenschaft","Kultur","Einzel- und Gesamtförderung im Bereich Kulturinitiativen","1100",1400,1,2024
"Kultur und Wissenschaft","Kultur","Einzel- und Gesamtförderung im Bereich Literatur","1150",4000,1,2024
"Kultur und Wissenschaft","Kultur","Einzel- und Gesamtförderung im Bereich Wissenschaft und Forschung","1070",5000,1,2024
"Kultur und Wissenschaft","Kultur","Bau- und Investitonskostenzuschuss","1040",2e+06,1,2024
"Soziales, Gesundheit und Sport","Soziales, Sozial- und Gesundheitsrecht","Beschäftigungsprojekte Wörkerei & Back to the Future","1210",1330357.99,1,2024
"Soziales, Gesundheit und Sport","Soziales, Sozial- und Gesundheitsrecht","Beschäftigungsprojekte Wörkerei & Back to the Future","1140",894243.15,1,2024
"Soziales, Gesundheit und Sport","Soziales, Sozial- und Gesundheitsrecht","Beschäftigungsprojekte Wörkerei & Back to the Future","1160",938325.45,1,2024
"Soziales, Gesundheit und Sport","Soziales, Sozial- und Gesundheitsrecht","Beratungs- und Betreuungseinrichtung Woman Empowerment","1220",325304.18,1,2024
"Soziales, Gesundheit und Sport","Soziales, Sozial- und Gesundheitsrecht","Jugendcollege - Wien basic SÜD","8054",1654690.12,1,2024
"Soziales, Gesundheit und Sport","Soziales, Sozial- und Gesundheitsrecht","Jugendcollege - Wien basic OST","1210",1635891.25,1,2024
"Soziales, Gesundheit und Sport","Soziales, Sozial- und Gesundheitsrecht","Jugendcollege - Wien advanced SÜD","1070",1010585.92,1,2024
"Soziales, Gesundheit und Sport","Soziales, Sozial- und Gesundheitsrecht","Jugendcollege - Wien advanced OST","1030",1171390.3,1,2024
"Soziales, Gesundheit und Sport","Soziales, Sozial- und Gesundheitsrecht","College 25+","1090",1934541.07,1,2024
"Soziales, Gesundheit und Sport","Sport Wien","Nachwuchssportförderung ohne Fußball","#",795340,49,2024
"Soziales, Gesundheit und Sport","Sport Wien","Sportveranstaltungsförderung","1020",8000,1,2024
"Soziales, Gesundheit und Sport","Sport Wien","Nachwuchssportförderung Fußball","1020",244500,1,2024
"Soziales, Gesundheit und Sport","Sport Wien","Sonstige Sportförderung","1220",35000,1,2024
"Soziales, Gesundheit und Sport","Sport Wien","Sportveranstaltungsförderung","1230",15000,1,2024
"Soziales, Gesundheit und Sport","Sport Wien","Sportveranstaltungsförderung","2870",3000,1,2024
"Soziales, Gesundheit und Sport","Sport Wien","Sonstige Sportförderung","1220",20000,1,2024
"Soziales, Gesundheit und Sport","Sport Wien","Sonstige Sportförderung","1220",30000,1,2024
"Soziales, Gesundheit und Sport","Sport Wien","Sportförderungsbeitrag","1010",7310,1,2024
"Soziales, Gesundheit und Sport","Sport Wien","Sonstige Sportförderung","1060",4000,1,2024
"Soziales, Gesundheit und Sport","Sport Wien","Sonstige Sportförderung","1020",30000,1,2024
"Soziales, Gesundheit und Sport","Sport Wien","Sonstige Sportförderung","1030",40000,1,2024
"Soziales, Gesundheit und Sport","Sport Wien","Sonstige Sportförderung","1150",5000,1,2024
"Soziales, Gesundheit und Sport","Sport Wien","Sonstige Sportförderung","1210",7000,1,2024
"Soziales, Gesundheit und Sport","Sport Wien","Sonstige Sportförderung","1210",3000,1,2024
"Soziales, Gesundheit und Sport","Sport Wien","Sportveranstaltungsförderung","1230",6500,1,2024
"Soziales, Gesundheit und Sport","Sport Wien","Sonstige Sportförderung","1060",4000,1,2024
"Soziales, Gesundheit und Sport","Sport Wien","Sonstige Sportförderung","1050",60000,1,2024
"Soziales, Gesundheit und Sport","Sport Wien","Sportveranstaltungsförderung","1230",6600,1,2024
"Soziales, Gesundheit und Sport","Sport Wien","Sonstige Sportförderung","1210",3000,1,2024
"Soziales, Gesundheit und Sport","Sport Wien","Sonstige Sportförderung","1150",5000,1,2024
"Soziales, Gesundheit und Sport","Sport Wien","Sonstige Sportförderung","1140",18000,1,2024
"Soziales, Gesundheit und Sport","Sport Wien","Sonstige Sportförderung","1020",5000,1,2024
"Soziales, Gesundheit und Sport","Sport Wien","Sonstige Sportförderung","1020",15000,1,2024
"Soziales, Gesundheit und Sport","Sport Wien","Sonstige Sportförderung","1100",12000,1,2024
"Soziales, Gesundheit und Sport","Sport Wien","Sportveranstaltungsförderung","1020",4650,1,2024
"Soziales, Gesundheit und Sport","Sport Wien","Sonstige Sportförderung","1120",15000,1,2024
"Soziales, Gesundheit und Sport","Sport Wien","Sonstige Sportförderung","1010",25000,1,2024
"Soziales, Gesundheit und Sport","Sport Wien","Sonstige Sportförderung","1020",18000,1,2024
"Soziales, Gesundheit und Sport","Sport Wien","Sonstige Sportförderung","1200",6540,1,2024
"Soziales, Gesundheit und Sport","Sport Wien","Sportveranstaltungsförderung","1010",495000,1,2024
"Soziales, Gesundheit und Sport","Sport Wien","Sportförderungsbeitrag","1150",4500,1,2024
"Soziales, Gesundheit und Sport","Sport Wien","Fachverbandsförderung","1010",2180,1,2024
"Soziales, Gesundheit und Sport","Sport Wien","Sonstige Sportförderung","1230",6500,1,2024
"Soziales, Gesundheit und Sport","Sport Wien","Fachverbandsförderung","1110",4713,1,2024
"Soziales, Gesundheit und Sport","Sport Wien","Fachverbandsförderung","1150",2157,1,2024
"Soziales, Gesundheit und Sport","Sport Wien","Fachverbandsförderung","2351",1481,1,2024
"Soziales, Gesundheit und Sport","Sport Wien","Fachverbandsförderung","1190",3644,1,2024
"Soziales, Gesundheit und Sport","Sport Wien","Fachverbandsförderung","1020",1105,1,2024
"Soziales, Gesundheit und Sport","Sport Wien","Fachverbandsförderung","1170",598,1,2024
"Soziales, Gesundheit und Sport","Sport Wien","Fachverbandsförderung","1210",364,1,2024
"Soziales, Gesundheit und Sport","Sport Wien","Fachverbandsförderung","1220",1291,1,2024
"Soziales, Gesundheit und Sport","Sport Wien","Fachverbandsförderung","1010",3565,1,2024
"Soziales, Gesundheit und Sport","Sport Wien","Fachverbandsförderung","1180",1201,1,2024
"Soziales, Gesundheit und Sport","Sport Wien","Fachverbandsförderung","1100",2806,1,2024
"Soziales, Gesundheit und Sport","Sport Wien","Fachverbandsförderung","1170",3376,1,2024
"Soziales, Gesundheit und Sport","Sport Wien","Fachverbandsförderung","1190",1553,1,2024
"Soziales, Gesundheit und Sport","Sport Wien","Fachverbandsförderung","1040",497,1,2024
"Soziales, Gesundheit und Sport","Sport Wien","Fachverbandsförderung","1220",3925,1,2024
"Soziales, Gesundheit und Sport","Sport Wien","Fachverbandsförderung","1030",3291,1,2024
"Soziales, Gesundheit und Sport","Sport Wien","Fachverbandsförderung","1220",1467,1,2024
"Soziales, Gesundheit und Sport","Sport Wien","Fachverbandsförderung","1150",1726,1,2024
"Soziales, Gesundheit und Sport","Sport Wien","Fachverbandsförderung","1210",1432,1,2024
"Soziales, Gesundheit und Sport","Sport Wien","Fachverbandsförderung","1020",430,1,2024
"Soziales, Gesundheit und Sport","Sport Wien","Fachverbandsförderung","1210",1773,1,2024
"Soziales, Gesundheit und Sport","Sport Wien","Fachverbandsförderung","2102",631,1,2024
"Soziales, Gesundheit und Sport","Sport Wien","Fachverbandsförderung","1220",1807,1,2024
"Soziales, Gesundheit und Sport","Sport Wien","Fachverbandsförderung","2345",855,1,2024
"Soziales, Gesundheit und Sport","Sport Wien","Fachverbandsförderung","1020",2846,1,2024
"Soziales, Gesundheit und Sport","Sport Wien","Fachverbandsförderung","1010",2535,1,2024
"Soziales, Gesundheit und Sport","Sport Wien","Fachverbandsförderung","1160",18170,1,2024
"Soziales, Gesundheit und Sport","Sport Wien","Fachverbandsförderung","1110",2422,1,2024
"Soziales, Gesundheit und Sport","Sport Wien","Fachverbandsförderung","1220",1415,1,2024
"Soziales, Gesundheit und Sport","Sport Wien","Fachverbandsförderung","1100",1806,1,2024
"Soziales, Gesundheit und Sport","Sport Wien","Fachverbandsförderung","1020",3344,1,2024
"Soziales, Gesundheit und Sport","Sport Wien","Fachverbandsförderung","1120",2908,1,2024
"Soziales, Gesundheit und Sport","Sport Wien","Fachverbandsförderung","1220",2520,1,2024
"Soziales, Gesundheit und Sport","Sport Wien","Fachverbandsförderung","1200",2711,1,2024
"Soziales, Gesundheit und Sport","Sport Wien","Fachverbandsförderung","1200",1159,1,2024
"Soziales, Gesundheit und Sport","Sport Wien","Fachverbandsförderung","1210",389,1,2024
"Soziales, Gesundheit und Sport","Sport Wien","Fachverbandsförderung","1230",2067,1,2024
"Soziales, Gesundheit und Sport","Sport Wien","Fachverbandsförderung","1160",1424,1,2024
"Soziales, Gesundheit und Sport","Sport Wien","Fachverbandsförderung","1020",7633,1,2024
"Soziales, Gesundheit und Sport","Sport Wien","Fachverbandsförderung","1030",1320,1,2024
"Soziales, Gesundheit und Sport","Sport Wien","Fachverbandsförderung","1020",1526,1,2024
"Soziales, Gesundheit und Sport","Sport Wien","Fachverbandsförderung","1020",3416,1,2024
"Soziales, Gesundheit und Sport","Sport Wien","Fachverbandsförderung","1020",4297,1,2024
"Soziales, Gesundheit und Sport","Sport Wien","Fachverbandsförderung","1210",1468,1,2024
"Soziales, Gesundheit und Sport","Sport Wien","Fachverbandsförderung","1030",1484,1,2024
"Soziales, Gesundheit und Sport","Sport Wien","Fachverbandsförderung","2482",565,1,2024
"Soziales, Gesundheit und Sport","Sport Wien","Fachverbandsförderung","1230",1843,1,2024
"Soziales, Gesundheit und Sport","Sport Wien","Fachverbandsförderung","1030",1817,1,2024
"Soziales, Gesundheit und Sport","Sport Wien","Fachverbandsförderung","1020",1790,1,2024
"Soziales, Gesundheit und Sport","Sport Wien","Fachverbandsförderung","1130",2037,1,2024
"Soziales, Gesundheit und Sport","Sport Wien","Fachverbandsförderung","1010",2374,1,2024
"Soziales, Gesundheit und Sport","Sport Wien","Fachverbandsförderung","1210",2845,1,2024
"Soziales, Gesundheit und Sport","Sport Wien","Fachverbandsförderung","1020",1927,1,2024
"Soziales, Gesundheit und Sport","Sport Wien","Fachverbandsförderung","1020",594,1,2024
"Soziales, Gesundheit und Sport","Sport Wien","Fachverbandsförderung","1040",3212,1,2024
"Soziales, Gesundheit und Sport","Sport Wien","Fachverbandsförderung","1210",590,1,2024
"Soziales, Gesundheit und Sport","Sport Wien","Fachverbandsförderung","1220",499,1,2024
"Soziales, Gesundheit und Sport","Sport Wien","Fachverbandsförderung","1060",3170,1,2024
"Soziales, Gesundheit und Sport","Sport Wien","Fachverbandsförderung","1100",3621,1,2024
"Soziales, Gesundheit und Sport","Sport Wien","Fachverbandsförderung","2334",6958,1,2024
"Soziales, Gesundheit und Sport","Sport Wien","Fachverbandsförderung","1050",1113,1,2024
"Soziales, Gesundheit und Sport","Sport Wien","Fachverbandsförderung","1150",1810,1,2024
"Soziales, Gesundheit und Sport","Sport Wien","Fachverbandsförderung","1160",1620,1,2024
"Soziales, Gesundheit und Sport","Sport Wien","Fachverbandsförderung","1120",1320,1,2024
"Soziales, Gesundheit und Sport","Sport Wien","Fachverbandsförderung","1190",2544,1,2024
"Soziales, Gesundheit und Sport","Sport Wien","Fachverbandsförderung","1100",1221,1,2024
"Soziales, Gesundheit und Sport","Sport Wien","Sportförderungsbeitrag","1010",6207,1,2024
"Soziales, Gesundheit und Sport","Sport Wien","Sportförderungsbeitrag","1110",13420,1,2024
"Soziales, Gesundheit und Sport","Sport Wien","Sportförderungsbeitrag","1150",6142,1,2024
"Soziales, Gesundheit und Sport","Sport Wien","Sportförderungsbeitrag","2351",4217,1,2024
"Soziales, Gesundheit und Sport","Sport Wien","Sportförderungsbeitrag","1190",10376,1,2024
"Soziales, Gesundheit und Sport","Sport Wien","Sportförderungsbeitrag","1020",3146,1,2024
"Soziales, Gesundheit und Sport","Sport Wien","Sportförderungsbeitrag","1170",1703,1,2024
"Soziales, Gesundheit und Sport","Sport Wien","Sportförderungsbeitrag","1210",1036,1,2024
"Soziales, Gesundheit und Sport","Sport Wien","Sportförderungsbeitrag","1220",3676,1,2024
"Soziales, Gesundheit und Sport","Sport Wien","Sportförderungsbeitrag","1010",10151,1,2024
"Soziales, Gesundheit und Sport","Sport Wien","Sportförderungsbeitrag","1180",3420,1,2024
"Soziales, Gesundheit und Sport","Sport Wien","Sportförderungsbeitrag","1100",7990,1,2024
"Soziales, Gesundheit und Sport","Sport Wien","Sportförderungsbeitrag","1170",9613,1,2024
"Soziales, Gesundheit und Sport","Sport Wien","Sportförderungsbeitrag","1190",4422,1,2024
"Soziales, Gesundheit und Sport","Sport Wien","Sportförderungsbeitrag","1040",1415,1,2024
"Soziales, Gesundheit und Sport","Sport Wien","Sportförderungsbeitrag","1220",11176,1,2024
"Soziales, Gesundheit und Sport","Sport Wien","Sportförderungsbeitrag","1030",9371,1,2024
"Soziales, Gesundheit und Sport","Sport Wien","Sportförderungsbeitrag","1220",4177,1,2024
"Soziales, Gesundheit und Sport","Sport Wien","Sportförderungsbeitrag","1150",4915,1,2024
"Soziales, Gesundheit und Sport","Sport Wien","Sportförderungsbeitrag","1210",4078,1,2024
"Soziales, Gesundheit und Sport","Sport Wien","Sportförderungsbeitrag","1020",1224,1,2024
"Soziales, Gesundheit und Sport","Sport Wien","Sportförderungsbeitrag","1210",5048,1,2024
"Soziales, Gesundheit und Sport","Sport Wien","Sportförderungsbeitrag","2102",1797,1,2024
"Soziales, Gesundheit und Sport","Sport Wien","Sportförderungsbeitrag","1220",5145,1,2024
"Soziales, Gesundheit und Sport","Sport Wien","Sportförderungsbeitrag","2345",2435,1,2024
"Soziales, Gesundheit und Sport","Sport Wien","Sportförderungsbeitrag","1020",8104,1,2024
"Soziales, Gesundheit und Sport","Sport Wien","Sportförderungsbeitrag","1010",7218,1,2024
"Soziales, Gesundheit und Sport","Sport Wien","Sportförderungsbeitrag","1160",51738,1,2024
"Soziales, Gesundheit und Sport","Sport Wien","Sportförderungsbeitrag","1110",6897,1,2024
"Soziales, Gesundheit und Sport","Sport Wien","Sportförderungsbeitrag","1220",4029,1,2024
"Soziales, Gesundheit und Sport","Sport Wien","Sportförderungsbeitrag","1100",5143,1,2024
"Soziales, Gesundheit und Sport","Sport Wien","Sportförderungsbeitrag","1020",9522,1,2024
"Soziales, Gesundheit und Sport","Sport Wien","Sportförderungsbeitrag","1120",8280,1,2024
"Soziales, Gesundheit und Sport","Sport Wien","Sportförderungsbeitrag","1220",7176,1,2024
"Soziales, Gesundheit und Sport","Sport Wien","Sportförderungsbeitrag","1200",7719,1,2024
"Soziales, Gesundheit und Sport","Sport Wien","Sportförderungsbeitrag","1200",3300,1,2024
"Soziales, Gesundheit und Sport","Sport Wien","Sportförderungsbeitrag","1210",1108,1,2024
"Soziales, Gesundheit und Sport","Sport Wien","Sportförderungsbeitrag","1230",5886,1,2024
"Soziales, Gesundheit und Sport","Sport Wien","Sportförderungsbeitrag","1160",4055,1,2024
"Soziales, Gesundheit und Sport","Sport Wien","Sportförderungsbeitrag","1020",760000,1,2024
"Soziales, Gesundheit und Sport","Sport Wien","Sportförderungsbeitrag","1030",3759,1,2024
"Soziales, Gesundheit und Sport","Sport Wien","Sportförderungsbeitrag","1020",4345,1,2024
"Soziales, Gesundheit und Sport","Sport Wien","Sportförderungsbeitrag","1020",9727,1,2024
"Soziales, Gesundheit und Sport","Sport Wien","Sportförderungsbeitrag","1020",12236,1,2024
"Soziales, Gesundheit und Sport","Sport Wien","Sportförderungsbeitrag","1210",4180,1,2024
"Soziales, Gesundheit und Sport","Sport Wien","Sportförderungsbeitrag","1030",4226,1,2024
"Soziales, Gesundheit und Sport","Sport Wien","Sportförderungsbeitrag","2482",1609,1,2024
"Soziales, Gesundheit und Sport","Sport Wien","Sportförderungsbeitrag","1230",5248,1,2024
"Soziales, Gesundheit und Sport","Sport Wien","Sportförderungsbeitrag","1030",5174,1,2024
"Soziales, Gesundheit und Sport","Sport Wien","Sportförderungsbeitrag","1020",5097,1,2024
"Soziales, Gesundheit und Sport","Sport Wien","Sportförderungsbeitrag","1130",5800,1,2024
"Soziales, Gesundheit und Sport","Sport Wien","Sportförderungsbeitrag","1010",6760,1,2024
"Soziales, Gesundheit und Sport","Sport Wien","Sportförderungsbeitrag","1210",8101,1,2024
"Soziales, Gesundheit und Sport","Sport Wien","Sportförderungsbeitrag","1020",5487,1,2024
"Soziales, Gesundheit und Sport","Sport Wien","Sportförderungsbeitrag","1020",1691,1,2024
"Soziales, Gesundheit und Sport","Sport Wien","Sportförderungsbeitrag","1040",9146,1,2024
"Soziales, Gesundheit und Sport","Sport Wien","Sportförderungsbeitrag","1210",1680,1,2024
"Soziales, Gesundheit und Sport","Sport Wien","Sportförderungsbeitrag","1220",1421,1,2024
"Soziales, Gesundheit und Sport","Sport Wien","Sportförderungsbeitrag","1060",9026,1,2024
"Soziales, Gesundheit und Sport","Sport Wien","Sportförderungsbeitrag","1100",10311,1,2024
"Soziales, Gesundheit und Sport","Sport Wien","Sportförderungsbeitrag","2334",19813,1,2024
"Soziales, Gesundheit und Sport","Sport Wien","Sportförderungsbeitrag","1050",3169,1,2024
"Soziales, Gesundheit und Sport","Sport Wien","Sportförderungsbeitrag","1150",5154,1,2024
"Soziales, Gesundheit und Sport","Sport Wien","Sportförderungsbeitrag","1160",4613,1,2024
"Soziales, Gesundheit und Sport","Sport Wien","Sportförderungsbeitrag","1120",3759,1,2024
"Soziales, Gesundheit und Sport","Sport Wien","Sportförderungsbeitrag","1190",7244,1,2024
"Soziales, Gesundheit und Sport","Sport Wien","Sportförderungsbeitrag","1100",3477,1,2024
"Soziales, Gesundheit und Sport","Sport Wien","Sportstättenförderung","1030",2395.15,1,2024
"Soziales, Gesundheit und Sport","Sport Wien","Sonstige Sportförderung","1220",9000,1,2024
"Soziales, Gesundheit und Sport","Sport Wien","Sportveranstaltungsförderung","1020",2800,1,2024
"Soziales, Gesundheit und Sport","Sport Wien","Projektfonds ""Sport""","1060",106600,1,2024
"Soziales, Gesundheit und Sport","Sport Wien","Sportförderungsbeitrag","1060",250000,1,2024
"Soziales, Gesundheit und Sport","Sport Wien","Sonstige Sportförderung","1160",4500,1,2024
"Soziales, Gesundheit und Sport","Sport Wien","Sportveranstaltungsförderung","1120",90000,1,2024
"Soziales, Gesundheit und Sport","Sport Wien","Sportveranstaltungsförderung","1050",450000,1,2024
"Soziales, Gesundheit und Sport","Sport Wien","Sportstättenförderung","1020",18326000,1,2024
"Soziales, Gesundheit und Sport","Sport Wien","Sportförderungsbeitrag","1020",7000,1,2024
"Soziales, Gesundheit und Sport","Sport Wien","Sportveranstaltungsförderung","1210",7000,1,2024
"Soziales, Gesundheit und Sport","Sport Wien","Sonstige Sportförderung","1160",5000,1,2024
"Soziales, Gesundheit und Sport","Sport Wien","Sportveranstaltungsförderung","1180",6700,1,2024
"Soziales, Gesundheit und Sport","Sport Wien","Sportstättenförderung","1150",267146.93,1,2024
"Soziales, Gesundheit und Sport","Sport Wien","Sonstige Sportförderung","1130",10320,1,2024
"Soziales, Gesundheit und Sport","Sport Wien","Sonstige Sportförderung","1190",10000,1,2024
"Soziales, Gesundheit und Sport","Sport Wien","Sonstige Sportförderung","1090",40000,1,2024
"Soziales, Gesundheit und Sport","Sport Wien","Projektfonds ""Sport""","1010",106600,1,2024
"Soziales, Gesundheit und Sport","Sport Wien","Sonstige Sportförderung","1100",3700,1,2024
"Soziales, Gesundheit und Sport","Sport Wien","Sportveranstaltungsförderung","1190",24000,1,2024
"Soziales, Gesundheit und Sport","Sport Wien","Sonstige Sportförderung","1040",11000,1,2024
"Soziales, Gesundheit und Sport","Sport Wien","Sportveranstaltungsförderung","1210",15000,1,2024
"Soziales, Gesundheit und Sport","Sport Wien","Sportförderungsbeitrag","1030",250000,1,2024
"Soziales, Gesundheit und Sport","Sport Wien","Projektfonds ""Sport""","1020",60200,1,2024
"Soziales, Gesundheit und Sport","Sport Wien","Sportstättenförderung","1120",10000,1,2024
"Soziales, Gesundheit und Sport","Sport Wien","Sonstige Sportförderung","1100",11000,1,2024
"Soziales, Gesundheit und Sport","Sport Wien","Sonstige Sportförderung","1110",30000,1,2024
"Soziales, Gesundheit und Sport","Sport Wien","Projektfonds ""Sport""","1030",106600,1,2024
"Soziales, Gesundheit und Sport","Sport Wien","Sonstige Sportförderung","1210",20000,1,2024
"Soziales, Gesundheit und Sport","Sport Wien","Sportstättenförderung","1210",674503,1,2024
"Soziales, Gesundheit und Sport","Sport Wien","Sportveranstaltungsförderung","1160",7000,1,2024
"Soziales, Gesundheit und Sport","Sport Wien","Sonstige Sportförderung","1210",8000,1,2024
"Soziales, Gesundheit und Sport","Sport Wien","Sportförderungsbeitrag","1010",250000,1,2024
"Soziales, Gesundheit und Sport","Sport Wien","Sportveranstaltungsförderung","1010",17680,1,2024
"Soziales, Gesundheit und Sport","Sport Wien","Sonstige Sportförderung","1030",60000,1,2024
"Soziales, Gesundheit und Sport","Sport Wien","Sonstige Sportförderung","1220",10000,1,2024
"Soziales, Gesundheit und Sport","Sport Wien","Sonstige Sportförderung","1220",10000,1,2024
"Soziales, Gesundheit und Sport","Sport Wien","Sonstige Sportförderung","1230",19076.67,1,2024
"Soziales, Gesundheit und Sport","Sport Wien","Sonstige Sportförderung","1220",10000,1,2024
"Soziales, Gesundheit und Sport","Sport Wien","Sonstige Sportförderung","1140",21000,1,2024
"Soziales, Gesundheit und Sport","Sport Wien","Sonstige Sportförderung","1190",15000,1,2024
"Soziales, Gesundheit und Sport","Sport Wien","Sportveranstaltungsförderung","1170",6060,1,2024
"Soziales, Gesundheit und Sport","Sport Wien","Sonstige Sportförderung","1210",10000,1,2024
"Soziales, Gesundheit und Sport","Sport Wien","Sonstige Sportförderung","1210",15000,1,2024
"Wohnen, Wohnbau, Stadterneuerung und Frauen","Frauenservice Wien","Jahresförderungen von Frauenvereinen und gemeinnützigen Organisationen","1110",193082,1,2024
"Wohnen, Wohnbau, Stadterneuerung und Frauen","Frauenservice Wien","Jahresförderungen von Frauenvereinen und gemeinnützigen Organisationen","1150",191118,1,2024
"Wohnen, Wohnbau, Stadterneuerung und Frauen","Frauenservice Wien","Jahresförderungen von Frauenvereinen und gemeinnützigen Organisationen","1030",58795,1,2024
"Wohnen, Wohnbau, Stadterneuerung und Frauen","Frauenservice Wien","Förderung eines Rahmenbetrags für Kleinprojekte","1160",3000,1,2024
"Wohnen, Wohnbau, Stadterneuerung und Frauen","Frauenservice Wien","Jahresförderungen von Frauenvereinen und gemeinnützigen Organisationen","1070",44540,1,2024
"Wohnen, Wohnbau, Stadterneuerung und Frauen","Frauenservice Wien","Förderung eines Rahmenbetrags für Kleinprojekte","1010",5000,1,2024
"Wohnen, Wohnbau, Stadterneuerung und Frauen","Frauenservice Wien","Jahresförderungen von Frauenvereinen und gemeinnützigen Organisationen","1040",207900,1,2024
"Wohnen, Wohnbau, Stadterneuerung und Frauen","Frauenservice Wien","Jahresförderungen von Frauenvereinen und gemeinnützigen Organisationen","1070",173541,1,2024
"Wohnen, Wohnbau, Stadterneuerung und Frauen","Frauenservice Wien","Jahresförderungen von Frauenvereinen und gemeinnützigen Organisationen","1200",109712,1,2024
"Wohnen, Wohnbau, Stadterneuerung und Frauen","Frauenservice Wien","Jahresförderungen von Frauenvereinen und gemeinnützigen Organisationen","1040",116313,1,2024
"Wohnen, Wohnbau, Stadterneuerung und Frauen","Frauenservice Wien","Jahresförderungen von Frauenvereinen und gemeinnützigen Organisationen","1120",200530,1,2024
"Wohnen, Wohnbau, Stadterneuerung und Frauen","Frauenservice Wien","Jahresförderungen von Frauenvereinen und gemeinnützigen Organisationen","1120",117420,1,2024
"Wohnen, Wohnbau, Stadterneuerung und Frauen","Frauenservice Wien","Jahresförderungen von Frauenvereinen und gemeinnützigen Organisationen","1040",51011,1,2024
"Wohnen, Wohnbau, Stadterneuerung und Frauen","Frauenservice Wien","Jahresförderungen von Frauenvereinen und gemeinnützigen Organisationen","1050",287320,1,2024
"Wohnen, Wohnbau, Stadterneuerung und Frauen","Frauenservice Wien","Jahresförderungen von Frauenvereinen und gemeinnützigen Organisationen","1060",178700,1,2024
"Wohnen, Wohnbau, Stadterneuerung und Frauen","Frauenservice Wien","Jahresförderungen von Frauenvereinen und gemeinnützigen Organisationen","1160",207387,1,2024
"Wohnen, Wohnbau, Stadterneuerung und Frauen","Frauenservice Wien","Jahresförderungen von Frauenvereinen und gemeinnützigen Organisationen","1100",228591,1,2024
"Wohnen, Wohnbau, Stadterneuerung und Frauen","Frauenservice Wien","Förderung eines Rahmenbetrags für Kleinprojekte","1150",2000,1,2024
"Wohnen, Wohnbau, Stadterneuerung und Frauen","Frauenservice Wien","Jahresförderungen von Frauenvereinen und gemeinnützigen Organisationen","1110",327117,1,2024
"Wohnen, Wohnbau, Stadterneuerung und Frauen","Frauenservice Wien","Jahresförderungen von Frauenvereinen und gemeinnützigen Organisationen","1020",291713,1,2024
"Wohnen, Wohnbau, Stadterneuerung und Frauen","Frauenservice Wien","Jahresförderungen von Frauenvereinen und gemeinnützigen Organisationen","1190",266518,1,2024
"Wohnen, Wohnbau, Stadterneuerung und Frauen","Frauenservice Wien","Förderung eines Rahmenbetrags für Kleinprojekte","1220",2000,1,2024
"Wohnen, Wohnbau, Stadterneuerung und Frauen","Frauenservice Wien","Förderung eines Rahmenbetrags für Kleinprojekte","1070",5000,1,2024
"Wohnen, Wohnbau, Stadterneuerung und Frauen","Frauenservice Wien","Jahresförderungen von Frauenvereinen und gemeinnützigen Organisationen","1090",23500,1,2024
"Wohnen, Wohnbau, Stadterneuerung und Frauen","Frauenservice Wien","Förderung eines Rahmenbetrags für Kleinprojekte","1110",2000,1,2024
"Wohnen, Wohnbau, Stadterneuerung und Frauen","Frauenservice Wien","Jahresförderungen von Frauenvereinen und gemeinnützigen Organisationen","1050",45000,1,2024
"Wohnen, Wohnbau, Stadterneuerung und Frauen","Frauenservice Wien","Förderung eines Rahmenbetrags für Kleinprojekte","1070",5000,1,2024
"Wohnen, Wohnbau, Stadterneuerung und Frauen","Frauenservice Wien","Förderung eines Rahmenbetrags für Kleinprojekte","1150",4170,1,2024
"Wohnen, Wohnbau, Stadterneuerung und Frauen","Frauenservice Wien","Förderung eines Rahmenbetrags für Kleinprojekte","1040",4640,1,2024
"Wohnen, Wohnbau, Stadterneuerung und Frauen","Frauenservice Wien","Jahresförderungen von Frauenvereinen und gemeinnützigen Organisationen","1050",120000,1,2024
"Wohnen, Wohnbau, Stadterneuerung und Frauen","Frauenservice Wien","Förderung eines Rahmenbetrags für Kleinprojekte","1220",4350,1,2024
"Wohnen, Wohnbau, Stadterneuerung und Frauen","Frauenservice Wien","Förderung eines Rahmenbetrags für Kleinprojekte","1080",4400,1,2024
"Wohnen, Wohnbau, Stadterneuerung und Frauen","Frauenservice Wien","Förderung eines Rahmenbetrags für Kleinprojekte","1010",5000,1,2024
"Wohnen, Wohnbau, Stadterneuerung und Frauen","Frauenservice Wien","Förderung eines Rahmenbetrags für Kleinprojekte","1210",5000,1,2024
"Wohnen, Wohnbau, Stadterneuerung und Frauen","Frauenservice Wien","Jahresförderungen von Frauenvereinen und gemeinnützigen Organisationen","1210",71309,1,2024
"Wohnen, Wohnbau, Stadterneuerung und Frauen","Frauenservice Wien","Jahresförderungen von Frauenvereinen und gemeinnützigen Organisationen","1030",89750,1,2024
"Wohnen, Wohnbau, Stadterneuerung und Frauen","Frauenservice Wien","Förderung eines Rahmenbetrags für Kleinprojekte","1220",1000,1,2024
"Wohnen, Wohnbau, Stadterneuerung und Frauen","Frauenservice Wien","Förderung eines Rahmenbetrags für Kleinprojekte","1170",5000,1,2024
"Wohnen, Wohnbau, Stadterneuerung und Frauen","Frauenservice Wien","Förderung eines Rahmenbetrags für Kleinprojekte","1030",5000,1,2024
"Wohnen, Wohnbau, Stadterneuerung und Frauen","Frauenservice Wien","Förderung eines Rahmenbetrags für Kleinprojekte","1210",5000,1,2024
"Wohnen, Wohnbau, Stadterneuerung und Frauen","Frauenservice Wien","Jahresförderungen von Frauenvereinen und gemeinnützigen Organisationen","1160",65000,1,2024
"Wohnen, Wohnbau, Stadterneuerung und Frauen","Frauenservice Wien","Förderung eines Rahmenbetrags für Kleinprojekte","1150",2000,1,2024
"Wohnen, Wohnbau, Stadterneuerung und Frauen","Frauenservice Wien","Förderung eines Rahmenbetrags für Kleinprojekte","1090",3000,1,2024
"Wohnen, Wohnbau, Stadterneuerung und Frauen","Frauenservice Wien","Förderung eines Rahmenbetrags für Kleinprojekte","1220",1300,1,2024
"Wohnen, Wohnbau, Stadterneuerung und Frauen","Frauenservice Wien","Förderung eines Rahmenbetrags für Kleinprojekte","1020",4000,1,2024
"Wohnen, Wohnbau, Stadterneuerung und Frauen","Frauenservice Wien","Förderung eines Rahmenbetrags für Kleinprojekte","1080",2800,1,2024
"Wohnen, Wohnbau, Stadterneuerung und Frauen","Frauenservice Wien","Förderung eines Rahmenbetrags für Kleinprojekte","1150",5000,1,2024
"Wohnen, Wohnbau, Stadterneuerung und Frauen","Frauenservice Wien","Förderung eines Rahmenbetrags für Kleinprojekte","1130",4600,1,2024
"Wohnen, Wohnbau, Stadterneuerung und Frauen","Frauenservice Wien","Förderung eines Rahmenbetrags für Kleinprojekte","1210",5000,1,2024
"Wohnen, Wohnbau, Stadterneuerung und Frauen","Frauenservice Wien","Förderung des Vereins Wiener Frauenhäuser","1060",8214000,1,2024
"Wohnen, Wohnbau, Stadterneuerung und Frauen","Frauenservice Wien","Förderung eines Rahmenbetrags für Kleinprojekte","1030",1320,1,2024
"Wohnen, Wohnbau, Stadterneuerung und Frauen","Frauenservice Wien","Jahresförderungen von Frauenvereinen und gemeinnützigen Organisationen","1100",60000,1,2024
"Wohnen, Wohnbau, Stadterneuerung und Frauen","Frauenservice Wien","Jahresförderungen von Frauenvereinen und gemeinnützigen Organisationen","1170",108900,1,2024
"Wohnen, Wohnbau, Stadterneuerung und Frauen","Frauenservice Wien","Jahresförderungen von Frauenvereinen und gemeinnützigen Organisationen","1150",74500,1,2024
"Wohnen, Wohnbau, Stadterneuerung und Frauen","Frauenservice Wien","Förderung eines Rahmenbetrags für Kleinprojekte","1040",4300,1,2024
"Wohnen, Wohnbau, Stadterneuerung und Frauen","Frauenservice Wien","Förderung eines Rahmenbetrags für Kleinprojekte","1090",5000,1,2024
"Wohnen, Wohnbau, Stadterneuerung und Frauen","Frauenservice Wien","Förderung eines Rahmenbetrags für Kleinprojekte","1090",3950,1,2024
"Wohnen, Wohnbau, Stadterneuerung und Frauen","Frauenservice Wien","Förderung eines Rahmenbetrags für Kleinprojekte","1020",4020,1,2024
"Wohnen, Wohnbau, Stadterneuerung und Frauen","Frauenservice Wien","Förderung eines Rahmenbetrags für Kleinprojekte","1170",2460,1,2024
"Wohnen, Wohnbau, Stadterneuerung und Frauen","Frauenservice Wien","Förderung eines Rahmenbetrags für Kleinprojekte","1020",4950,1,2024
"Wohnen, Wohnbau, Stadterneuerung und Frauen","Frauenservice Wien","Förderung eines Rahmenbetrags für Kleinprojekte","1100",4500,1,2024
"Wohnen, Wohnbau, Stadterneuerung und Frauen","Frauenservice Wien","Förderung eines Rahmenbetrags für Kleinprojekte","1030",3098,1,2024
"Wohnen, Wohnbau, Stadterneuerung und Frauen","Frauenservice Wien","Förderung eines Rahmenbetrags für Kleinprojekte","1180",4400,1,2024
"Wohnen, Wohnbau, Stadterneuerung und Frauen","Frauenservice Wien","Förderung eines Rahmenbetrags für Kleinprojekte","1160",5000,1,2024
"Wohnen, Wohnbau, Stadterneuerung und Frauen","Frauenservice Wien","Förderung eines Rahmenbetrags für Kleinprojekte","1120",1700,1,2024
"Wohnen, Wohnbau, Stadterneuerung und Frauen","Frauenservice Wien","Jahresförderungen von Frauenvereinen und gemeinnützigen Organisationen","1110",177415,1,2024
"Wohnen, Wohnbau, Stadterneuerung und Frauen","Technische Stadterneuerung","WieNeu+ Grätzlmarie - Förderung für innovative Stadterneuerungsprojekte","1030",3000,1,2024
"Wohnen, Wohnbau, Stadterneuerung und Frauen","Technische Stadterneuerung","WieNeu+ Grätzlförderung - Förderung für innovative Stadterneuerungsprojekte","1090",7646.65,1,2024
"Wohnen, Wohnbau, Stadterneuerung und Frauen","Technische Stadterneuerung","WieNeu+ Grätzlförderung - Förderung für innovative Stadterneuerungsprojekte","1020",29750,1,2024
"Wohnen, Wohnbau, Stadterneuerung und Frauen","Technische Stadterneuerung","WieNeu+ Grätzlförderung - Förderung für innovative Stadterneuerungsprojekte","1200",11100,1,2024
"Wohnen, Wohnbau, Stadterneuerung und Frauen","Technische Stadterneuerung","WieNeu+ Grätzlförderung - Förderung für innovative Stadterneuerungsprojekte","1040",26805.81,1,2024
"Wohnen, Wohnbau, Stadterneuerung und Frauen","Technische Stadterneuerung","WieNeu+ Grätzlmarie - Förderung für innovative Stadterneuerungsprojekte","1200",1500,1,2024
"Wohnen, Wohnbau, Stadterneuerung und Frauen","Technische Stadterneuerung","WieNeu+ Grätzlmarie - Förderung für innovative Stadterneuerungsprojekte","1020",5680,1,2024
"Wohnen, Wohnbau, Stadterneuerung und Frauen","Technische Stadterneuerung","WieNeu+ Grätzlmarie - Förderung für innovative Stadterneuerungsprojekte","1020",4800,1,2024
"Wohnen, Wohnbau, Stadterneuerung und Frauen","Technische Stadterneuerung","WieNeu+ Grätzlmarie - Förderung für innovative Stadterneuerungsprojekte","1020",4330,1,2024
"Wohnen, Wohnbau, Stadterneuerung und Frauen","Technische Stadterneuerung","WieNeu+ Grätzlmarie - Förderung für innovative Stadterneuerungsprojekte","1200",2300,1,2024
"Wohnen, Wohnbau, Stadterneuerung und Frauen","Technische Stadterneuerung","WieNeu+ Grätzlmarie - Förderung für innovative Stadterneuerungsprojekte","1200",1000,1,2024
"Wohnen, Wohnbau, Stadterneuerung und Frauen","Technische Stadterneuerung","WieNeu+ Grätzlmarie - Förderung für innovative Stadterneuerungsprojekte","1200",500,1,2024
"Wohnen, Wohnbau, Stadterneuerung und Frauen","Technische Stadterneuerung","WieNeu+ Grätzlmarie - Förderung für innovative Stadterneuerungsprojekte","1020",7953.6,1,2024
"Wohnen, Wohnbau, Stadterneuerung und Frauen","Wohnbauförderung und Schlichtungsstelle für wohnrechtliche Angelegenheiten","Altersgerechte Adaptierung von Wohnungen","#",172709.12,51,2024
"Wohnen, Wohnbau, Stadterneuerung und Frauen","Wohnbauförderung und Schlichtungsstelle für wohnrechtliche Angelegenheiten","Montage eines Sonnenschutzes in Wohnungen","1210",716.8,1,2024
"Wohnen, Wohnbau, Stadterneuerung und Frauen","Wohnbauförderung und Schlichtungsstelle für wohnrechtliche Angelegenheiten","Montage eines Sonnenschutzes in Wohnungen","1190",1500,1,2024
"Wohnen, Wohnbau, Stadterneuerung und Frauen","Wohnbauförderung und Schlichtungsstelle für wohnrechtliche Angelegenheiten","Montage eines Sonnenschutzes in Wohnungen","1100",522,1,2024
"Wohnen, Wohnbau, Stadterneuerung und Frauen","Wohnbauförderung und Schlichtungsstelle für wohnrechtliche Angelegenheiten","Montage eines Sonnenschutzes in Wohnungen","1210",1500,1,2024
"Wohnen, Wohnbau, Stadterneuerung und Frauen","Wohnbauförderung und Schlichtungsstelle für wohnrechtliche Angelegenheiten","Montage eines Sonnenschutzes in Wohnungen","1060",1500,1,2024
"Wohnen, Wohnbau, Stadterneuerung und Frauen","Wohnbauförderung und Schlichtungsstelle für wohnrechtliche Angelegenheiten","Montage eines Sonnenschutzes in Wohnungen","1100",680,1,2024
"Wohnen, Wohnbau, Stadterneuerung und Frauen","Wohnbauförderung und Schlichtungsstelle für wohnrechtliche Angelegenheiten","Montage eines Sonnenschutzes in Wohnungen","1060",1500,1,2024
"Wohnen, Wohnbau, Stadterneuerung und Frauen","Wohnbauförderung und Schlichtungsstelle für wohnrechtliche Angelegenheiten","Montage eines Sonnenschutzes in Wohnungen","1020",1448.2,1,2024
"Wohnen, Wohnbau, Stadterneuerung und Frauen","Wohnbauförderung und Schlichtungsstelle für wohnrechtliche Angelegenheiten","Montage eines Sonnenschutzes in Wohnungen","1020",704,1,2024
"Wohnen, Wohnbau, Stadterneuerung und Frauen","Wohnbauförderung und Schlichtungsstelle für wohnrechtliche Angelegenheiten","Montage eines Sonnenschutzes in Wohnungen","1030",1240,1,2024
"Wohnen, Wohnbau, Stadterneuerung und Frauen","Wohnbauförderung und Schlichtungsstelle für wohnrechtliche Angelegenheiten","Montage eines Sonnenschutzes in Wohnungen","1160",633.5,1,2024
"Wohnen, Wohnbau, Stadterneuerung und Frauen","Wohnbauförderung und Schlichtungsstelle für wohnrechtliche Angelegenheiten","Montage eines Sonnenschutzes in Wohnungen","1060",1500,1,2024
"Wohnen, Wohnbau, Stadterneuerung und Frauen","Wohnbauförderung und Schlichtungsstelle für wohnrechtliche Angelegenheiten","Montage eines Sonnenschutzes in Wohnungen","1220",352,1,2024
"Wohnen, Wohnbau, Stadterneuerung und Frauen","Wohnbauförderung und Schlichtungsstelle für wohnrechtliche Angelegenheiten","Montage eines Sonnenschutzes in Wohnungen","1210",1500,1,2024
"Wohnen, Wohnbau, Stadterneuerung und Frauen","Wohnbauförderung und Schlichtungsstelle für wohnrechtliche Angelegenheiten","Montage eines Sonnenschutzes in Wohnungen","1210",895.5,1,2024
"Wohnen, Wohnbau, Stadterneuerung und Frauen","Wohnbauförderung und Schlichtungsstelle für wohnrechtliche Angelegenheiten","Montage eines Sonnenschutzes in Wohnungen","4761",1500,1,2024
"Wohnen, Wohnbau, Stadterneuerung und Frauen","Wohnbauförderung und Schlichtungsstelle für wohnrechtliche Angelegenheiten","Montage eines Sonnenschutzes in Wohnungen","1200",332.9,1,2024
"Wohnen, Wohnbau, Stadterneuerung und Frauen","Wohnbauförderung und Schlichtungsstelle für wohnrechtliche Angelegenheiten","Montage eines Sonnenschutzes in Wohnungen","1190",1500,1,2024
"Wohnen, Wohnbau, Stadterneuerung und Frauen","Wohnbauförderung und Schlichtungsstelle für wohnrechtliche Angelegenheiten","Montage eines Sonnenschutzes in Wohnungen","1050",1500,1,2024
"Wohnen, Wohnbau, Stadterneuerung und Frauen","Wohnbauförderung und Schlichtungsstelle für wohnrechtliche Angelegenheiten","Montage eines Sonnenschutzes in Wohnungen","1020",884.1,1,2024
"Wohnen, Wohnbau, Stadterneuerung und Frauen","Wohnbauförderung und Schlichtungsstelle für wohnrechtliche Angelegenheiten","Montage eines Sonnenschutzes in Wohnungen","1120",1500,1,2024
"Wohnen, Wohnbau, Stadterneuerung und Frauen","Wohnbauförderung und Schlichtungsstelle für wohnrechtliche Angelegenheiten","Montage eines Sonnenschutzes in Wohnungen","1120",1500,1,2024
"Wohnen, Wohnbau, Stadterneuerung und Frauen","Wohnbauförderung und Schlichtungsstelle für wohnrechtliche Angelegenheiten","Montage eines Sonnenschutzes in Wohnungen","1210",592.5,1,2024
"Wohnen, Wohnbau, Stadterneuerung und Frauen","Wohnbauförderung und Schlichtungsstelle für wohnrechtliche Angelegenheiten","Montage eines Sonnenschutzes in Wohnungen","1100",1183.4,1,2024
"Wohnen, Wohnbau, Stadterneuerung und Frauen","Wohnbauförderung und Schlichtungsstelle für wohnrechtliche Angelegenheiten","Montage eines Sonnenschutzes in Wohnungen","1030",1500,1,2024
"Wohnen, Wohnbau, Stadterneuerung und Frauen","Wohnbauförderung und Schlichtungsstelle für wohnrechtliche Angelegenheiten","Montage eines Sonnenschutzes in Wohnungen","1020",614.4,1,2024
"Wohnen, Wohnbau, Stadterneuerung und Frauen","Wohnbauförderung und Schlichtungsstelle für wohnrechtliche Angelegenheiten","Montage eines Sonnenschutzes in Wohnungen","1020",1208,1,2024
"Wohnen, Wohnbau, Stadterneuerung und Frauen","Wohnbauförderung und Schlichtungsstelle für wohnrechtliche Angelegenheiten","Montage eines Sonnenschutzes in Wohnungen","1120",726.3,1,2024
"Wohnen, Wohnbau, Stadterneuerung und Frauen","Wohnbauförderung und Schlichtungsstelle für wohnrechtliche Angelegenheiten","Montage eines Sonnenschutzes in Wohnungen","1020",869.7,1,2024
"Wohnen, Wohnbau, Stadterneuerung und Frauen","Wohnbauförderung und Schlichtungsstelle für wohnrechtliche Angelegenheiten","Montage eines Sonnenschutzes in Wohnungen","1110",435,1,2024
"Wohnen, Wohnbau, Stadterneuerung und Frauen","Wohnbauförderung und Schlichtungsstelle für wohnrechtliche Angelegenheiten","Montage eines Sonnenschutzes in Wohnungen","1230",1500,1,2024
"Wohnen, Wohnbau, Stadterneuerung und Frauen","Wohnbauförderung und Schlichtungsstelle für wohnrechtliche Angelegenheiten","Montage eines Sonnenschutzes in Wohnungen","1090",450,1,2024
"Wohnen, Wohnbau, Stadterneuerung und Frauen","Wohnbauförderung und Schlichtungsstelle für wohnrechtliche Angelegenheiten","Montage eines Sonnenschutzes in Wohnungen","1140",900,1,2024
"Wohnen, Wohnbau, Stadterneuerung und Frauen","Wohnbauförderung und Schlichtungsstelle für wohnrechtliche Angelegenheiten","Montage eines Sonnenschutzes in Wohnungen","1050",653.4,1,2024
"Wohnen, Wohnbau, Stadterneuerung und Frauen","Wohnbauförderung und Schlichtungsstelle für wohnrechtliche Angelegenheiten","Montage eines Sonnenschutzes in Wohnungen","1220",497.5,1,2024
"Wohnen, Wohnbau, Stadterneuerung und Frauen","Wohnbauförderung und Schlichtungsstelle für wohnrechtliche Angelegenheiten","Montage eines Sonnenschutzes in Wohnungen","1100",1500,1,2024
"Wohnen, Wohnbau, Stadterneuerung und Frauen","Wohnbauförderung und Schlichtungsstelle für wohnrechtliche Angelegenheiten","Montage eines Sonnenschutzes in Wohnungen","1100",1500,1,2024
"Wohnen, Wohnbau, Stadterneuerung und Frauen","Wohnbauförderung und Schlichtungsstelle für wohnrechtliche Angelegenheiten","Montage eines Sonnenschutzes in Wohnungen","1190",1118,1,2024
"Wohnen, Wohnbau, Stadterneuerung und Frauen","Wohnbauförderung und Schlichtungsstelle für wohnrechtliche Angelegenheiten","Montage eines Sonnenschutzes in Wohnungen","1030",738.3,1,2024
"Wohnen, Wohnbau, Stadterneuerung und Frauen","Wohnbauförderung und Schlichtungsstelle für wohnrechtliche Angelegenheiten","Montage eines Sonnenschutzes in Wohnungen","1100",480.2,1,2024
"Wohnen, Wohnbau, Stadterneuerung und Frauen","Wohnbauförderung und Schlichtungsstelle für wohnrechtliche Angelegenheiten","Montage eines Sonnenschutzes in Wohnungen","1100",150,1,2024
"Wohnen, Wohnbau, Stadterneuerung und Frauen","Wohnbauförderung und Schlichtungsstelle für wohnrechtliche Angelegenheiten","Montage eines Sonnenschutzes in Wohnungen","1030",1101.6,1,2024
"Wohnen, Wohnbau, Stadterneuerung und Frauen","Wohnbauförderung und Schlichtungsstelle für wohnrechtliche Angelegenheiten","Montage eines Sonnenschutzes in Wohnungen","1230",1500,1,2024
"Wohnen, Wohnbau, Stadterneuerung und Frauen","Wohnbauförderung und Schlichtungsstelle für wohnrechtliche Angelegenheiten","Montage eines Sonnenschutzes in Wohnungen","1210",927.6,1,2024
"Wohnen, Wohnbau, Stadterneuerung und Frauen","Wohnbauförderung und Schlichtungsstelle für wohnrechtliche Angelegenheiten","Montage eines Sonnenschutzes in Wohnungen","1210",1128,1,2024
"Wohnen, Wohnbau, Stadterneuerung und Frauen","Wohnbauförderung und Schlichtungsstelle für wohnrechtliche Angelegenheiten","Montage eines Sonnenschutzes in Wohnungen","1230",1500,1,2024
"Wohnen, Wohnbau, Stadterneuerung und Frauen","Wohnbauförderung und Schlichtungsstelle für wohnrechtliche Angelegenheiten","Montage eines Sonnenschutzes in Wohnungen","1030",1500,1,2024
"Wohnen, Wohnbau, Stadterneuerung und Frauen","Wohnbauförderung und Schlichtungsstelle für wohnrechtliche Angelegenheiten","Montage eines Sonnenschutzes in Wohnungen","1210",784.8,1,2024
"Wohnen, Wohnbau, Stadterneuerung und Frauen","Wohnbauförderung und Schlichtungsstelle für wohnrechtliche Angelegenheiten","Montage eines Sonnenschutzes in Wohnungen","1200",817.2,1,2024
"Wohnen, Wohnbau, Stadterneuerung und Frauen","Wohnbauförderung und Schlichtungsstelle für wohnrechtliche Angelegenheiten","Montage eines Sonnenschutzes in Wohnungen","1100",832.5,1,2024
"Wohnen, Wohnbau, Stadterneuerung und Frauen","Wohnbauförderung und Schlichtungsstelle für wohnrechtliche Angelegenheiten","Montage eines Sonnenschutzes in Wohnungen","2111",646.8,1,2024
"Wohnen, Wohnbau, Stadterneuerung und Frauen","Wohnbauförderung und Schlichtungsstelle für wohnrechtliche Angelegenheiten","Montage eines Sonnenschutzes in Wohnungen","1020",1500,1,2024
"Wohnen, Wohnbau, Stadterneuerung und Frauen","Wohnbauförderung und Schlichtungsstelle für wohnrechtliche Angelegenheiten","Montage eines Sonnenschutzes in Wohnungen","1020",1500,1,2024
"Wohnen, Wohnbau, Stadterneuerung und Frauen","Wohnbauförderung und Schlichtungsstelle für wohnrechtliche Angelegenheiten","Montage eines Sonnenschutzes in Wohnungen","1220",147.9,1,2024
"Wohnen, Wohnbau, Stadterneuerung und Frauen","Wohnbauförderung und Schlichtungsstelle für wohnrechtliche Angelegenheiten","Montage eines Sonnenschutzes in Wohnungen","1060",886.4,1,2024
"Wohnen, Wohnbau, Stadterneuerung und Frauen","Wohnbauförderung und Schlichtungsstelle für wohnrechtliche Angelegenheiten","Montage eines Sonnenschutzes in Wohnungen","1100",1271.2,1,2024
"Wohnen, Wohnbau, Stadterneuerung und Frauen","Wohnbauförderung und Schlichtungsstelle für wohnrechtliche Angelegenheiten","Montage eines Sonnenschutzes in Wohnungen","1020",1500,1,2024
"Wohnen, Wohnbau, Stadterneuerung und Frauen","Wohnbauförderung und Schlichtungsstelle für wohnrechtliche Angelegenheiten","Montage eines Sonnenschutzes in Wohnungen","1140",697.1,1,2024
"Wohnen, Wohnbau, Stadterneuerung und Frauen","Wohnbauförderung und Schlichtungsstelle für wohnrechtliche Angelegenheiten","Montage eines Sonnenschutzes in Wohnungen","1050",1500,1,2024
"Wohnen, Wohnbau, Stadterneuerung und Frauen","Wohnbauförderung und Schlichtungsstelle für wohnrechtliche Angelegenheiten","Montage eines Sonnenschutzes in Wohnungen","1210",626.3,1,2024
"Wohnen, Wohnbau, Stadterneuerung und Frauen","Wohnbauförderung und Schlichtungsstelle für wohnrechtliche Angelegenheiten","Montage eines Sonnenschutzes in Wohnungen","1080",378.9,1,2024
"Wohnen, Wohnbau, Stadterneuerung und Frauen","Wohnbauförderung und Schlichtungsstelle für wohnrechtliche Angelegenheiten","Montage eines Sonnenschutzes in Wohnungen","1210",696,1,2024
"Wohnen, Wohnbau, Stadterneuerung und Frauen","Wohnbauförderung und Schlichtungsstelle für wohnrechtliche Angelegenheiten","Montage eines Sonnenschutzes in Wohnungen","1120",984.6,1,2024
"Wohnen, Wohnbau, Stadterneuerung und Frauen","Wohnbauförderung und Schlichtungsstelle für wohnrechtliche Angelegenheiten","Montage eines Sonnenschutzes in Wohnungen","1190",1500,1,2024
"Wohnen, Wohnbau, Stadterneuerung und Frauen","Wohnbauförderung und Schlichtungsstelle für wohnrechtliche Angelegenheiten","Montage eines Sonnenschutzes in Wohnungen","1120",1448,1,2024
"Wohnen, Wohnbau, Stadterneuerung und Frauen","Wohnbauförderung und Schlichtungsstelle für wohnrechtliche Angelegenheiten","Montage eines Sonnenschutzes in Wohnungen","1100",1500,1,2024
"Wohnen, Wohnbau, Stadterneuerung und Frauen","Wohnbauförderung und Schlichtungsstelle für wohnrechtliche Angelegenheiten","Montage eines Sonnenschutzes in Wohnungen","1190",1500,1,2024
"Wohnen, Wohnbau, Stadterneuerung und Frauen","Wohnbauförderung und Schlichtungsstelle für wohnrechtliche Angelegenheiten","Montage eines Sonnenschutzes in Wohnungen","1100",710,1,2024
"Wohnen, Wohnbau, Stadterneuerung und Frauen","Wohnbauförderung und Schlichtungsstelle für wohnrechtliche Angelegenheiten","Montage eines Sonnenschutzes in Wohnungen","1020",860,1,2024
"Wohnen, Wohnbau, Stadterneuerung und Frauen","Wohnbauförderung und Schlichtungsstelle für wohnrechtliche Angelegenheiten","Montage eines Sonnenschutzes in Wohnungen","1110",721,1,2024
"Wohnen, Wohnbau, Stadterneuerung und Frauen","Wohnbauförderung und Schlichtungsstelle für wohnrechtliche Angelegenheiten","Montage eines Sonnenschutzes in Wohnungen","1190",858.6,1,2024
"Wohnen, Wohnbau, Stadterneuerung und Frauen","Wohnbauförderung und Schlichtungsstelle für wohnrechtliche Angelegenheiten","Montage eines Sonnenschutzes in Wohnungen","1210",979.8,1,2024
"Wohnen, Wohnbau, Stadterneuerung und Frauen","Wohnbauförderung und Schlichtungsstelle für wohnrechtliche Angelegenheiten","Montage eines Sonnenschutzes in Wohnungen","1210",425,1,2024
"Wohnen, Wohnbau, Stadterneuerung und Frauen","Wohnbauförderung und Schlichtungsstelle für wohnrechtliche Angelegenheiten","Montage eines Sonnenschutzes in Wohnungen","1050",665.4,1,2024
"Wohnen, Wohnbau, Stadterneuerung und Frauen","Wohnbauförderung und Schlichtungsstelle für wohnrechtliche Angelegenheiten","Montage eines Sonnenschutzes in Wohnungen","1190",1500,1,2024
"Wohnen, Wohnbau, Stadterneuerung und Frauen","Wohnbauförderung und Schlichtungsstelle für wohnrechtliche Angelegenheiten","Montage eines Sonnenschutzes in Wohnungen","1100",1470.5,1,2024
"Wohnen, Wohnbau, Stadterneuerung und Frauen","Wohnbauförderung und Schlichtungsstelle für wohnrechtliche Angelegenheiten","Montage eines Sonnenschutzes in Wohnungen","1190",1500,1,2024
"Wohnen, Wohnbau, Stadterneuerung und Frauen","Wohnbauförderung und Schlichtungsstelle für wohnrechtliche Angelegenheiten","Montage eines Sonnenschutzes in Wohnungen","1210",1417.5,1,2024
"Wohnen, Wohnbau, Stadterneuerung und Frauen","Wohnbauförderung und Schlichtungsstelle für wohnrechtliche Angelegenheiten","Montage eines Sonnenschutzes in Wohnungen","1220",1500,1,2024
"Wohnen, Wohnbau, Stadterneuerung und Frauen","Wohnbauförderung und Schlichtungsstelle für wohnrechtliche Angelegenheiten","Montage eines Sonnenschutzes in Wohnungen","1060",1295.2,1,2024
"Wohnen, Wohnbau, Stadterneuerung und Frauen","Wohnbauförderung und Schlichtungsstelle für wohnrechtliche Angelegenheiten","Montage eines Sonnenschutzes in Wohnungen","1100",734.4,1,2024
"Wohnen, Wohnbau, Stadterneuerung und Frauen","Wohnbauförderung und Schlichtungsstelle für wohnrechtliche Angelegenheiten","Montage eines Sonnenschutzes in Wohnungen","1020",1500,1,2024
"Wohnen, Wohnbau, Stadterneuerung und Frauen","Wohnbauförderung und Schlichtungsstelle für wohnrechtliche Angelegenheiten","Montage eines Sonnenschutzes in Wohnungen","1210",1442.4,1,2024
"Wohnen, Wohnbau, Stadterneuerung und Frauen","Wohnbauförderung und Schlichtungsstelle für wohnrechtliche Angelegenheiten","Montage eines Sonnenschutzes in Wohnungen","1040",895.1,1,2024
"Wohnen, Wohnbau, Stadterneuerung und Frauen","Wohnbauförderung und Schlichtungsstelle für wohnrechtliche Angelegenheiten","Montage eines Sonnenschutzes in Wohnungen","1190",1500,1,2024
"Wohnen, Wohnbau, Stadterneuerung und Frauen","Wohnbauförderung und Schlichtungsstelle für wohnrechtliche Angelegenheiten","Montage eines Sonnenschutzes in Wohnungen","1030",1500,1,2024
"Wohnen, Wohnbau, Stadterneuerung und Frauen","Wohnbauförderung und Schlichtungsstelle für wohnrechtliche Angelegenheiten","Montage eines Sonnenschutzes in Wohnungen","1030",901,1,2024
"Wohnen, Wohnbau, Stadterneuerung und Frauen","Wohnbauförderung und Schlichtungsstelle für wohnrechtliche Angelegenheiten","Montage eines Sonnenschutzes in Wohnungen","1220",1030,1,2024
"Wohnen, Wohnbau, Stadterneuerung und Frauen","Wohnbauförderung und Schlichtungsstelle für wohnrechtliche Angelegenheiten","Montage eines Sonnenschutzes in Wohnungen","1050",651.9,1,2024
"Wohnen, Wohnbau, Stadterneuerung und Frauen","Wohnbauförderung und Schlichtungsstelle für wohnrechtliche Angelegenheiten","Montage eines Sonnenschutzes in Wohnungen","1050",1217.1,1,2024
"Wohnen, Wohnbau, Stadterneuerung und Frauen","Wohnbauförderung und Schlichtungsstelle für wohnrechtliche Angelegenheiten","Montage eines Sonnenschutzes in Wohnungen","1210",1500,1,2024
"Wohnen, Wohnbau, Stadterneuerung und Frauen","Wohnbauförderung und Schlichtungsstelle für wohnrechtliche Angelegenheiten","Montage eines Sonnenschutzes in Wohnungen","1210",1060,1,2024
"Wohnen, Wohnbau, Stadterneuerung und Frauen","Wohnbauförderung und Schlichtungsstelle für wohnrechtliche Angelegenheiten","Montage eines Sonnenschutzes in Wohnungen","1190",1000,1,2024
"Wohnen, Wohnbau, Stadterneuerung und Frauen","Wohnbauförderung und Schlichtungsstelle für wohnrechtliche Angelegenheiten","Montage eines Sonnenschutzes in Wohnungen","1020",1333.3,1,2024
"Wohnen, Wohnbau, Stadterneuerung und Frauen","Wohnbauförderung und Schlichtungsstelle für wohnrechtliche Angelegenheiten","Montage eines Sonnenschutzes in Wohnungen","1210",1500,1,2024
"Wohnen, Wohnbau, Stadterneuerung und Frauen","Wohnbauförderung und Schlichtungsstelle für wohnrechtliche Angelegenheiten","Montage eines Sonnenschutzes in Wohnungen","1050",1343.7,1,2024
"Wohnen, Wohnbau, Stadterneuerung und Frauen","Wohnbauförderung und Schlichtungsstelle für wohnrechtliche Angelegenheiten","Montage eines Sonnenschutzes in Wohnungen","1210",735,1,2024
"Wohnen, Wohnbau, Stadterneuerung und Frauen","Wohnbauförderung und Schlichtungsstelle für wohnrechtliche Angelegenheiten","Montage eines Sonnenschutzes in Wohnungen","1050",510.4,1,2024
"Wohnen, Wohnbau, Stadterneuerung und Frauen","Wohnbauförderung und Schlichtungsstelle für wohnrechtliche Angelegenheiten","Montage eines Sonnenschutzes in Wohnungen","1050",1500,1,2024
"Wohnen, Wohnbau, Stadterneuerung und Frauen","Wohnbauförderung und Schlichtungsstelle für wohnrechtliche Angelegenheiten","Montage eines Sonnenschutzes in Wohnungen","1210",1500,1,2024
"Wohnen, Wohnbau, Stadterneuerung und Frauen","Wohnbauförderung und Schlichtungsstelle für wohnrechtliche Angelegenheiten","Montage eines Sonnenschutzes in Wohnungen","1190",1500,1,2024
"Wohnen, Wohnbau, Stadterneuerung und Frauen","Wohnbauförderung und Schlichtungsstelle für wohnrechtliche Angelegenheiten","Montage eines Sonnenschutzes in Wohnungen","1210",975.5,1,2024
"Wohnen, Wohnbau, Stadterneuerung und Frauen","Wohnbauförderung und Schlichtungsstelle für wohnrechtliche Angelegenheiten","Montage eines Sonnenschutzes in Wohnungen","1210",1500,1,2024
"Wohnen, Wohnbau, Stadterneuerung und Frauen","Wohnbauförderung und Schlichtungsstelle für wohnrechtliche Angelegenheiten","Montage eines Sonnenschutzes in Wohnungen","1020",780,1,2024
"Wohnen, Wohnbau, Stadterneuerung und Frauen","Wohnbauförderung und Schlichtungsstelle für wohnrechtliche Angelegenheiten","Montage eines Sonnenschutzes in Wohnungen","1030",1005.1,1,2024
"Wohnen, Wohnbau, Stadterneuerung und Frauen","Wohnbauförderung und Schlichtungsstelle für wohnrechtliche Angelegenheiten","Montage eines Sonnenschutzes in Wohnungen","1100",1500,1,2024
"Wohnen, Wohnbau, Stadterneuerung und Frauen","Wohnbauförderung und Schlichtungsstelle für wohnrechtliche Angelegenheiten","Montage eines Sonnenschutzes in Wohnungen","1210",1500,1,2024
"Wohnen, Wohnbau, Stadterneuerung und Frauen","Wohnbauförderung und Schlichtungsstelle für wohnrechtliche Angelegenheiten","Montage eines Sonnenschutzes in Wohnungen","1100",711.6,1,2024
"Wohnen, Wohnbau, Stadterneuerung und Frauen","Wohnbauförderung und Schlichtungsstelle für wohnrechtliche Angelegenheiten","Montage eines Sonnenschutzes in Wohnungen","1060",1137,1,2024
"Wohnen, Wohnbau, Stadterneuerung und Frauen","Wohnbauförderung und Schlichtungsstelle für wohnrechtliche Angelegenheiten","Montage eines Sonnenschutzes in Wohnungen","1020",1200,1,2024
"Wohnen, Wohnbau, Stadterneuerung und Frauen","Wohnbauförderung und Schlichtungsstelle für wohnrechtliche Angelegenheiten","Montage eines Sonnenschutzes in Wohnungen","1090",352,1,2024
"Wohnen, Wohnbau, Stadterneuerung und Frauen","Wohnbauförderung und Schlichtungsstelle für wohnrechtliche Angelegenheiten","Montage eines Sonnenschutzes in Wohnungen","1210",1470.3,1,2024
"Wohnen, Wohnbau, Stadterneuerung und Frauen","Wohnbauförderung und Schlichtungsstelle für wohnrechtliche Angelegenheiten","Montage eines Sonnenschutzes in Wohnungen","1100",933.8,1,2024
"Wohnen, Wohnbau, Stadterneuerung und Frauen","Wohnbauförderung und Schlichtungsstelle für wohnrechtliche Angelegenheiten","Montage eines Sonnenschutzes in Wohnungen","1020",1500,1,2024
"Wohnen, Wohnbau, Stadterneuerung und Frauen","Wohnbauförderung und Schlichtungsstelle für wohnrechtliche Angelegenheiten","Montage eines Sonnenschutzes in Wohnungen","1180",1500,1,2024
"Wohnen, Wohnbau, Stadterneuerung und Frauen","Wohnbauförderung und Schlichtungsstelle für wohnrechtliche Angelegenheiten","Montage eines Sonnenschutzes in Wohnungen","1210",1000.6,1,2024
"Wohnen, Wohnbau, Stadterneuerung und Frauen","Wohnbauförderung und Schlichtungsstelle für wohnrechtliche Angelegenheiten","Montage eines Sonnenschutzes in Wohnungen","1030",1269.5,1,2024
"Wohnen, Wohnbau, Stadterneuerung und Frauen","Wohnbauförderung und Schlichtungsstelle für wohnrechtliche Angelegenheiten","Montage eines Sonnenschutzes in Wohnungen","1210",1500,1,2024
"Wohnen, Wohnbau, Stadterneuerung und Frauen","Wohnbauförderung und Schlichtungsstelle für wohnrechtliche Angelegenheiten","Montage eines Sonnenschutzes in Wohnungen","1100",717,1,2024
"Wohnen, Wohnbau, Stadterneuerung und Frauen","Wohnbauförderung und Schlichtungsstelle für wohnrechtliche Angelegenheiten","Montage eines Sonnenschutzes in Wohnungen","1030",626.4,1,2024
"Wohnen, Wohnbau, Stadterneuerung und Frauen","Wohnbauförderung und Schlichtungsstelle für wohnrechtliche Angelegenheiten","Montage eines Sonnenschutzes in Wohnungen","1210",815,1,2024
"Wohnen, Wohnbau, Stadterneuerung und Frauen","Wohnbauförderung und Schlichtungsstelle für wohnrechtliche Angelegenheiten","Montage eines Sonnenschutzes in Wohnungen","1210",1062,1,2024
"Wohnen, Wohnbau, Stadterneuerung und Frauen","Wohnbauförderung und Schlichtungsstelle für wohnrechtliche Angelegenheiten","Montage eines Sonnenschutzes in Wohnungen","1100",340,1,2024
"Wohnen, Wohnbau, Stadterneuerung und Frauen","Wohnbauförderung und Schlichtungsstelle für wohnrechtliche Angelegenheiten","Montage eines Sonnenschutzes in Wohnungen","1020",372,1,2024
"Wohnen, Wohnbau, Stadterneuerung und Frauen","Wohnbauförderung und Schlichtungsstelle für wohnrechtliche Angelegenheiten","Montage eines Sonnenschutzes in Wohnungen","1190",1386,1,2024
"Wohnen, Wohnbau, Stadterneuerung und Frauen","Wohnbauförderung und Schlichtungsstelle für wohnrechtliche Angelegenheiten","Montage eines Sonnenschutzes in Wohnungen","1040",1500,1,2024
"Wohnen, Wohnbau, Stadterneuerung und Frauen","Wohnbauförderung und Schlichtungsstelle für wohnrechtliche Angelegenheiten","Montage eines Sonnenschutzes in Wohnungen","1100",828,1,2024
"Wohnen, Wohnbau, Stadterneuerung und Frauen","Wohnbauförderung und Schlichtungsstelle für wohnrechtliche Angelegenheiten","Montage eines Sonnenschutzes in Wohnungen","1100",974.9,1,2024
"Wohnen, Wohnbau, Stadterneuerung und Frauen","Wohnbauförderung und Schlichtungsstelle für wohnrechtliche Angelegenheiten","Montage eines Sonnenschutzes in Wohnungen","1210",1431.4,1,2024
"Wohnen, Wohnbau, Stadterneuerung und Frauen","Wohnbauförderung und Schlichtungsstelle für wohnrechtliche Angelegenheiten","Montage eines Sonnenschutzes in Wohnungen","1030",1050,1,2024
"Wohnen, Wohnbau, Stadterneuerung und Frauen","Wohnbauförderung und Schlichtungsstelle für wohnrechtliche Angelegenheiten","Montage eines Sonnenschutzes in Wohnungen","1120",1472.4,1,2024
"Wohnen, Wohnbau, Stadterneuerung und Frauen","Wohnbauförderung und Schlichtungsstelle für wohnrechtliche Angelegenheiten","Montage eines Sonnenschutzes in Wohnungen","1100",1500,1,2024
"Wohnen, Wohnbau, Stadterneuerung und Frauen","Wohnbauförderung und Schlichtungsstelle für wohnrechtliche Angelegenheiten","Montage eines Sonnenschutzes in Wohnungen","1020",1500,1,2024
"Wohnen, Wohnbau, Stadterneuerung und Frauen","Wohnbauförderung und Schlichtungsstelle für wohnrechtliche Angelegenheiten","Montage eines Sonnenschutzes in Wohnungen","1050",1500,1,2024
"Wohnen, Wohnbau, Stadterneuerung und Frauen","Wohnbauförderung und Schlichtungsstelle für wohnrechtliche Angelegenheiten","Montage eines Sonnenschutzes in Wohnungen","1020",1500,1,2024
"Wohnen, Wohnbau, Stadterneuerung und Frauen","Wohnbauförderung und Schlichtungsstelle für wohnrechtliche Angelegenheiten","Montage eines Sonnenschutzes in Wohnungen","1050",1112.2,1,2024
"Wohnen, Wohnbau, Stadterneuerung und Frauen","Wohnbauförderung und Schlichtungsstelle für wohnrechtliche Angelegenheiten","Montage eines Sonnenschutzes in Wohnungen","1090",1500,1,2024
"Wohnen, Wohnbau, Stadterneuerung und Frauen","Wohnbauförderung und Schlichtungsstelle für wohnrechtliche Angelegenheiten","Montage eines Sonnenschutzes in Wohnungen","1110",875,1,2024
"Wohnen, Wohnbau, Stadterneuerung und Frauen","Wohnbauförderung und Schlichtungsstelle für wohnrechtliche Angelegenheiten","Montage eines Sonnenschutzes in Wohnungen","1180",1232.9,1,2024
"Wohnen, Wohnbau, Stadterneuerung und Frauen","Wohnbauförderung und Schlichtungsstelle für wohnrechtliche Angelegenheiten","Montage eines Sonnenschutzes in Wohnungen","1130",1237.2,1,2024
"Wohnen, Wohnbau, Stadterneuerung und Frauen","Wohnbauförderung und Schlichtungsstelle für wohnrechtliche Angelegenheiten","Montage eines Sonnenschutzes in Wohnungen","1040",1500,1,2024
"Wohnen, Wohnbau, Stadterneuerung und Frauen","Wohnbauförderung und Schlichtungsstelle für wohnrechtliche Angelegenheiten","Montage eines Sonnenschutzes in Wohnungen","1210",1200,1,2024
"Wohnen, Wohnbau, Stadterneuerung und Frauen","Wohnbauförderung und Schlichtungsstelle für wohnrechtliche Angelegenheiten","Montage eines Sonnenschutzes in Wohnungen","1020",1500,1,2024
"Wohnen, Wohnbau, Stadterneuerung und Frauen","Wohnbauförderung und Schlichtungsstelle für wohnrechtliche Angelegenheiten","Montage eines Sonnenschutzes in Wohnungen","1050",822.6,1,2024
"Wohnen, Wohnbau, Stadterneuerung und Frauen","Wohnbauförderung und Schlichtungsstelle für wohnrechtliche Angelegenheiten","Montage eines Sonnenschutzes in Wohnungen","1020",1221.8,1,2024
"Wohnen, Wohnbau, Stadterneuerung und Frauen","Wohnbauförderung und Schlichtungsstelle für wohnrechtliche Angelegenheiten","Montage eines Sonnenschutzes in Wohnungen","1020",1500,1,2024
"Wohnen, Wohnbau, Stadterneuerung und Frauen","Wohnbauförderung und Schlichtungsstelle für wohnrechtliche Angelegenheiten","Montage eines Sonnenschutzes in Wohnungen","1030",900,1,2024
"Wohnen, Wohnbau, Stadterneuerung und Frauen","Wohnbauförderung und Schlichtungsstelle für wohnrechtliche Angelegenheiten","Montage eines Sonnenschutzes in Wohnungen","1100",1449.8,1,2024
"Wohnen, Wohnbau, Stadterneuerung und Frauen","Wohnbauförderung und Schlichtungsstelle für wohnrechtliche Angelegenheiten","Montage eines Sonnenschutzes in Wohnungen","1030",1500,1,2024
"Wohnen, Wohnbau, Stadterneuerung und Frauen","Wohnbauförderung und Schlichtungsstelle für wohnrechtliche Angelegenheiten","Montage eines Sonnenschutzes in Wohnungen","1070",1500,1,2024
"Wohnen, Wohnbau, Stadterneuerung und Frauen","Wohnbauförderung und Schlichtungsstelle für wohnrechtliche Angelegenheiten","Montage eines Sonnenschutzes in Wohnungen","1030",1500,1,2024
"Wohnen, Wohnbau, Stadterneuerung und Frauen","Wohnbauförderung und Schlichtungsstelle für wohnrechtliche Angelegenheiten","Montage eines Sonnenschutzes in Wohnungen","1030",406.2,1,2024
"Wohnen, Wohnbau, Stadterneuerung und Frauen","Wohnbauförderung und Schlichtungsstelle für wohnrechtliche Angelegenheiten","Montage eines Sonnenschutzes in Wohnungen","1210",1500,1,2024
"Wohnen, Wohnbau, Stadterneuerung und Frauen","Wohnbauförderung und Schlichtungsstelle für wohnrechtliche Angelegenheiten","Montage eines Sonnenschutzes in Wohnungen","1020",762.3,1,2024
"Wohnen, Wohnbau, Stadterneuerung und Frauen","Wohnbauförderung und Schlichtungsstelle für wohnrechtliche Angelegenheiten","Montage eines Sonnenschutzes in Wohnungen","1030",1091.3,1,2024
"Wohnen, Wohnbau, Stadterneuerung und Frauen","Wohnbauförderung und Schlichtungsstelle für wohnrechtliche Angelegenheiten","Montage eines Sonnenschutzes in Wohnungen","1050",1500,1,2024
"Wohnen, Wohnbau, Stadterneuerung und Frauen","Wohnbauförderung und Schlichtungsstelle für wohnrechtliche Angelegenheiten","Montage eines Sonnenschutzes in Wohnungen","1030",1500,1,2024
"Wohnen, Wohnbau, Stadterneuerung und Frauen","Wohnbauförderung und Schlichtungsstelle für wohnrechtliche Angelegenheiten","Montage eines Sonnenschutzes in Wohnungen","1100",1500,1,2024
"Wohnen, Wohnbau, Stadterneuerung und Frauen","Wohnbauförderung und Schlichtungsstelle für wohnrechtliche Angelegenheiten","Montage eines Sonnenschutzes in Wohnungen","1210",1500,1,2024
"Wohnen, Wohnbau, Stadterneuerung und Frauen","Wohnbauförderung und Schlichtungsstelle für wohnrechtliche Angelegenheiten","Montage eines Sonnenschutzes in Wohnungen","1210",1423.8,1,2024
"Wohnen, Wohnbau, Stadterneuerung und Frauen","Wohnbauförderung und Schlichtungsstelle für wohnrechtliche Angelegenheiten","Montage eines Sonnenschutzes in Wohnungen","1030",1500,1,2024
"Wohnen, Wohnbau, Stadterneuerung und Frauen","Wohnbauförderung und Schlichtungsstelle für wohnrechtliche Angelegenheiten","Montage eines Sonnenschutzes in Wohnungen","1100",1260,1,2024
"Wohnen, Wohnbau, Stadterneuerung und Frauen","Wohnbauförderung und Schlichtungsstelle für wohnrechtliche Angelegenheiten","Montage eines Sonnenschutzes in Wohnungen","1030",728.2,1,2024
"Wohnen, Wohnbau, Stadterneuerung und Frauen","Wohnbauförderung und Schlichtungsstelle für wohnrechtliche Angelegenheiten","Montage eines Sonnenschutzes in Wohnungen","1220",377.9,1,2024
"Wohnen, Wohnbau, Stadterneuerung und Frauen","Wohnbauförderung und Schlichtungsstelle für wohnrechtliche Angelegenheiten","Montage eines Sonnenschutzes in Wohnungen","1100",1500,1,2024
"Wohnen, Wohnbau, Stadterneuerung und Frauen","Wohnbauförderung und Schlichtungsstelle für wohnrechtliche Angelegenheiten","Montage eines Sonnenschutzes in Wohnungen","1050",1104,1,2024
"Wohnen, Wohnbau, Stadterneuerung und Frauen","Wohnbauförderung und Schlichtungsstelle für wohnrechtliche Angelegenheiten","Montage eines Sonnenschutzes in Wohnungen","1030",1160.4,1,2024
"Wohnen, Wohnbau, Stadterneuerung und Frauen","Wohnbauförderung und Schlichtungsstelle für wohnrechtliche Angelegenheiten","Montage eines Sonnenschutzes in Wohnungen","1030",1288.2,1,2024
"Wohnen, Wohnbau, Stadterneuerung und Frauen","Wohnbauförderung und Schlichtungsstelle für wohnrechtliche Angelegenheiten","Montage eines Sonnenschutzes in Wohnungen","1100",1435,1,2024
"Wohnen, Wohnbau, Stadterneuerung und Frauen","Wohnbauförderung und Schlichtungsstelle für wohnrechtliche Angelegenheiten","Montage eines Sonnenschutzes in Wohnungen","1020",1500,1,2024
"Wohnen, Wohnbau, Stadterneuerung und Frauen","Wohnbauförderung und Schlichtungsstelle für wohnrechtliche Angelegenheiten","Montage eines Sonnenschutzes in Wohnungen","1030",1088.4,1,2024
"Wohnen, Wohnbau, Stadterneuerung und Frauen","Wohnbauförderung und Schlichtungsstelle für wohnrechtliche Angelegenheiten","Montage eines Sonnenschutzes in Wohnungen","1200",1373,1,2024
"Wohnen, Wohnbau, Stadterneuerung und Frauen","Wohnbauförderung und Schlichtungsstelle für wohnrechtliche Angelegenheiten","Montage eines Sonnenschutzes in Wohnungen","1210",934.5,1,2024
"Wohnen, Wohnbau, Stadterneuerung und Frauen","Wohnbauförderung und Schlichtungsstelle für wohnrechtliche Angelegenheiten","Montage eines Sonnenschutzes in Wohnungen","1100",610,1,2024
"Wohnen, Wohnbau, Stadterneuerung und Frauen","Wohnbauförderung und Schlichtungsstelle für wohnrechtliche Angelegenheiten","Montage eines Sonnenschutzes in Wohnungen","1210",1050.5,1,2024
"Wohnen, Wohnbau, Stadterneuerung und Frauen","Wohnbauförderung und Schlichtungsstelle für wohnrechtliche Angelegenheiten","Montage eines Sonnenschutzes in Wohnungen","1100",360,1,2024
"Wohnen, Wohnbau, Stadterneuerung und Frauen","Wohnbauförderung und Schlichtungsstelle für wohnrechtliche Angelegenheiten","Montage eines Sonnenschutzes in Wohnungen","1160",1500,1,2024
"Wohnen, Wohnbau, Stadterneuerung und Frauen","Wohnbauförderung und Schlichtungsstelle für wohnrechtliche Angelegenheiten","Montage eines Sonnenschutzes in Wohnungen","1190",1500,1,2024
"Wohnen, Wohnbau, Stadterneuerung und Frauen","Wohnbauförderung und Schlichtungsstelle für wohnrechtliche Angelegenheiten","Montage eines Sonnenschutzes in Wohnungen","6020",1500,1,2024
"Wohnen, Wohnbau, Stadterneuerung und Frauen","Wohnbauförderung und Schlichtungsstelle für wohnrechtliche Angelegenheiten","Montage eines Sonnenschutzes in Wohnungen","1100",1500,1,2024
"Wohnen, Wohnbau, Stadterneuerung und Frauen","Wohnbauförderung und Schlichtungsstelle für wohnrechtliche Angelegenheiten","Montage eines Sonnenschutzes in Wohnungen","1220",1500,1,2024
"Wohnen, Wohnbau, Stadterneuerung und Frauen","Wohnbauförderung und Schlichtungsstelle für wohnrechtliche Angelegenheiten","Montage eines Sonnenschutzes in Wohnungen","1210",1284.6,1,2024
"Wohnen, Wohnbau, Stadterneuerung und Frauen","Wohnbauförderung und Schlichtungsstelle für wohnrechtliche Angelegenheiten","Montage eines Sonnenschutzes in Wohnungen","1100",1500,1,2024
"Wohnen, Wohnbau, Stadterneuerung und Frauen","Wohnbauförderung und Schlichtungsstelle für wohnrechtliche Angelegenheiten","Montage eines Sonnenschutzes in Wohnungen","1190",1159.9,1,2024
"Wohnen, Wohnbau, Stadterneuerung und Frauen","Wohnbauförderung und Schlichtungsstelle für wohnrechtliche Angelegenheiten","Montage eines Sonnenschutzes in Wohnungen","1190",518.5,1,2024
"Wohnen, Wohnbau, Stadterneuerung und Frauen","Wohnbauförderung und Schlichtungsstelle für wohnrechtliche Angelegenheiten","Montage eines Sonnenschutzes in Wohnungen","1220",582.8,1,2024
"Wohnen, Wohnbau, Stadterneuerung und Frauen","Wohnbauförderung und Schlichtungsstelle für wohnrechtliche Angelegenheiten","Montage eines Sonnenschutzes in Wohnungen","1210",634.8,1,2024
"Wohnen, Wohnbau, Stadterneuerung und Frauen","Wohnbauförderung und Schlichtungsstelle für wohnrechtliche Angelegenheiten","Montage eines Sonnenschutzes in Wohnungen","1140",750,1,2024
"Wohnen, Wohnbau, Stadterneuerung und Frauen","Wohnbauförderung und Schlichtungsstelle für wohnrechtliche Angelegenheiten","Montage eines Sonnenschutzes in Wohnungen","1220",1009.4,1,2024
"Wohnen, Wohnbau, Stadterneuerung und Frauen","Wohnbauförderung und Schlichtungsstelle für wohnrechtliche Angelegenheiten","Montage eines Sonnenschutzes in Wohnungen","1220",184,1,2024
"Wohnen, Wohnbau, Stadterneuerung und Frauen","Wohnbauförderung und Schlichtungsstelle für wohnrechtliche Angelegenheiten","Montage eines Sonnenschutzes in Wohnungen","1050",1500,1,2024
"Wohnen, Wohnbau, Stadterneuerung und Frauen","Wohnbauförderung und Schlichtungsstelle für wohnrechtliche Angelegenheiten","Montage eines Sonnenschutzes in Wohnungen","1100",1500,1,2024
"Wohnen, Wohnbau, Stadterneuerung und Frauen","Wohnbauförderung und Schlichtungsstelle für wohnrechtliche Angelegenheiten","Montage eines Sonnenschutzes in Wohnungen","1100",1182.2,1,2024
"Wohnen, Wohnbau, Stadterneuerung und Frauen","Wohnbauförderung und Schlichtungsstelle für wohnrechtliche Angelegenheiten","Montage eines Sonnenschutzes in Wohnungen","1110",1160,1,2024
"Wohnen, Wohnbau, Stadterneuerung und Frauen","Wohnbauförderung und Schlichtungsstelle für wohnrechtliche Angelegenheiten","Montage eines Sonnenschutzes in Wohnungen","1120",402,1,2024
"Wohnen, Wohnbau, Stadterneuerung und Frauen","Wohnbauförderung und Schlichtungsstelle für wohnrechtliche Angelegenheiten","Montage eines Sonnenschutzes in Wohnungen","1100",1011,1,2024
"Wohnen, Wohnbau, Stadterneuerung und Frauen","Wohnbauförderung und Schlichtungsstelle für wohnrechtliche Angelegenheiten","Montage eines Sonnenschutzes in Wohnungen","1230",1050.1,1,2024
"Wohnen, Wohnbau, Stadterneuerung und Frauen","Wohnbauförderung und Schlichtungsstelle für wohnrechtliche Angelegenheiten","Montage eines Sonnenschutzes in Wohnungen","1030",99,1,2024
"Wohnen, Wohnbau, Stadterneuerung und Frauen","Wohnbauförderung und Schlichtungsstelle für wohnrechtliche Angelegenheiten","Montage eines Sonnenschutzes in Wohnungen","1210",1500,1,2024
"Wohnen, Wohnbau, Stadterneuerung und Frauen","Wohnbauförderung und Schlichtungsstelle für wohnrechtliche Angelegenheiten","Montage eines Sonnenschutzes in Wohnungen","1210",1500,1,2024
"Wohnen, Wohnbau, Stadterneuerung und Frauen","Wohnbauförderung und Schlichtungsstelle für wohnrechtliche Angelegenheiten","Montage eines Sonnenschutzes in Wohnungen","1100",1500,1,2024
"Wohnen, Wohnbau, Stadterneuerung und Frauen","Wohnbauförderung und Schlichtungsstelle für wohnrechtliche Angelegenheiten","Montage eines Sonnenschutzes in Wohnungen","1020",1500,1,2024
"Wohnen, Wohnbau, Stadterneuerung und Frauen","Wohnbauförderung und Schlichtungsstelle für wohnrechtliche Angelegenheiten","Montage eines Sonnenschutzes in Wohnungen","1100",1500,1,2024
"Wohnen, Wohnbau, Stadterneuerung und Frauen","Wohnbauförderung und Schlichtungsstelle für wohnrechtliche Angelegenheiten","Montage eines Sonnenschutzes in Wohnungen","5600",1388.2,1,2024
"Wohnen, Wohnbau, Stadterneuerung und Frauen","Wohnbauförderung und Schlichtungsstelle für wohnrechtliche Angelegenheiten","Montage eines Sonnenschutzes in Wohnungen","1210",1085.5,1,2024
"Wohnen, Wohnbau, Stadterneuerung und Frauen","Wohnbauförderung und Schlichtungsstelle für wohnrechtliche Angelegenheiten","Montage eines Sonnenschutzes in Wohnungen","1030",664.4,1,2024
"Wohnen, Wohnbau, Stadterneuerung und Frauen","Wohnbauförderung und Schlichtungsstelle für wohnrechtliche Angelegenheiten","Montage eines Sonnenschutzes in Wohnungen","1070",492,1,2024
"Wohnen, Wohnbau, Stadterneuerung und Frauen","Wohnbauförderung und Schlichtungsstelle für wohnrechtliche Angelegenheiten","Montage eines Sonnenschutzes in Wohnungen","1100",1031.5,1,2024
"Wohnen, Wohnbau, Stadterneuerung und Frauen","Wohnbauförderung und Schlichtungsstelle für wohnrechtliche Angelegenheiten","Montage eines Sonnenschutzes in Wohnungen","1020",1500,1,2024
"Wohnen, Wohnbau, Stadterneuerung und Frauen","Wohnbauförderung und Schlichtungsstelle für wohnrechtliche Angelegenheiten","Montage eines Sonnenschutzes in Wohnungen","1100",809,1,2024
"Wohnen, Wohnbau, Stadterneuerung und Frauen","Wohnbauförderung und Schlichtungsstelle für wohnrechtliche Angelegenheiten","Montage eines Sonnenschutzes in Wohnungen","1100",1500,1,2024
"Wohnen, Wohnbau, Stadterneuerung und Frauen","Wohnbauförderung und Schlichtungsstelle für wohnrechtliche Angelegenheiten","Montage eines Sonnenschutzes in Wohnungen","1210",460,1,2024
"Wohnen, Wohnbau, Stadterneuerung und Frauen","Wohnbauförderung und Schlichtungsstelle für wohnrechtliche Angelegenheiten","Montage eines Sonnenschutzes in Wohnungen","1210",1500,1,2024
"Wohnen, Wohnbau, Stadterneuerung und Frauen","Wohnbauförderung und Schlichtungsstelle für wohnrechtliche Angelegenheiten","Montage eines Sonnenschutzes in Wohnungen","1110",1014.5,1,2024
"Wohnen, Wohnbau, Stadterneuerung und Frauen","Wohnbauförderung und Schlichtungsstelle für wohnrechtliche Angelegenheiten","Montage eines Sonnenschutzes in Wohnungen","1210",350,1,2024
"Wohnen, Wohnbau, Stadterneuerung und Frauen","Wohnbauförderung und Schlichtungsstelle für wohnrechtliche Angelegenheiten","Montage eines Sonnenschutzes in Wohnungen","1190",478.1,1,2024
"Wohnen, Wohnbau, Stadterneuerung und Frauen","Wohnbauförderung und Schlichtungsstelle für wohnrechtliche Angelegenheiten","Montage eines Sonnenschutzes in Wohnungen","1210",720,1,2024
"Wohnen, Wohnbau, Stadterneuerung und Frauen","Wohnbauförderung und Schlichtungsstelle für wohnrechtliche Angelegenheiten","Montage eines Sonnenschutzes in Wohnungen","1100",1237.5,1,2024
"Wohnen, Wohnbau, Stadterneuerung und Frauen","Wohnbauförderung und Schlichtungsstelle für wohnrechtliche Angelegenheiten","Montage eines Sonnenschutzes in Wohnungen","1070",1335.1,1,2024
"Wohnen, Wohnbau, Stadterneuerung und Frauen","Wohnbauförderung und Schlichtungsstelle für wohnrechtliche Angelegenheiten","Montage eines Sonnenschutzes in Wohnungen","1100",429.6,1,2024
"Wohnen, Wohnbau, Stadterneuerung und Frauen","Wohnbauförderung und Schlichtungsstelle für wohnrechtliche Angelegenheiten","Montage eines Sonnenschutzes in Wohnungen","1120",1500,1,2024
"Wohnen, Wohnbau, Stadterneuerung und Frauen","Wohnbauförderung und Schlichtungsstelle für wohnrechtliche Angelegenheiten","Montage eines Sonnenschutzes in Wohnungen","1160",683.5,1,2024
"Wohnen, Wohnbau, Stadterneuerung und Frauen","Wohnbauförderung und Schlichtungsstelle für wohnrechtliche Angelegenheiten","Montage eines Sonnenschutzes in Wohnungen","1210",494.6,1,2024
"Wohnen, Wohnbau, Stadterneuerung und Frauen","Wohnbauförderung und Schlichtungsstelle für wohnrechtliche Angelegenheiten","Montage eines Sonnenschutzes in Wohnungen","1220",951,1,2024
"Wohnen, Wohnbau, Stadterneuerung und Frauen","Wohnbauförderung und Schlichtungsstelle für wohnrechtliche Angelegenheiten","Montage eines Sonnenschutzes in Wohnungen","1210",933,1,2024
"Wohnen, Wohnbau, Stadterneuerung und Frauen","Wohnbauförderung und Schlichtungsstelle für wohnrechtliche Angelegenheiten","Montage eines Sonnenschutzes in Wohnungen","1210",1046.11,1,2024
"Wohnen, Wohnbau, Stadterneuerung und Frauen","Wohnbauförderung und Schlichtungsstelle für wohnrechtliche Angelegenheiten","Montage eines Sonnenschutzes in Wohnungen","1210",1464,1,2024
"Wohnen, Wohnbau, Stadterneuerung und Frauen","Wohnbauförderung und Schlichtungsstelle für wohnrechtliche Angelegenheiten","Montage eines Sonnenschutzes in Wohnungen","1220",1500,1,2024
"Wohnen, Wohnbau, Stadterneuerung und Frauen","Wohnbauförderung und Schlichtungsstelle für wohnrechtliche Angelegenheiten","Montage eines Sonnenschutzes in Wohnungen","1100",1200,1,2024
"Wohnen, Wohnbau, Stadterneuerung und Frauen","Wohnbauförderung und Schlichtungsstelle für wohnrechtliche Angelegenheiten","Montage eines Sonnenschutzes in Wohnungen","1190",1500,1,2024
"Wohnen, Wohnbau, Stadterneuerung und Frauen","Wohnbauförderung und Schlichtungsstelle für wohnrechtliche Angelegenheiten","Montage eines Sonnenschutzes in Wohnungen","1020",1500,1,2024
"Wohnen, Wohnbau, Stadterneuerung und Frauen","Wohnbauförderung und Schlichtungsstelle für wohnrechtliche Angelegenheiten","Montage eines Sonnenschutzes in Wohnungen","1210",1400,1,2024
"Wohnen, Wohnbau, Stadterneuerung und Frauen","Wohnbauförderung und Schlichtungsstelle für wohnrechtliche Angelegenheiten","Montage eines Sonnenschutzes in Wohnungen","1210",1500,1,2024
"Wohnen, Wohnbau, Stadterneuerung und Frauen","Wohnbauförderung und Schlichtungsstelle für wohnrechtliche Angelegenheiten","Montage eines Sonnenschutzes in Wohnungen","1100",1500,1,2024
"Wohnen, Wohnbau, Stadterneuerung und Frauen","Wohnbauförderung und Schlichtungsstelle für wohnrechtliche Angelegenheiten","Montage eines Sonnenschutzes in Wohnungen","1060",1392.6,1,2024
"Wohnen, Wohnbau, Stadterneuerung und Frauen","Wohnbauförderung und Schlichtungsstelle für wohnrechtliche Angelegenheiten","Montage eines Sonnenschutzes in Wohnungen","1210",1500,1,2024
"Wohnen, Wohnbau, Stadterneuerung und Frauen","Wohnbauförderung und Schlichtungsstelle für wohnrechtliche Angelegenheiten","Montage eines Sonnenschutzes in Wohnungen","1100",635,1,2024
"Wohnen, Wohnbau, Stadterneuerung und Frauen","Wohnbauförderung und Schlichtungsstelle für wohnrechtliche Angelegenheiten","Montage eines Sonnenschutzes in Wohnungen","1100",925,1,2024
"Wohnen, Wohnbau, Stadterneuerung und Frauen","Wohnbauförderung und Schlichtungsstelle für wohnrechtliche Angelegenheiten","Montage eines Sonnenschutzes in Wohnungen","1020",1103.4,1,2024
"Wohnen, Wohnbau, Stadterneuerung und Frauen","Wohnbauförderung und Schlichtungsstelle für wohnrechtliche Angelegenheiten","Montage eines Sonnenschutzes in Wohnungen","1100",745.2,1,2024
"Wohnen, Wohnbau, Stadterneuerung und Frauen","Wohnbauförderung und Schlichtungsstelle für wohnrechtliche Angelegenheiten","Montage eines Sonnenschutzes in Wohnungen","1100",1500,1,2024
"Wohnen, Wohnbau, Stadterneuerung und Frauen","Wohnbauförderung und Schlichtungsstelle für wohnrechtliche Angelegenheiten","Montage eines Sonnenschutzes in Wohnungen","1100",765.2,1,2024
"Wohnen, Wohnbau, Stadterneuerung und Frauen","Wohnbauförderung und Schlichtungsstelle für wohnrechtliche Angelegenheiten","Montage eines Sonnenschutzes in Wohnungen","1100",1500,1,2024
"Wohnen, Wohnbau, Stadterneuerung und Frauen","Wohnbauförderung und Schlichtungsstelle für wohnrechtliche Angelegenheiten","Montage eines Sonnenschutzes in Wohnungen","1220",1500,1,2024
"Wohnen, Wohnbau, Stadterneuerung und Frauen","Wohnbauförderung und Schlichtungsstelle für wohnrechtliche Angelegenheiten","Montage eines Sonnenschutzes in Wohnungen","1180",1019.2,1,2024
"Wohnen, Wohnbau, Stadterneuerung und Frauen","Wohnbauförderung und Schlichtungsstelle für wohnrechtliche Angelegenheiten","Montage eines Sonnenschutzes in Wohnungen","1210",1500,1,2024
"Wohnen, Wohnbau, Stadterneuerung und Frauen","Wohnbauförderung und Schlichtungsstelle für wohnrechtliche Angelegenheiten","Montage eines Sonnenschutzes in Wohnungen","1180",1050,1,2024
"Wohnen, Wohnbau, Stadterneuerung und Frauen","Wohnbauförderung und Schlichtungsstelle für wohnrechtliche Angelegenheiten","Montage eines Sonnenschutzes in Wohnungen","5550",1500,1,2024
"Wohnen, Wohnbau, Stadterneuerung und Frauen","Wohnbauförderung und Schlichtungsstelle für wohnrechtliche Angelegenheiten","Montage eines Sonnenschutzes in Wohnungen","1130",1113.7,1,2024
"Wohnen, Wohnbau, Stadterneuerung und Frauen","Wohnbauförderung und Schlichtungsstelle für wohnrechtliche Angelegenheiten","Montage eines Sonnenschutzes in Wohnungen","1030",1500,1,2024
"Wohnen, Wohnbau, Stadterneuerung und Frauen","Wohnbauförderung und Schlichtungsstelle für wohnrechtliche Angelegenheiten","Montage eines Sonnenschutzes in Wohnungen","1220",875,1,2024
"Wohnen, Wohnbau, Stadterneuerung und Frauen","Wohnbauförderung und Schlichtungsstelle für wohnrechtliche Angelegenheiten","Montage eines Sonnenschutzes in Wohnungen","1030",1500,1,2024
"Wohnen, Wohnbau, Stadterneuerung und Frauen","Wohnbauförderung und Schlichtungsstelle für wohnrechtliche Angelegenheiten","Montage eines Sonnenschutzes in Wohnungen","1190",330,1,2024
"Wohnen, Wohnbau, Stadterneuerung und Frauen","Wohnbauförderung und Schlichtungsstelle für wohnrechtliche Angelegenheiten","Montage eines Sonnenschutzes in Wohnungen","1200",1450,1,2024
"Wohnen, Wohnbau, Stadterneuerung und Frauen","Wohnbauförderung und Schlichtungsstelle für wohnrechtliche Angelegenheiten","Montage eines Sonnenschutzes in Wohnungen","1210",430,1,2024
"Wohnen, Wohnbau, Stadterneuerung und Frauen","Wohnbauförderung und Schlichtungsstelle für wohnrechtliche Angelegenheiten","Montage eines Sonnenschutzes in Wohnungen","1190",915,1,2024
"Wohnen, Wohnbau, Stadterneuerung und Frauen","Wohnbauförderung und Schlichtungsstelle für wohnrechtliche Angelegenheiten","Montage eines Sonnenschutzes in Wohnungen","1140",1500,1,2024
"Wohnen, Wohnbau, Stadterneuerung und Frauen","Wohnbauförderung und Schlichtungsstelle für wohnrechtliche Angelegenheiten","Montage eines Sonnenschutzes in Wohnungen","1220",524.2,1,2024
"Wohnen, Wohnbau, Stadterneuerung und Frauen","Wohnbauförderung und Schlichtungsstelle für wohnrechtliche Angelegenheiten","Montage eines Sonnenschutzes in Wohnungen","1020",1500,1,2024
"Wohnen, Wohnbau, Stadterneuerung und Frauen","Wohnbauförderung und Schlichtungsstelle für wohnrechtliche Angelegenheiten","Montage eines Sonnenschutzes in Wohnungen","1200",1067,1,2024
"Wohnen, Wohnbau, Stadterneuerung und Frauen","Wohnbauförderung und Schlichtungsstelle für wohnrechtliche Angelegenheiten","Montage eines Sonnenschutzes in Wohnungen","1210",1200,1,2024
"Wohnen, Wohnbau, Stadterneuerung und Frauen","Wohnbauförderung und Schlichtungsstelle für wohnrechtliche Angelegenheiten","Montage eines Sonnenschutzes in Wohnungen","1190",1500,1,2024
"Wohnen, Wohnbau, Stadterneuerung und Frauen","Wohnbauförderung und Schlichtungsstelle für wohnrechtliche Angelegenheiten","Montage eines Sonnenschutzes in Wohnungen","1210",1225,1,2024
"Wohnen, Wohnbau, Stadterneuerung und Frauen","Wohnbauförderung und Schlichtungsstelle für wohnrechtliche Angelegenheiten","Montage eines Sonnenschutzes in Wohnungen","1220",685.6,1,2024
"Wohnen, Wohnbau, Stadterneuerung und Frauen","Wohnbauförderung und Schlichtungsstelle für wohnrechtliche Angelegenheiten","Montage eines Sonnenschutzes in Wohnungen","1100",1500,1,2024
"Wohnen, Wohnbau, Stadterneuerung und Frauen","Wohnbauförderung und Schlichtungsstelle für wohnrechtliche Angelegenheiten","Montage eines Sonnenschutzes in Wohnungen","1130",948.6,1,2024
"Wohnen, Wohnbau, Stadterneuerung und Frauen","Wohnbauförderung und Schlichtungsstelle für wohnrechtliche Angelegenheiten","Montage eines Sonnenschutzes in Wohnungen","1040",1500,1,2024
"Wohnen, Wohnbau, Stadterneuerung und Frauen","Wohnbauförderung und Schlichtungsstelle für wohnrechtliche Angelegenheiten","Montage eines Sonnenschutzes in Wohnungen","1070",1500,1,2024
"Wohnen, Wohnbau, Stadterneuerung und Frauen","Wohnbauförderung und Schlichtungsstelle für wohnrechtliche Angelegenheiten","Montage eines Sonnenschutzes in Wohnungen","1060",1292.6,1,2024
"Wohnen, Wohnbau, Stadterneuerung und Frauen","Wohnbauförderung und Schlichtungsstelle für wohnrechtliche Angelegenheiten","Montage eines Sonnenschutzes in Wohnungen","1120",688.6,1,2024
"Wohnen, Wohnbau, Stadterneuerung und Frauen","Wohnbauförderung und Schlichtungsstelle für wohnrechtliche Angelegenheiten","Montage eines Sonnenschutzes in Wohnungen","1210",1500,1,2024
"Wohnen, Wohnbau, Stadterneuerung und Frauen","Wohnbauförderung und Schlichtungsstelle für wohnrechtliche Angelegenheiten","Montage eines Sonnenschutzes in Wohnungen","1100",1493.6,1,2024
"Wohnen, Wohnbau, Stadterneuerung und Frauen","Wohnbauförderung und Schlichtungsstelle für wohnrechtliche Angelegenheiten","Montage eines Sonnenschutzes in Wohnungen","1210",557.8,1,2024
"Wohnen, Wohnbau, Stadterneuerung und Frauen","Wohnbauförderung und Schlichtungsstelle für wohnrechtliche Angelegenheiten","Montage eines Sonnenschutzes in Wohnungen","1220",1500,1,2024
"Wohnen, Wohnbau, Stadterneuerung und Frauen","Wohnbauförderung und Schlichtungsstelle für wohnrechtliche Angelegenheiten","Montage eines Sonnenschutzes in Wohnungen","1210",684.5,1,2024
"Wohnen, Wohnbau, Stadterneuerung und Frauen","Wohnbauförderung und Schlichtungsstelle für wohnrechtliche Angelegenheiten","Montage eines Sonnenschutzes in Wohnungen","1220",1500,1,2024
"Wohnen, Wohnbau, Stadterneuerung und Frauen","Wohnbauförderung und Schlichtungsstelle für wohnrechtliche Angelegenheiten","Montage eines Sonnenschutzes in Wohnungen","1100",1500,1,2024
"Wohnen, Wohnbau, Stadterneuerung und Frauen","Wohnbauförderung und Schlichtungsstelle für wohnrechtliche Angelegenheiten","Montage eines Sonnenschutzes in Wohnungen","1020",1500,1,2024
"Wohnen, Wohnbau, Stadterneuerung und Frauen","Wohnbauförderung und Schlichtungsstelle für wohnrechtliche Angelegenheiten","Montage eines Sonnenschutzes in Wohnungen","1020",1453.4,1,2024
"Wohnen, Wohnbau, Stadterneuerung und Frauen","Wohnbauförderung und Schlichtungsstelle für wohnrechtliche Angelegenheiten","Montage eines Sonnenschutzes in Wohnungen","1210",1336,1,2024
"Wohnen, Wohnbau, Stadterneuerung und Frauen","Wohnbauförderung und Schlichtungsstelle für wohnrechtliche Angelegenheiten","Montage eines Sonnenschutzes in Wohnungen","1100",1145,1,2024
"Wohnen, Wohnbau, Stadterneuerung und Frauen","Wohnbauförderung und Schlichtungsstelle für wohnrechtliche Angelegenheiten","Montage eines Sonnenschutzes in Wohnungen","1210",1500,1,2024
"Wohnen, Wohnbau, Stadterneuerung und Frauen","Wohnbauförderung und Schlichtungsstelle für wohnrechtliche Angelegenheiten","Montage eines Sonnenschutzes in Wohnungen","1100",1500,1,2024
"Wohnen, Wohnbau, Stadterneuerung und Frauen","Wohnbauförderung und Schlichtungsstelle für wohnrechtliche Angelegenheiten","Montage eines Sonnenschutzes in Wohnungen","1190",1442.5,1,2024
"Wohnen, Wohnbau, Stadterneuerung und Frauen","Wohnbauförderung und Schlichtungsstelle für wohnrechtliche Angelegenheiten","Montage eines Sonnenschutzes in Wohnungen","1100",500.2,1,2024
"Wohnen, Wohnbau, Stadterneuerung und Frauen","Wohnbauförderung und Schlichtungsstelle für wohnrechtliche Angelegenheiten","Montage eines Sonnenschutzes in Wohnungen","1130",709.4,1,2024
"Wohnen, Wohnbau, Stadterneuerung und Frauen","Wohnbauförderung und Schlichtungsstelle für wohnrechtliche Angelegenheiten","Montage eines Sonnenschutzes in Wohnungen","1110",1256.4,1,2024
"Wohnen, Wohnbau, Stadterneuerung und Frauen","Wohnbauförderung und Schlichtungsstelle für wohnrechtliche Angelegenheiten","Montage eines Sonnenschutzes in Wohnungen","1030",1500,1,2024
"Wohnen, Wohnbau, Stadterneuerung und Frauen","Wohnbauförderung und Schlichtungsstelle für wohnrechtliche Angelegenheiten","Montage eines Sonnenschutzes in Wohnungen","1020",487.6,1,2024
"Wohnen, Wohnbau, Stadterneuerung und Frauen","Wohnbauförderung und Schlichtungsstelle für wohnrechtliche Angelegenheiten","Montage eines Sonnenschutzes in Wohnungen","1120",824.1,1,2024
"Wohnen, Wohnbau, Stadterneuerung und Frauen","Wohnbauförderung und Schlichtungsstelle für wohnrechtliche Angelegenheiten","Montage eines Sonnenschutzes in Wohnungen","1220",1382.1,1,2024
"Wohnen, Wohnbau, Stadterneuerung und Frauen","Wohnbauförderung und Schlichtungsstelle für wohnrechtliche Angelegenheiten","Montage eines Sonnenschutzes in Wohnungen","1050",1500,1,2024
"Wohnen, Wohnbau, Stadterneuerung und Frauen","Wohnbauförderung und Schlichtungsstelle für wohnrechtliche Angelegenheiten","Montage eines Sonnenschutzes in Wohnungen","1220",1159.2,1,2024
"Wohnen, Wohnbau, Stadterneuerung und Frauen","Wohnbauförderung und Schlichtungsstelle für wohnrechtliche Angelegenheiten","Montage eines Sonnenschutzes in Wohnungen","1190",1500,1,2024
"Wohnen, Wohnbau, Stadterneuerung und Frauen","Wohnbauförderung und Schlichtungsstelle für wohnrechtliche Angelegenheiten","Montage eines Sonnenschutzes in Wohnungen","1170",1485.1,1,2024
"Wohnen, Wohnbau, Stadterneuerung und Frauen","Wohnbauförderung und Schlichtungsstelle für wohnrechtliche Angelegenheiten","Montage eines Sonnenschutzes in Wohnungen","1220",568.5,1,2024
"Wohnen, Wohnbau, Stadterneuerung und Frauen","Wohnbauförderung und Schlichtungsstelle für wohnrechtliche Angelegenheiten","Montage eines Sonnenschutzes in Wohnungen","1190",1500,1,2024
"Wohnen, Wohnbau, Stadterneuerung und Frauen","Wohnbauförderung und Schlichtungsstelle für wohnrechtliche Angelegenheiten","Montage eines Sonnenschutzes in Wohnungen","1030",485,1,2024
"Wohnen, Wohnbau, Stadterneuerung und Frauen","Wohnbauförderung und Schlichtungsstelle für wohnrechtliche Angelegenheiten","Montage eines Sonnenschutzes in Wohnungen","1030",1500,1,2024
"Wohnen, Wohnbau, Stadterneuerung und Frauen","Wohnbauförderung und Schlichtungsstelle für wohnrechtliche Angelegenheiten","Montage eines Sonnenschutzes in Wohnungen","1190",1277.4,1,2024
"Wohnen, Wohnbau, Stadterneuerung und Frauen","Wohnbauförderung und Schlichtungsstelle für wohnrechtliche Angelegenheiten","Montage eines Sonnenschutzes in Wohnungen","1210",616.2,1,2024
"Wohnen, Wohnbau, Stadterneuerung und Frauen","Wohnbauförderung und Schlichtungsstelle für wohnrechtliche Angelegenheiten","Montage eines Sonnenschutzes in Wohnungen","1100",795,1,2024
"Wohnen, Wohnbau, Stadterneuerung und Frauen","Wohnbauförderung und Schlichtungsstelle für wohnrechtliche Angelegenheiten","Montage eines Sonnenschutzes in Wohnungen","1080",1083,1,2024
"Wohnen, Wohnbau, Stadterneuerung und Frauen","Wohnbauförderung und Schlichtungsstelle für wohnrechtliche Angelegenheiten","Montage eines Sonnenschutzes in Wohnungen","1020",1500,1,2024
"Wohnen, Wohnbau, Stadterneuerung und Frauen","Wohnbauförderung und Schlichtungsstelle für wohnrechtliche Angelegenheiten","Montage eines Sonnenschutzes in Wohnungen","1210",1464.3,1,2024
"Wohnen, Wohnbau, Stadterneuerung und Frauen","Wohnbauförderung und Schlichtungsstelle für wohnrechtliche Angelegenheiten","Montage eines Sonnenschutzes in Wohnungen","1030",815,1,2024
"Wohnen, Wohnbau, Stadterneuerung und Frauen","Wohnbauförderung und Schlichtungsstelle für wohnrechtliche Angelegenheiten","Montage eines Sonnenschutzes in Wohnungen","1130",861,1,2024
"Wohnen, Wohnbau, Stadterneuerung und Frauen","Wohnbauförderung und Schlichtungsstelle für wohnrechtliche Angelegenheiten","Montage eines Sonnenschutzes in Wohnungen","1100",1500,1,2024
"Wohnen, Wohnbau, Stadterneuerung und Frauen","Wohnbauförderung und Schlichtungsstelle für wohnrechtliche Angelegenheiten","Montage eines Sonnenschutzes in Wohnungen","1080",1500,1,2024
"Wohnen, Wohnbau, Stadterneuerung und Frauen","Wohnbauförderung und Schlichtungsstelle für wohnrechtliche Angelegenheiten","Montage eines Sonnenschutzes in Wohnungen","1210",1294.8,1,2024
"Wohnen, Wohnbau, Stadterneuerung und Frauen","Wohnbauförderung und Schlichtungsstelle für wohnrechtliche Angelegenheiten","Montage eines Sonnenschutzes in Wohnungen","3400",832,1,2024
"Wohnen, Wohnbau, Stadterneuerung und Frauen","Wohnbauförderung und Schlichtungsstelle für wohnrechtliche Angelegenheiten","Montage eines Sonnenschutzes in Wohnungen","1030",1500,1,2024
"Wohnen, Wohnbau, Stadterneuerung und Frauen","Wohnbauförderung und Schlichtungsstelle für wohnrechtliche Angelegenheiten","Montage eines Sonnenschutzes in Wohnungen","1210",1500,1,2024
"Wohnen, Wohnbau, Stadterneuerung und Frauen","Wohnbauförderung und Schlichtungsstelle für wohnrechtliche Angelegenheiten","Montage eines Sonnenschutzes in Wohnungen","1220",1500,1,2024
"Wohnen, Wohnbau, Stadterneuerung und Frauen","Wohnbauförderung und Schlichtungsstelle für wohnrechtliche Angelegenheiten","Montage eines Sonnenschutzes in Wohnungen","1100",1350,1,2024
"Wohnen, Wohnbau, Stadterneuerung und Frauen","Wohnbauförderung und Schlichtungsstelle für wohnrechtliche Angelegenheiten","Montage eines Sonnenschutzes in Wohnungen","1060",1500,1,2024
"Wohnen, Wohnbau, Stadterneuerung und Frauen","Wohnbauförderung und Schlichtungsstelle für wohnrechtliche Angelegenheiten","Montage eines Sonnenschutzes in Wohnungen","1220",1500,1,2024
"Wohnen, Wohnbau, Stadterneuerung und Frauen","Wohnbauförderung und Schlichtungsstelle für wohnrechtliche Angelegenheiten","Montage eines Sonnenschutzes in Wohnungen","1210",1500,1,2024
"Wohnen, Wohnbau, Stadterneuerung und Frauen","Wohnbauförderung und Schlichtungsstelle für wohnrechtliche Angelegenheiten","Montage eines Sonnenschutzes in Wohnungen","1020",554.9,1,2024
"Wohnen, Wohnbau, Stadterneuerung und Frauen","Wohnbauförderung und Schlichtungsstelle für wohnrechtliche Angelegenheiten","Montage eines Sonnenschutzes in Wohnungen","1210",1500,1,2024
"Wohnen, Wohnbau, Stadterneuerung und Frauen","Wohnbauförderung und Schlichtungsstelle für wohnrechtliche Angelegenheiten","Montage eines Sonnenschutzes in Wohnungen","1030",1500,1,2024
"Wohnen, Wohnbau, Stadterneuerung und Frauen","Wohnbauförderung und Schlichtungsstelle für wohnrechtliche Angelegenheiten","Montage eines Sonnenschutzes in Wohnungen","1030",571.1,1,2024
"Wohnen, Wohnbau, Stadterneuerung und Frauen","Wohnbauförderung und Schlichtungsstelle für wohnrechtliche Angelegenheiten","Montage eines Sonnenschutzes in Wohnungen","1220",1500,1,2024
"Wohnen, Wohnbau, Stadterneuerung und Frauen","Wohnbauförderung und Schlichtungsstelle für wohnrechtliche Angelegenheiten","Montage eines Sonnenschutzes in Wohnungen","1190",1500,1,2024
"Wohnen, Wohnbau, Stadterneuerung und Frauen","Wohnbauförderung und Schlichtungsstelle für wohnrechtliche Angelegenheiten","Montage eines Sonnenschutzes in Wohnungen","1120",1500,1,2024
"Wohnen, Wohnbau, Stadterneuerung und Frauen","Wohnbauförderung und Schlichtungsstelle für wohnrechtliche Angelegenheiten","Montage eines Sonnenschutzes in Wohnungen","1160",803.1,1,2024
"Wohnen, Wohnbau, Stadterneuerung und Frauen","Wohnbauförderung und Schlichtungsstelle für wohnrechtliche Angelegenheiten","Montage eines Sonnenschutzes in Wohnungen","1020",843.5,1,2024
"Wohnen, Wohnbau, Stadterneuerung und Frauen","Wohnbauförderung und Schlichtungsstelle für wohnrechtliche Angelegenheiten","Montage eines Sonnenschutzes in Wohnungen","1210",1500,1,2024
"Wohnen, Wohnbau, Stadterneuerung und Frauen","Wohnbauförderung und Schlichtungsstelle für wohnrechtliche Angelegenheiten","Montage eines Sonnenschutzes in Wohnungen","1210",861.7,1,2024
"Wohnen, Wohnbau, Stadterneuerung und Frauen","Wohnbauförderung und Schlichtungsstelle für wohnrechtliche Angelegenheiten","Montage eines Sonnenschutzes in Wohnungen","1210",1147,1,2024
"Wohnen, Wohnbau, Stadterneuerung und Frauen","Wohnbauförderung und Schlichtungsstelle für wohnrechtliche Angelegenheiten","Montage eines Sonnenschutzes in Wohnungen","1210",1214.4,1,2024
"Wohnen, Wohnbau, Stadterneuerung und Frauen","Wohnbauförderung und Schlichtungsstelle für wohnrechtliche Angelegenheiten","Montage eines Sonnenschutzes in Wohnungen","1100",1156.7,1,2024
"Wohnen, Wohnbau, Stadterneuerung und Frauen","Wohnbauförderung und Schlichtungsstelle für wohnrechtliche Angelegenheiten","Montage eines Sonnenschutzes in Wohnungen","1210",497.9,1,2024
"Wohnen, Wohnbau, Stadterneuerung und Frauen","Wohnbauförderung und Schlichtungsstelle für wohnrechtliche Angelegenheiten","Montage eines Sonnenschutzes in Wohnungen","1060",1500,1,2024
"Wohnen, Wohnbau, Stadterneuerung und Frauen","Wohnbauförderung und Schlichtungsstelle für wohnrechtliche Angelegenheiten","Montage eines Sonnenschutzes in Wohnungen","2733",1112.2,1,2024
"Wohnen, Wohnbau, Stadterneuerung und Frauen","Wohnbauförderung und Schlichtungsstelle für wohnrechtliche Angelegenheiten","Montage eines Sonnenschutzes in Wohnungen","1060",1500,1,2024
"Wohnen, Wohnbau, Stadterneuerung und Frauen","Wohnbauförderung und Schlichtungsstelle für wohnrechtliche Angelegenheiten","Montage eines Sonnenschutzes in Wohnungen","1020",1500,1,2024
"Wohnen, Wohnbau, Stadterneuerung und Frauen","Wohnbauförderung und Schlichtungsstelle für wohnrechtliche Angelegenheiten","Montage eines Sonnenschutzes in Wohnungen","1210",1351.8,1,2024
"Wohnen, Wohnbau, Stadterneuerung und Frauen","Wohnbauförderung und Schlichtungsstelle für wohnrechtliche Angelegenheiten","Montage eines Sonnenschutzes in Wohnungen","4048",521.2,1,2024
"Wohnen, Wohnbau, Stadterneuerung und Frauen","Wohnbauförderung und Schlichtungsstelle für wohnrechtliche Angelegenheiten","Montage eines Sonnenschutzes in Wohnungen","1210",270,1,2024
"Wohnen, Wohnbau, Stadterneuerung und Frauen","Wohnbauförderung und Schlichtungsstelle für wohnrechtliche Angelegenheiten","Montage eines Sonnenschutzes in Wohnungen","1210",1107,1,2024
"Wohnen, Wohnbau, Stadterneuerung und Frauen","Wohnbauförderung und Schlichtungsstelle für wohnrechtliche Angelegenheiten","Montage eines Sonnenschutzes in Wohnungen","1140",1169.5,1,2024
"Wohnen, Wohnbau, Stadterneuerung und Frauen","Wohnbauförderung und Schlichtungsstelle für wohnrechtliche Angelegenheiten","Montage eines Sonnenschutzes in Wohnungen","1020",324,1,2024
"Wohnen, Wohnbau, Stadterneuerung und Frauen","Wohnbauförderung und Schlichtungsstelle für wohnrechtliche Angelegenheiten","Montage eines Sonnenschutzes in Wohnungen","1210",799.5,1,2024
"Wohnen, Wohnbau, Stadterneuerung und Frauen","Wohnbauförderung und Schlichtungsstelle für wohnrechtliche Angelegenheiten","Montage eines Sonnenschutzes in Wohnungen","1210",1377.55,1,2024
"Wohnen, Wohnbau, Stadterneuerung und Frauen","Wohnbauförderung und Schlichtungsstelle für wohnrechtliche Angelegenheiten","Montage eines Sonnenschutzes in Wohnungen","1210",1500,1,2024
"Wohnen, Wohnbau, Stadterneuerung und Frauen","Wohnbauförderung und Schlichtungsstelle für wohnrechtliche Angelegenheiten","Montage eines Sonnenschutzes in Wohnungen","1210",1500,1,2024
"Wohnen, Wohnbau, Stadterneuerung und Frauen","Wohnbauförderung und Schlichtungsstelle für wohnrechtliche Angelegenheiten","Montage eines Sonnenschutzes in Wohnungen","1030",980.4,1,2024
"Wohnen, Wohnbau, Stadterneuerung und Frauen","Wohnbauförderung und Schlichtungsstelle für wohnrechtliche Angelegenheiten","Montage eines Sonnenschutzes in Wohnungen","1210",1042.8,1,2024
"Wohnen, Wohnbau, Stadterneuerung und Frauen","Wohnbauförderung und Schlichtungsstelle für wohnrechtliche Angelegenheiten","Montage eines Sonnenschutzes in Wohnungen","1100",675,1,2024
"Wohnen, Wohnbau, Stadterneuerung und Frauen","Wohnbauförderung und Schlichtungsstelle für wohnrechtliche Angelegenheiten","Montage eines Sonnenschutzes in Wohnungen","1120",1500,1,2024
"Wohnen, Wohnbau, Stadterneuerung und Frauen","Wohnbauförderung und Schlichtungsstelle für wohnrechtliche Angelegenheiten","Montage eines Sonnenschutzes in Wohnungen","1030",200,1,2024
"Wohnen, Wohnbau, Stadterneuerung und Frauen","Wohnbauförderung und Schlichtungsstelle für wohnrechtliche Angelegenheiten","Montage eines Sonnenschutzes in Wohnungen","1210",1157.2,1,2024
"Wohnen, Wohnbau, Stadterneuerung und Frauen","Wohnbauförderung und Schlichtungsstelle für wohnrechtliche Angelegenheiten","Montage eines Sonnenschutzes in Wohnungen","1210",1500,1,2024
"Wohnen, Wohnbau, Stadterneuerung und Frauen","Wohnbauförderung und Schlichtungsstelle für wohnrechtliche Angelegenheiten","Montage eines Sonnenschutzes in Wohnungen","1200",1175.4,1,2024
"Wohnen, Wohnbau, Stadterneuerung und Frauen","Wohnbauförderung und Schlichtungsstelle für wohnrechtliche Angelegenheiten","Montage eines Sonnenschutzes in Wohnungen","1210",844.1,1,2024
"Wohnen, Wohnbau, Stadterneuerung und Frauen","Wohnbauförderung und Schlichtungsstelle für wohnrechtliche Angelegenheiten","Montage eines Sonnenschutzes in Wohnungen","7361",1260,1,2024
"Wohnen, Wohnbau, Stadterneuerung und Frauen","Wohnbauförderung und Schlichtungsstelle für wohnrechtliche Angelegenheiten","Montage eines Sonnenschutzes in Wohnungen","1210",1500,1,2024
"Wohnen, Wohnbau, Stadterneuerung und Frauen","Wohnbauförderung und Schlichtungsstelle für wohnrechtliche Angelegenheiten","Montage eines Sonnenschutzes in Wohnungen","1110",1500,1,2024
"Wohnen, Wohnbau, Stadterneuerung und Frauen","Wohnbauförderung und Schlichtungsstelle für wohnrechtliche Angelegenheiten","Montage eines Sonnenschutzes in Wohnungen","1210",992.5,1,2024
"Wohnen, Wohnbau, Stadterneuerung und Frauen","Wohnbauförderung und Schlichtungsstelle für wohnrechtliche Angelegenheiten","Montage eines Sonnenschutzes in Wohnungen","1210",1500,1,2024
"Wohnen, Wohnbau, Stadterneuerung und Frauen","Wohnbauförderung und Schlichtungsstelle für wohnrechtliche Angelegenheiten","Montage eines Sonnenschutzes in Wohnungen","1210",1050,1,2024
"Wohnen, Wohnbau, Stadterneuerung und Frauen","Wohnbauförderung und Schlichtungsstelle für wohnrechtliche Angelegenheiten","Montage eines Sonnenschutzes in Wohnungen","1210",860,1,2024
"Wohnen, Wohnbau, Stadterneuerung und Frauen","Wohnbauförderung und Schlichtungsstelle für wohnrechtliche Angelegenheiten","Montage eines Sonnenschutzes in Wohnungen","1190",1346,1,2024
"Wohnen, Wohnbau, Stadterneuerung und Frauen","Wohnbauförderung und Schlichtungsstelle für wohnrechtliche Angelegenheiten","Montage eines Sonnenschutzes in Wohnungen","1050",1000,1,2024
"Wohnen, Wohnbau, Stadterneuerung und Frauen","Wohnbauförderung und Schlichtungsstelle für wohnrechtliche Angelegenheiten","Montage eines Sonnenschutzes in Wohnungen","1100",1151.5,1,2024
"Wohnen, Wohnbau, Stadterneuerung und Frauen","Wohnbauförderung und Schlichtungsstelle für wohnrechtliche Angelegenheiten","Montage eines Sonnenschutzes in Wohnungen","1100",1468.5,1,2024
"Wohnen, Wohnbau, Stadterneuerung und Frauen","Wohnbauförderung und Schlichtungsstelle für wohnrechtliche Angelegenheiten","Montage eines Sonnenschutzes in Wohnungen","1030",525.6,1,2024
"Wohnen, Wohnbau, Stadterneuerung und Frauen","Wohnbauförderung und Schlichtungsstelle für wohnrechtliche Angelegenheiten","Montage eines Sonnenschutzes in Wohnungen","1020",1500,1,2024
"Wohnen, Wohnbau, Stadterneuerung und Frauen","Wohnbauförderung und Schlichtungsstelle für wohnrechtliche Angelegenheiten","Montage eines Sonnenschutzes in Wohnungen","1210",842.5,1,2024
"Wohnen, Wohnbau, Stadterneuerung und Frauen","Wohnbauförderung und Schlichtungsstelle für wohnrechtliche Angelegenheiten","Montage eines Sonnenschutzes in Wohnungen","1210",982.5,1,2024
"Wohnen, Wohnbau, Stadterneuerung und Frauen","Wohnbauförderung und Schlichtungsstelle für wohnrechtliche Angelegenheiten","Montage eines Sonnenschutzes in Wohnungen","1080",816,1,2024
"Wohnen, Wohnbau, Stadterneuerung und Frauen","Wohnbauförderung und Schlichtungsstelle für wohnrechtliche Angelegenheiten","Montage eines Sonnenschutzes in Wohnungen","1210",1500,1,2024
"Wohnen, Wohnbau, Stadterneuerung und Frauen","Wohnbauförderung und Schlichtungsstelle für wohnrechtliche Angelegenheiten","Montage eines Sonnenschutzes in Wohnungen","1100",1500,1,2024
"Wohnen, Wohnbau, Stadterneuerung und Frauen","Wohnbauförderung und Schlichtungsstelle für wohnrechtliche Angelegenheiten","Montage eines Sonnenschutzes in Wohnungen","1160",672,1,2024
"Wohnen, Wohnbau, Stadterneuerung und Frauen","Wohnbauförderung und Schlichtungsstelle für wohnrechtliche Angelegenheiten","Montage eines Sonnenschutzes in Wohnungen","1020",1232.8,1,2024
"Wohnen, Wohnbau, Stadterneuerung und Frauen","Wohnbauförderung und Schlichtungsstelle für wohnrechtliche Angelegenheiten","Montage eines Sonnenschutzes in Wohnungen","1200",1114.9,1,2024
"Wohnen, Wohnbau, Stadterneuerung und Frauen","Wohnbauförderung und Schlichtungsstelle für wohnrechtliche Angelegenheiten","Montage eines Sonnenschutzes in Wohnungen","1020",1500,1,2024
"Wohnen, Wohnbau, Stadterneuerung und Frauen","Wohnbauförderung und Schlichtungsstelle für wohnrechtliche Angelegenheiten","Montage eines Sonnenschutzes in Wohnungen","1060",669,1,2024
"Wohnen, Wohnbau, Stadterneuerung und Frauen","Wohnbauförderung und Schlichtungsstelle für wohnrechtliche Angelegenheiten","Montage eines Sonnenschutzes in Wohnungen","1210",265.1,1,2024
"Wohnen, Wohnbau, Stadterneuerung und Frauen","Wohnbauförderung und Schlichtungsstelle für wohnrechtliche Angelegenheiten","Montage eines Sonnenschutzes in Wohnungen","1030",642,1,2024
"Wohnen, Wohnbau, Stadterneuerung und Frauen","Wohnbauförderung und Schlichtungsstelle für wohnrechtliche Angelegenheiten","Montage eines Sonnenschutzes in Wohnungen","1190",1500,1,2024
"Wohnen, Wohnbau, Stadterneuerung und Frauen","Wohnbauförderung und Schlichtungsstelle für wohnrechtliche Angelegenheiten","Montage eines Sonnenschutzes in Wohnungen","1120",675.8,1,2024
"Wohnen, Wohnbau, Stadterneuerung und Frauen","Wohnbauförderung und Schlichtungsstelle für wohnrechtliche Angelegenheiten","Montage eines Sonnenschutzes in Wohnungen","1110",924,1,2024
"Wohnen, Wohnbau, Stadterneuerung und Frauen","Wohnbauförderung und Schlichtungsstelle für wohnrechtliche Angelegenheiten","Montage eines Sonnenschutzes in Wohnungen","1030",1500,1,2024
"Wohnen, Wohnbau, Stadterneuerung und Frauen","Wohnbauförderung und Schlichtungsstelle für wohnrechtliche Angelegenheiten","Montage eines Sonnenschutzes in Wohnungen","1100",1500,1,2024
"Wohnen, Wohnbau, Stadterneuerung und Frauen","Wohnbauförderung und Schlichtungsstelle für wohnrechtliche Angelegenheiten","Montage eines Sonnenschutzes in Wohnungen","1020",1500,1,2024
"Wohnen, Wohnbau, Stadterneuerung und Frauen","Wohnbauförderung und Schlichtungsstelle für wohnrechtliche Angelegenheiten","Montage eines Sonnenschutzes in Wohnungen","1020",1500,1,2024
"Wohnen, Wohnbau, Stadterneuerung und Frauen","Wohnbauförderung und Schlichtungsstelle für wohnrechtliche Angelegenheiten","Montage eines Sonnenschutzes in Wohnungen","1100",1500,1,2024
"Wohnen, Wohnbau, Stadterneuerung und Frauen","Wohnbauförderung und Schlichtungsstelle für wohnrechtliche Angelegenheiten","Montage eines Sonnenschutzes in Wohnungen","1030",1500,1,2024
"Wohnen, Wohnbau, Stadterneuerung und Frauen","Wohnbauförderung und Schlichtungsstelle für wohnrechtliche Angelegenheiten","Montage eines Sonnenschutzes in Wohnungen","1100",1000,1,2024
"Wohnen, Wohnbau, Stadterneuerung und Frauen","Wohnbauförderung und Schlichtungsstelle für wohnrechtliche Angelegenheiten","Montage eines Sonnenschutzes in Wohnungen","1030",665.5,1,2024
"Wohnen, Wohnbau, Stadterneuerung und Frauen","Wohnbauförderung und Schlichtungsstelle für wohnrechtliche Angelegenheiten","Montage eines Sonnenschutzes in Wohnungen","1190",849,1,2024
"Wohnen, Wohnbau, Stadterneuerung und Frauen","Wohnbauförderung und Schlichtungsstelle für wohnrechtliche Angelegenheiten","Montage eines Sonnenschutzes in Wohnungen","1100",977,1,2024
"Wohnen, Wohnbau, Stadterneuerung und Frauen","Wohnbauförderung und Schlichtungsstelle für wohnrechtliche Angelegenheiten","Montage eines Sonnenschutzes in Wohnungen","1060",1325,1,2024
"Wohnen, Wohnbau, Stadterneuerung und Frauen","Wohnbauförderung und Schlichtungsstelle für wohnrechtliche Angelegenheiten","Montage eines Sonnenschutzes in Wohnungen","1220",1500,1,2024
"Wohnen, Wohnbau, Stadterneuerung und Frauen","Wohnbauförderung und Schlichtungsstelle für wohnrechtliche Angelegenheiten","Montage eines Sonnenschutzes in Wohnungen","1050",311.4,1,2024
"Wohnen, Wohnbau, Stadterneuerung und Frauen","Wohnbauförderung und Schlichtungsstelle für wohnrechtliche Angelegenheiten","Montage eines Sonnenschutzes in Wohnungen","1100",1500,1,2024
"Wohnen, Wohnbau, Stadterneuerung und Frauen","Wohnbauförderung und Schlichtungsstelle für wohnrechtliche Angelegenheiten","Montage eines Sonnenschutzes in Wohnungen","1210",1500,1,2024
"Wohnen, Wohnbau, Stadterneuerung und Frauen","Wohnbauförderung und Schlichtungsstelle für wohnrechtliche Angelegenheiten","Montage eines Sonnenschutzes in Wohnungen","1020",328.5,1,2024
"Wohnen, Wohnbau, Stadterneuerung und Frauen","Wohnbauförderung und Schlichtungsstelle für wohnrechtliche Angelegenheiten","Montage eines Sonnenschutzes in Wohnungen","1030",1500,1,2024
"Wohnen, Wohnbau, Stadterneuerung und Frauen","Wohnbauförderung und Schlichtungsstelle für wohnrechtliche Angelegenheiten","Montage eines Sonnenschutzes in Wohnungen","1020",433.5,1,2024
"Wohnen, Wohnbau, Stadterneuerung und Frauen","Wohnbauförderung und Schlichtungsstelle für wohnrechtliche Angelegenheiten","Montage eines Sonnenschutzes in Wohnungen","1020",626.5,1,2024
"Wohnen, Wohnbau, Stadterneuerung und Frauen","Wohnbauförderung und Schlichtungsstelle für wohnrechtliche Angelegenheiten","Montage eines Sonnenschutzes in Wohnungen","1020",1500,1,2024
"Wohnen, Wohnbau, Stadterneuerung und Frauen","Wohnbauförderung und Schlichtungsstelle für wohnrechtliche Angelegenheiten","Montage eines Sonnenschutzes in Wohnungen","1100",996,1,2024
"Wohnen, Wohnbau, Stadterneuerung und Frauen","Wohnbauförderung und Schlichtungsstelle für wohnrechtliche Angelegenheiten","Montage eines Sonnenschutzes in Wohnungen","1200",1500,1,2024
"Wohnen, Wohnbau, Stadterneuerung und Frauen","Wohnbauförderung und Schlichtungsstelle für wohnrechtliche Angelegenheiten","Montage eines Sonnenschutzes in Wohnungen","1170",1500,1,2024
"Wohnen, Wohnbau, Stadterneuerung und Frauen","Wohnbauförderung und Schlichtungsstelle für wohnrechtliche Angelegenheiten","Montage eines Sonnenschutzes in Wohnungen","1020",1500,1,2024
"Wohnen, Wohnbau, Stadterneuerung und Frauen","Wohnbauförderung und Schlichtungsstelle für wohnrechtliche Angelegenheiten","Montage eines Sonnenschutzes in Wohnungen","1200",1152.6,1,2024
"Wohnen, Wohnbau, Stadterneuerung und Frauen","Wohnbauförderung und Schlichtungsstelle für wohnrechtliche Angelegenheiten","Montage eines Sonnenschutzes in Wohnungen","1030",1500,1,2024
"Wohnen, Wohnbau, Stadterneuerung und Frauen","Wohnbauförderung und Schlichtungsstelle für wohnrechtliche Angelegenheiten","Montage eines Sonnenschutzes in Wohnungen","1120",1500,1,2024
"Wohnen, Wohnbau, Stadterneuerung und Frauen","Wohnbauförderung und Schlichtungsstelle für wohnrechtliche Angelegenheiten","Montage eines Sonnenschutzes in Wohnungen","1100",1500,1,2024
"Wohnen, Wohnbau, Stadterneuerung und Frauen","Wohnbauförderung und Schlichtungsstelle für wohnrechtliche Angelegenheiten","Montage eines Sonnenschutzes in Wohnungen","1100",1500,1,2024
"Wohnen, Wohnbau, Stadterneuerung und Frauen","Wohnbauförderung und Schlichtungsstelle für wohnrechtliche Angelegenheiten","Montage eines Sonnenschutzes in Wohnungen","1100",1446.6,1,2024
"Wohnen, Wohnbau, Stadterneuerung und Frauen","Wohnbauförderung und Schlichtungsstelle für wohnrechtliche Angelegenheiten","Montage eines Sonnenschutzes in Wohnungen","1040",810,1,2024
"Wohnen, Wohnbau, Stadterneuerung und Frauen","Wohnbauförderung und Schlichtungsstelle für wohnrechtliche Angelegenheiten","Montage eines Sonnenschutzes in Wohnungen","1100",1500,1,2024
"Wohnen, Wohnbau, Stadterneuerung und Frauen","Wohnbauförderung und Schlichtungsstelle für wohnrechtliche Angelegenheiten","Montage eines Sonnenschutzes in Wohnungen","1210",1500,1,2024
"Wohnen, Wohnbau, Stadterneuerung und Frauen","Wohnbauförderung und Schlichtungsstelle für wohnrechtliche Angelegenheiten","Montage eines Sonnenschutzes in Wohnungen","1030",300,1,2024
"Wohnen, Wohnbau, Stadterneuerung und Frauen","Wohnbauförderung und Schlichtungsstelle für wohnrechtliche Angelegenheiten","Montage eines Sonnenschutzes in Wohnungen","1210",1500,1,2024
"Wohnen, Wohnbau, Stadterneuerung und Frauen","Wohnbauförderung und Schlichtungsstelle für wohnrechtliche Angelegenheiten","Montage eines Sonnenschutzes in Wohnungen","1020",827.4,1,2024
"Wohnen, Wohnbau, Stadterneuerung und Frauen","Wohnbauförderung und Schlichtungsstelle für wohnrechtliche Angelegenheiten","Montage eines Sonnenschutzes in Wohnungen","1210",1071.7,1,2024
"Wohnen, Wohnbau, Stadterneuerung und Frauen","Wohnbauförderung und Schlichtungsstelle für wohnrechtliche Angelegenheiten","Montage eines Sonnenschutzes in Wohnungen","1210",1500,1,2024
"Wohnen, Wohnbau, Stadterneuerung und Frauen","Wohnbauförderung und Schlichtungsstelle für wohnrechtliche Angelegenheiten","Montage eines Sonnenschutzes in Wohnungen","1030",485,1,2024
"Wohnen, Wohnbau, Stadterneuerung und Frauen","Wohnbauförderung und Schlichtungsstelle für wohnrechtliche Angelegenheiten","Montage eines Sonnenschutzes in Wohnungen","1020",828,1,2024
"Wohnen, Wohnbau, Stadterneuerung und Frauen","Wohnbauförderung und Schlichtungsstelle für wohnrechtliche Angelegenheiten","Montage eines Sonnenschutzes in Wohnungen","1080",1156,1,2024
"Wohnen, Wohnbau, Stadterneuerung und Frauen","Wohnbauförderung und Schlichtungsstelle für wohnrechtliche Angelegenheiten","Montage eines Sonnenschutzes in Wohnungen","1170",954.3,1,2024
"Wohnen, Wohnbau, Stadterneuerung und Frauen","Wohnbauförderung und Schlichtungsstelle für wohnrechtliche Angelegenheiten","Montage eines Sonnenschutzes in Wohnungen","1020",1500,1,2024
"Wohnen, Wohnbau, Stadterneuerung und Frauen","Wohnbauförderung und Schlichtungsstelle für wohnrechtliche Angelegenheiten","Montage eines Sonnenschutzes in Wohnungen","1210",445,1,2024
"Wohnen, Wohnbau, Stadterneuerung und Frauen","Wohnbauförderung und Schlichtungsstelle für wohnrechtliche Angelegenheiten","Montage eines Sonnenschutzes in Wohnungen","1200",1500,1,2024
"Wohnen, Wohnbau, Stadterneuerung und Frauen","Wohnbauförderung und Schlichtungsstelle für wohnrechtliche Angelegenheiten","Montage eines Sonnenschutzes in Wohnungen","1030",905.2,1,2024
"Wohnen, Wohnbau, Stadterneuerung und Frauen","Wohnbauförderung und Schlichtungsstelle für wohnrechtliche Angelegenheiten","Montage eines Sonnenschutzes in Wohnungen","1210",1500,1,2024
"Wohnen, Wohnbau, Stadterneuerung und Frauen","Wohnbauförderung und Schlichtungsstelle für wohnrechtliche Angelegenheiten","Montage eines Sonnenschutzes in Wohnungen","1020",1500,1,2024
"Wohnen, Wohnbau, Stadterneuerung und Frauen","Wohnbauförderung und Schlichtungsstelle für wohnrechtliche Angelegenheiten","Montage eines Sonnenschutzes in Wohnungen","1020",1500,1,2024
"Wohnen, Wohnbau, Stadterneuerung und Frauen","Wohnbauförderung und Schlichtungsstelle für wohnrechtliche Angelegenheiten","Montage eines Sonnenschutzes in Wohnungen","1100",1500,1,2024
"Wohnen, Wohnbau, Stadterneuerung und Frauen","Wohnbauförderung und Schlichtungsstelle für wohnrechtliche Angelegenheiten","Montage eines Sonnenschutzes in Wohnungen","1020",1500,1,2024
"Wohnen, Wohnbau, Stadterneuerung und Frauen","Wohnbauförderung und Schlichtungsstelle für wohnrechtliche Angelegenheiten","Montage eines Sonnenschutzes in Wohnungen","1020",922.3,1,2024
"Wohnen, Wohnbau, Stadterneuerung und Frauen","Wohnbauförderung und Schlichtungsstelle für wohnrechtliche Angelegenheiten","Montage eines Sonnenschutzes in Wohnungen","1070",1086,1,2024
"Wohnen, Wohnbau, Stadterneuerung und Frauen","Wohnbauförderung und Schlichtungsstelle für wohnrechtliche Angelegenheiten","Montage eines Sonnenschutzes in Wohnungen","1230",224.9,1,2024
"Wohnen, Wohnbau, Stadterneuerung und Frauen","Wohnbauförderung und Schlichtungsstelle für wohnrechtliche Angelegenheiten","Montage eines Sonnenschutzes in Wohnungen","1210",1500,1,2024
"Wohnen, Wohnbau, Stadterneuerung und Frauen","Wohnbauförderung und Schlichtungsstelle für wohnrechtliche Angelegenheiten","Montage eines Sonnenschutzes in Wohnungen","1230",368.9,1,2024
"Wohnen, Wohnbau, Stadterneuerung und Frauen","Wohnbauförderung und Schlichtungsstelle für wohnrechtliche Angelegenheiten","Montage eines Sonnenschutzes in Wohnungen","1180",1134.5,1,2024
"Wohnen, Wohnbau, Stadterneuerung und Frauen","Wohnbauförderung und Schlichtungsstelle für wohnrechtliche Angelegenheiten","Montage eines Sonnenschutzes in Wohnungen","1100",540,1,2024
"Wohnen, Wohnbau, Stadterneuerung und Frauen","Wohnbauförderung und Schlichtungsstelle für wohnrechtliche Angelegenheiten","Montage eines Sonnenschutzes in Wohnungen","1100",1088.4,1,2024
"Wohnen, Wohnbau, Stadterneuerung und Frauen","Wohnbauförderung und Schlichtungsstelle für wohnrechtliche Angelegenheiten","Montage eines Sonnenschutzes in Wohnungen","1030",510,1,2024
"Wohnen, Wohnbau, Stadterneuerung und Frauen","Wohnbauförderung und Schlichtungsstelle für wohnrechtliche Angelegenheiten","Montage eines Sonnenschutzes in Wohnungen","1020",1500,1,2024
"Wohnen, Wohnbau, Stadterneuerung und Frauen","Wohnbauförderung und Schlichtungsstelle für wohnrechtliche Angelegenheiten","Montage eines Sonnenschutzes in Wohnungen","1100",1470.9,1,2024
"Wohnen, Wohnbau, Stadterneuerung und Frauen","Wohnbauförderung und Schlichtungsstelle für wohnrechtliche Angelegenheiten","Montage eines Sonnenschutzes in Wohnungen","1100",947.4,1,2024
"Wohnen, Wohnbau, Stadterneuerung und Frauen","Wohnbauförderung und Schlichtungsstelle für wohnrechtliche Angelegenheiten","Montage eines Sonnenschutzes in Wohnungen","1210",1500,1,2024
"Wohnen, Wohnbau, Stadterneuerung und Frauen","Wohnbauförderung und Schlichtungsstelle für wohnrechtliche Angelegenheiten","Montage eines Sonnenschutzes in Wohnungen","1190",713.4,1,2024
"Wohnen, Wohnbau, Stadterneuerung und Frauen","Wohnbauförderung und Schlichtungsstelle für wohnrechtliche Angelegenheiten","Montage eines Sonnenschutzes in Wohnungen","1030",1336.2,1,2024
"Wohnen, Wohnbau, Stadterneuerung und Frauen","Wohnbauförderung und Schlichtungsstelle für wohnrechtliche Angelegenheiten","Montage eines Sonnenschutzes in Wohnungen","1100",1039.8,1,2024
"Wohnen, Wohnbau, Stadterneuerung und Frauen","Wohnbauförderung und Schlichtungsstelle für wohnrechtliche Angelegenheiten","Montage eines Sonnenschutzes in Wohnungen","1160",106,1,2024
"Wohnen, Wohnbau, Stadterneuerung und Frauen","Wohnbauförderung und Schlichtungsstelle für wohnrechtliche Angelegenheiten","Montage eines Sonnenschutzes in Wohnungen","1030",752.6,1,2024
"Wohnen, Wohnbau, Stadterneuerung und Frauen","Wohnbauförderung und Schlichtungsstelle für wohnrechtliche Angelegenheiten","Montage eines Sonnenschutzes in Wohnungen","1100",308,1,2024
"Wohnen, Wohnbau, Stadterneuerung und Frauen","Wohnbauförderung und Schlichtungsstelle für wohnrechtliche Angelegenheiten","Montage eines Sonnenschutzes in Wohnungen","2352",1500,1,2024
"Wohnen, Wohnbau, Stadterneuerung und Frauen","Wohnbauförderung und Schlichtungsstelle für wohnrechtliche Angelegenheiten","Montage eines Sonnenschutzes in Wohnungen","1040",1176.6,1,2024
"Wohnen, Wohnbau, Stadterneuerung und Frauen","Wohnbauförderung und Schlichtungsstelle für wohnrechtliche Angelegenheiten","Montage eines Sonnenschutzes in Wohnungen","1210",752.6,1,2024
"Wohnen, Wohnbau, Stadterneuerung und Frauen","Wohnbauförderung und Schlichtungsstelle für wohnrechtliche Angelegenheiten","Montage eines Sonnenschutzes in Wohnungen","1030",1179.4,1,2024
"Wohnen, Wohnbau, Stadterneuerung und Frauen","Wohnbauförderung und Schlichtungsstelle für wohnrechtliche Angelegenheiten","Montage eines Sonnenschutzes in Wohnungen","1100",1500,1,2024
"Wohnen, Wohnbau, Stadterneuerung und Frauen","Wohnbauförderung und Schlichtungsstelle für wohnrechtliche Angelegenheiten","Montage eines Sonnenschutzes in Wohnungen","1180",1417.7,1,2024
"Wohnen, Wohnbau, Stadterneuerung und Frauen","Wohnbauförderung und Schlichtungsstelle für wohnrechtliche Angelegenheiten","Montage eines Sonnenschutzes in Wohnungen","1060",1500,1,2024
"Wohnen, Wohnbau, Stadterneuerung und Frauen","Wohnbauförderung und Schlichtungsstelle für wohnrechtliche Angelegenheiten","Montage eines Sonnenschutzes in Wohnungen","1120",1488.4,1,2024
"Wohnen, Wohnbau, Stadterneuerung und Frauen","Wohnbauförderung und Schlichtungsstelle für wohnrechtliche Angelegenheiten","Montage eines Sonnenschutzes in Wohnungen","1110",3456.7,1,2024
"Wohnen, Wohnbau, Stadterneuerung und Frauen","Wohnbauförderung und Schlichtungsstelle für wohnrechtliche Angelegenheiten","Montage eines Sonnenschutzes in Wohnungen","1110",6232.6,1,2024
"Wohnen, Wohnbau, Stadterneuerung und Frauen","Wohnbauförderung und Schlichtungsstelle für wohnrechtliche Angelegenheiten","Montage eines Sonnenschutzes in Wohnungen","1220",676,1,2024
"Wohnen, Wohnbau, Stadterneuerung und Frauen","Wohnbauförderung und Schlichtungsstelle für wohnrechtliche Angelegenheiten","Montage eines Sonnenschutzes in Wohnungen","1210",1500,1,2024
"Wohnen, Wohnbau, Stadterneuerung und Frauen","Wohnbauförderung und Schlichtungsstelle für wohnrechtliche Angelegenheiten","Montage eines Sonnenschutzes in Wohnungen","1020",1500,1,2024
"Wohnen, Wohnbau, Stadterneuerung und Frauen","Wohnbauförderung und Schlichtungsstelle für wohnrechtliche Angelegenheiten","Montage eines Sonnenschutzes in Wohnungen","1210",843,1,2024
"Wohnen, Wohnbau, Stadterneuerung und Frauen","Wohnbauförderung und Schlichtungsstelle für wohnrechtliche Angelegenheiten","Montage eines Sonnenschutzes in Wohnungen","1130",3000,1,2024
"Wohnen, Wohnbau, Stadterneuerung und Frauen","Wohnbauförderung und Schlichtungsstelle für wohnrechtliche Angelegenheiten","Montage eines Sonnenschutzes in Wohnungen","1230",641.4,1,2024
"Wohnen, Wohnbau, Stadterneuerung und Frauen","Wohnbauförderung und Schlichtungsstelle für wohnrechtliche Angelegenheiten","Montage eines Sonnenschutzes in Wohnungen","1100",1500,1,2024
"Wohnen, Wohnbau, Stadterneuerung und Frauen","Wohnbauförderung und Schlichtungsstelle für wohnrechtliche Angelegenheiten","Montage eines Sonnenschutzes in Wohnungen","1210",1493.5,1,2024
"Wohnen, Wohnbau, Stadterneuerung und Frauen","Wohnbauförderung und Schlichtungsstelle für wohnrechtliche Angelegenheiten","Montage eines Sonnenschutzes in Wohnungen","1030",1055.6,1,2024
"Wohnen, Wohnbau, Stadterneuerung und Frauen","Wohnbauförderung und Schlichtungsstelle für wohnrechtliche Angelegenheiten","Montage eines Sonnenschutzes in Wohnungen","1160",1500,1,2024
"Wohnen, Wohnbau, Stadterneuerung und Frauen","Wohnbauförderung und Schlichtungsstelle für wohnrechtliche Angelegenheiten","Montage eines Sonnenschutzes in Wohnungen","5026",530,1,2024
"Wohnen, Wohnbau, Stadterneuerung und Frauen","Wohnbauförderung und Schlichtungsstelle für wohnrechtliche Angelegenheiten","Montage eines Sonnenschutzes in Wohnungen","1210",395,1,2024
"Wohnen, Wohnbau, Stadterneuerung und Frauen","Wohnbauförderung und Schlichtungsstelle für wohnrechtliche Angelegenheiten","Montage eines Sonnenschutzes in Wohnungen","1020",1478.4,1,2024
"Wohnen, Wohnbau, Stadterneuerung und Frauen","Wohnbauförderung und Schlichtungsstelle für wohnrechtliche Angelegenheiten","Montage eines Sonnenschutzes in Wohnungen","1210",1500,1,2024
"Wohnen, Wohnbau, Stadterneuerung und Frauen","Wohnbauförderung und Schlichtungsstelle für wohnrechtliche Angelegenheiten","Montage eines Sonnenschutzes in Wohnungen","1190",1500,1,2024
"Wohnen, Wohnbau, Stadterneuerung und Frauen","Wohnbauförderung und Schlichtungsstelle für wohnrechtliche Angelegenheiten","Montage eines Sonnenschutzes in Wohnungen","1050",1254.2,1,2024
"Wohnen, Wohnbau, Stadterneuerung und Frauen","Wohnbauförderung und Schlichtungsstelle für wohnrechtliche Angelegenheiten","Montage eines Sonnenschutzes in Wohnungen","1100",1085.4,1,2024
"Wohnen, Wohnbau, Stadterneuerung und Frauen","Wohnbauförderung und Schlichtungsstelle für wohnrechtliche Angelegenheiten","Montage eines Sonnenschutzes in Wohnungen","1030",1500,1,2024
"Wohnen, Wohnbau, Stadterneuerung und Frauen","Wohnbauförderung und Schlichtungsstelle für wohnrechtliche Angelegenheiten","Montage eines Sonnenschutzes in Wohnungen","1100",1500,1,2024
"Wohnen, Wohnbau, Stadterneuerung und Frauen","Wohnbauförderung und Schlichtungsstelle für wohnrechtliche Angelegenheiten","Montage eines Sonnenschutzes in Wohnungen","1020",472.5,1,2024
"Wohnen, Wohnbau, Stadterneuerung und Frauen","Wohnbauförderung und Schlichtungsstelle für wohnrechtliche Angelegenheiten","Montage eines Sonnenschutzes in Wohnungen","1210",1006.5,1,2024
"Wohnen, Wohnbau, Stadterneuerung und Frauen","Wohnbauförderung und Schlichtungsstelle für wohnrechtliche Angelegenheiten","Montage eines Sonnenschutzes in Wohnungen","1120",496.7,1,2024
"Wohnen, Wohnbau, Stadterneuerung und Frauen","Wohnbauförderung und Schlichtungsstelle für wohnrechtliche Angelegenheiten","Montage eines Sonnenschutzes in Wohnungen","1100",1018.2,1,2024
"Wohnen, Wohnbau, Stadterneuerung und Frauen","Wohnbauförderung und Schlichtungsstelle für wohnrechtliche Angelegenheiten","Montage eines Sonnenschutzes in Wohnungen","1210",1500,1,2024
"Wohnen, Wohnbau, Stadterneuerung und Frauen","Wohnbauförderung und Schlichtungsstelle für wohnrechtliche Angelegenheiten","Montage eines Sonnenschutzes in Wohnungen","1100",1039,1,2024
"Wohnen, Wohnbau, Stadterneuerung und Frauen","Wohnbauförderung und Schlichtungsstelle für wohnrechtliche Angelegenheiten","Montage eines Sonnenschutzes in Wohnungen","1100",1363.18,1,2024
"Wohnen, Wohnbau, Stadterneuerung und Frauen","Wohnbauförderung und Schlichtungsstelle für wohnrechtliche Angelegenheiten","Montage eines Sonnenschutzes in Wohnungen","1230",805.7,1,2024
"Wohnen, Wohnbau, Stadterneuerung und Frauen","Wohnbauförderung und Schlichtungsstelle für wohnrechtliche Angelegenheiten","Montage eines Sonnenschutzes in Wohnungen","1100",800,1,2024
"Wohnen, Wohnbau, Stadterneuerung und Frauen","Wohnbauförderung und Schlichtungsstelle für wohnrechtliche Angelegenheiten","Montage eines Sonnenschutzes in Wohnungen","1060",964.8,1,2024
"Wohnen, Wohnbau, Stadterneuerung und Frauen","Wohnbauförderung und Schlichtungsstelle für wohnrechtliche Angelegenheiten","Montage eines Sonnenschutzes in Wohnungen","1210",1500,1,2024
"Wohnen, Wohnbau, Stadterneuerung und Frauen","Wohnbauförderung und Schlichtungsstelle für wohnrechtliche Angelegenheiten","Montage eines Sonnenschutzes in Wohnungen","1100",365,1,2024
"Wohnen, Wohnbau, Stadterneuerung und Frauen","Wohnbauförderung und Schlichtungsstelle für wohnrechtliche Angelegenheiten","Montage eines Sonnenschutzes in Wohnungen","1030",268.5,1,2024
"Wohnen, Wohnbau, Stadterneuerung und Frauen","Wohnbauförderung und Schlichtungsstelle für wohnrechtliche Angelegenheiten","Montage eines Sonnenschutzes in Wohnungen","1100",1264.5,1,2024
"Wohnen, Wohnbau, Stadterneuerung und Frauen","Wohnbauförderung und Schlichtungsstelle für wohnrechtliche Angelegenheiten","Montage eines Sonnenschutzes in Wohnungen","1180",1185,1,2024
"Wohnen, Wohnbau, Stadterneuerung und Frauen","Wohnbauförderung und Schlichtungsstelle für wohnrechtliche Angelegenheiten","Montage eines Sonnenschutzes in Wohnungen","1210",1500,1,2024
"Wohnen, Wohnbau, Stadterneuerung und Frauen","Wohnbauförderung und Schlichtungsstelle für wohnrechtliche Angelegenheiten","Montage eines Sonnenschutzes in Wohnungen","1030",1500,1,2024
"Wohnen, Wohnbau, Stadterneuerung und Frauen","Wohnbauförderung und Schlichtungsstelle für wohnrechtliche Angelegenheiten","Montage eines Sonnenschutzes in Wohnungen","2112",1500,1,2024
"Wohnen, Wohnbau, Stadterneuerung und Frauen","Wohnbauförderung und Schlichtungsstelle für wohnrechtliche Angelegenheiten","Montage eines Sonnenschutzes in Wohnungen","1020",1500,1,2024
"Wohnen, Wohnbau, Stadterneuerung und Frauen","Wohnbauförderung und Schlichtungsstelle für wohnrechtliche Angelegenheiten","Montage eines Sonnenschutzes in Wohnungen","1030",1500,1,2024
"Wohnen, Wohnbau, Stadterneuerung und Frauen","Wohnbauförderung und Schlichtungsstelle für wohnrechtliche Angelegenheiten","Montage eines Sonnenschutzes in Wohnungen","1210",1500,1,2024
"Wohnen, Wohnbau, Stadterneuerung und Frauen","Wohnbauförderung und Schlichtungsstelle für wohnrechtliche Angelegenheiten","Montage eines Sonnenschutzes in Wohnungen","1210",825.5,1,2024
"Wohnen, Wohnbau, Stadterneuerung und Frauen","Wohnbauförderung und Schlichtungsstelle für wohnrechtliche Angelegenheiten","Montage eines Sonnenschutzes in Wohnungen","1020",1500,1,2024
"Wohnen, Wohnbau, Stadterneuerung und Frauen","Wohnbauförderung und Schlichtungsstelle für wohnrechtliche Angelegenheiten","Montage eines Sonnenschutzes in Wohnungen","1210",728.5,1,2024
"Wohnen, Wohnbau, Stadterneuerung und Frauen","Wohnbauförderung und Schlichtungsstelle für wohnrechtliche Angelegenheiten","Montage eines Sonnenschutzes in Wohnungen","1030",1500,1,2024
"Wohnen, Wohnbau, Stadterneuerung und Frauen","Wohnbauförderung und Schlichtungsstelle für wohnrechtliche Angelegenheiten","Montage eines Sonnenschutzes in Wohnungen","1100",595.7,1,2024
"Wohnen, Wohnbau, Stadterneuerung und Frauen","Wohnbauförderung und Schlichtungsstelle für wohnrechtliche Angelegenheiten","Montage eines Sonnenschutzes in Wohnungen","1100",1256.4,1,2024
"Wohnen, Wohnbau, Stadterneuerung und Frauen","Wohnbauförderung und Schlichtungsstelle für wohnrechtliche Angelegenheiten","Montage eines Sonnenschutzes in Wohnungen","1210",595,1,2024
"Wohnen, Wohnbau, Stadterneuerung und Frauen","Wohnbauförderung und Schlichtungsstelle für wohnrechtliche Angelegenheiten","Montage eines Sonnenschutzes in Wohnungen","1100",626.3,1,2024
"Wohnen, Wohnbau, Stadterneuerung und Frauen","Wohnbauförderung und Schlichtungsstelle für wohnrechtliche Angelegenheiten","Montage eines Sonnenschutzes in Wohnungen","1230",1425,1,2024
"Wohnen, Wohnbau, Stadterneuerung und Frauen","Wohnbauförderung und Schlichtungsstelle für wohnrechtliche Angelegenheiten","Montage eines Sonnenschutzes in Wohnungen","1180",1500,1,2024
"Wohnen, Wohnbau, Stadterneuerung und Frauen","Wohnbauförderung und Schlichtungsstelle für wohnrechtliche Angelegenheiten","Montage eines Sonnenschutzes in Wohnungen","1190",565.3,1,2024
"Wohnen, Wohnbau, Stadterneuerung und Frauen","Wohnbauförderung und Schlichtungsstelle für wohnrechtliche Angelegenheiten","Montage eines Sonnenschutzes in Wohnungen","1210",1500,1,2024
"Wohnen, Wohnbau, Stadterneuerung und Frauen","Wohnbauförderung und Schlichtungsstelle für wohnrechtliche Angelegenheiten","Montage eines Sonnenschutzes in Wohnungen","1210",947.5,1,2024
"Wohnen, Wohnbau, Stadterneuerung und Frauen","Wohnbauförderung und Schlichtungsstelle für wohnrechtliche Angelegenheiten","Montage eines Sonnenschutzes in Wohnungen","1100",1278,1,2024
"Wohnen, Wohnbau, Stadterneuerung und Frauen","Wohnbauförderung und Schlichtungsstelle für wohnrechtliche Angelegenheiten","Montage eines Sonnenschutzes in Wohnungen","1220",1500,1,2024
"Wohnen, Wohnbau, Stadterneuerung und Frauen","Wohnbauförderung und Schlichtungsstelle für wohnrechtliche Angelegenheiten","Montage eines Sonnenschutzes in Wohnungen","1110",913,1,2024
"Wohnen, Wohnbau, Stadterneuerung und Frauen","Wohnbauförderung und Schlichtungsstelle für wohnrechtliche Angelegenheiten","Montage eines Sonnenschutzes in Wohnungen","1220",900,1,2024
"Wohnen, Wohnbau, Stadterneuerung und Frauen","Wohnbauförderung und Schlichtungsstelle für wohnrechtliche Angelegenheiten","Montage eines Sonnenschutzes in Wohnungen","1030",663,1,2024
"Wohnen, Wohnbau, Stadterneuerung und Frauen","Wohnbauförderung und Schlichtungsstelle für wohnrechtliche Angelegenheiten","Montage eines Sonnenschutzes in Wohnungen","1080",815.8,1,2024
"Wohnen, Wohnbau, Stadterneuerung und Frauen","Wohnbauförderung und Schlichtungsstelle für wohnrechtliche Angelegenheiten","Montage eines Sonnenschutzes in Wohnungen","1050",309,1,2024
"Wohnen, Wohnbau, Stadterneuerung und Frauen","Wohnbauförderung und Schlichtungsstelle für wohnrechtliche Angelegenheiten","Montage eines Sonnenschutzes in Wohnungen","1210",1395.5,1,2024
"Wohnen, Wohnbau, Stadterneuerung und Frauen","Wohnbauförderung und Schlichtungsstelle für wohnrechtliche Angelegenheiten","Montage eines Sonnenschutzes in Wohnungen","1100",1500,1,2024
"Wohnen, Wohnbau, Stadterneuerung und Frauen","Wohnbauförderung und Schlichtungsstelle für wohnrechtliche Angelegenheiten","Montage eines Sonnenschutzes in Wohnungen","1100",1500,1,2024
"Wohnen, Wohnbau, Stadterneuerung und Frauen","Wohnbauförderung und Schlichtungsstelle für wohnrechtliche Angelegenheiten","Montage eines Sonnenschutzes in Wohnungen","1110",1500,1,2024
"Wohnen, Wohnbau, Stadterneuerung und Frauen","Wohnbauförderung und Schlichtungsstelle für wohnrechtliche Angelegenheiten","Montage eines Sonnenschutzes in Wohnungen","1100",1500,1,2024
"Wohnen, Wohnbau, Stadterneuerung und Frauen","Wohnbauförderung und Schlichtungsstelle für wohnrechtliche Angelegenheiten","Montage eines Sonnenschutzes in Wohnungen","1100",1500,1,2024
"Wohnen, Wohnbau, Stadterneuerung und Frauen","Wohnbauförderung und Schlichtungsstelle für wohnrechtliche Angelegenheiten","Montage eines Sonnenschutzes in Wohnungen","1210",641.9,1,2024
"Wohnen, Wohnbau, Stadterneuerung und Frauen","Wohnbauförderung und Schlichtungsstelle für wohnrechtliche Angelegenheiten","Montage eines Sonnenschutzes in Wohnungen","1150",1500,1,2024
"Wohnen, Wohnbau, Stadterneuerung und Frauen","Wohnbauförderung und Schlichtungsstelle für wohnrechtliche Angelegenheiten","Montage eines Sonnenschutzes in Wohnungen","1210",1500,1,2024
"Wohnen, Wohnbau, Stadterneuerung und Frauen","Wohnbauförderung und Schlichtungsstelle für wohnrechtliche Angelegenheiten","Montage eines Sonnenschutzes in Wohnungen","1030",1150,1,2024
"Wohnen, Wohnbau, Stadterneuerung und Frauen","Wohnbauförderung und Schlichtungsstelle für wohnrechtliche Angelegenheiten","Montage eines Sonnenschutzes in Wohnungen","1010",1500,1,2024
"Wohnen, Wohnbau, Stadterneuerung und Frauen","Wohnbauförderung und Schlichtungsstelle für wohnrechtliche Angelegenheiten","Montage eines Sonnenschutzes in Wohnungen","1210",1500,1,2024
"Wohnen, Wohnbau, Stadterneuerung und Frauen","Wohnbauförderung und Schlichtungsstelle für wohnrechtliche Angelegenheiten","Montage eines Sonnenschutzes in Wohnungen","1020",1211.8,1,2024
"Wohnen, Wohnbau, Stadterneuerung und Frauen","Wohnbauförderung und Schlichtungsstelle für wohnrechtliche Angelegenheiten","Montage eines Sonnenschutzes in Wohnungen","1220",1500,1,2024
"Wohnen, Wohnbau, Stadterneuerung und Frauen","Wohnbauförderung und Schlichtungsstelle für wohnrechtliche Angelegenheiten","Montage eines Sonnenschutzes in Wohnungen","1230",1500,1,2024
"Wohnen, Wohnbau, Stadterneuerung und Frauen","Wohnbauförderung und Schlichtungsstelle für wohnrechtliche Angelegenheiten","Montage eines Sonnenschutzes in Wohnungen","1190",1500,1,2024
"Wohnen, Wohnbau, Stadterneuerung und Frauen","Wohnbauförderung und Schlichtungsstelle für wohnrechtliche Angelegenheiten","Montage eines Sonnenschutzes in Wohnungen","1210",464,1,2024
"Wohnen, Wohnbau, Stadterneuerung und Frauen","Wohnbauförderung und Schlichtungsstelle für wohnrechtliche Angelegenheiten","Montage eines Sonnenschutzes in Wohnungen","1020",1500,1,2024
"Wohnen, Wohnbau, Stadterneuerung und Frauen","Wohnbauförderung und Schlichtungsstelle für wohnrechtliche Angelegenheiten","Montage eines Sonnenschutzes in Wohnungen","1100",420,1,2024
"Wohnen, Wohnbau, Stadterneuerung und Frauen","Wohnbauförderung und Schlichtungsstelle für wohnrechtliche Angelegenheiten","Montage eines Sonnenschutzes in Wohnungen","1210",1500,1,2024
"Wohnen, Wohnbau, Stadterneuerung und Frauen","Wohnbauförderung und Schlichtungsstelle für wohnrechtliche Angelegenheiten","Montage eines Sonnenschutzes in Wohnungen","1220",1200,1,2024
"Wohnen, Wohnbau, Stadterneuerung und Frauen","Wohnbauförderung und Schlichtungsstelle für wohnrechtliche Angelegenheiten","Montage eines Sonnenschutzes in Wohnungen","1080",1500,1,2024
"Wohnen, Wohnbau, Stadterneuerung und Frauen","Wohnbauförderung und Schlichtungsstelle für wohnrechtliche Angelegenheiten","Montage eines Sonnenschutzes in Wohnungen","1230",882.2,1,2024
"Wohnen, Wohnbau, Stadterneuerung und Frauen","Wohnbauförderung und Schlichtungsstelle für wohnrechtliche Angelegenheiten","Montage eines Sonnenschutzes in Wohnungen","1020",1500,1,2024
"Wohnen, Wohnbau, Stadterneuerung und Frauen","Wohnbauförderung und Schlichtungsstelle für wohnrechtliche Angelegenheiten","Montage eines Sonnenschutzes in Wohnungen","1100",1333.5,1,2024
"Wohnen, Wohnbau, Stadterneuerung und Frauen","Wohnbauförderung und Schlichtungsstelle für wohnrechtliche Angelegenheiten","Montage eines Sonnenschutzes in Wohnungen","1140",1226.7,1,2024
"Wohnen, Wohnbau, Stadterneuerung und Frauen","Wohnbauförderung und Schlichtungsstelle für wohnrechtliche Angelegenheiten","Montage eines Sonnenschutzes in Wohnungen","1050",1500,1,2024
"Wohnen, Wohnbau, Stadterneuerung und Frauen","Wohnbauförderung und Schlichtungsstelle für wohnrechtliche Angelegenheiten","Montage eines Sonnenschutzes in Wohnungen","1220",723.5,1,2024
"Wohnen, Wohnbau, Stadterneuerung und Frauen","Wohnbauförderung und Schlichtungsstelle für wohnrechtliche Angelegenheiten","Montage eines Sonnenschutzes in Wohnungen","1110",184.8,1,2024
"Wohnen, Wohnbau, Stadterneuerung und Frauen","Wohnbauförderung und Schlichtungsstelle für wohnrechtliche Angelegenheiten","Montage eines Sonnenschutzes in Wohnungen","1210",973.2,1,2024
"Wohnen, Wohnbau, Stadterneuerung und Frauen","Wohnbauförderung und Schlichtungsstelle für wohnrechtliche Angelegenheiten","Montage eines Sonnenschutzes in Wohnungen","1100",1500,1,2024
"Wohnen, Wohnbau, Stadterneuerung und Frauen","Wohnbauförderung und Schlichtungsstelle für wohnrechtliche Angelegenheiten","Montage eines Sonnenschutzes in Wohnungen","1220",1500,1,2024
"Wohnen, Wohnbau, Stadterneuerung und Frauen","Wohnbauförderung und Schlichtungsstelle für wohnrechtliche Angelegenheiten","Montage eines Sonnenschutzes in Wohnungen","1220",1350,1,2024
"Wohnen, Wohnbau, Stadterneuerung und Frauen","Wohnbauförderung und Schlichtungsstelle für wohnrechtliche Angelegenheiten","Montage eines Sonnenschutzes in Wohnungen","1220",12642.5,1,2024
"Wohnen, Wohnbau, Stadterneuerung und Frauen","Wohnbauförderung und Schlichtungsstelle für wohnrechtliche Angelegenheiten","Montage eines Sonnenschutzes in Wohnungen","1210",1128,1,2024
"Wohnen, Wohnbau, Stadterneuerung und Frauen","Wohnbauförderung und Schlichtungsstelle für wohnrechtliche Angelegenheiten","Montage eines Sonnenschutzes in Wohnungen","1160",1500,1,2024
"Wohnen, Wohnbau, Stadterneuerung und Frauen","Wohnbauförderung und Schlichtungsstelle für wohnrechtliche Angelegenheiten","Montage eines Sonnenschutzes in Wohnungen","1020",1500,1,2024
"Wohnen, Wohnbau, Stadterneuerung und Frauen","Wohnbauförderung und Schlichtungsstelle für wohnrechtliche Angelegenheiten","Montage eines Sonnenschutzes in Wohnungen","1100",1257.6,1,2024
"Wohnen, Wohnbau, Stadterneuerung und Frauen","Wohnbauförderung und Schlichtungsstelle für wohnrechtliche Angelegenheiten","Montage eines Sonnenschutzes in Wohnungen","1190",327.5,1,2024
"Wohnen, Wohnbau, Stadterneuerung und Frauen","Wohnbauförderung und Schlichtungsstelle für wohnrechtliche Angelegenheiten","Montage eines Sonnenschutzes in Wohnungen","1030",1500,1,2024
"Wohnen, Wohnbau, Stadterneuerung und Frauen","Wohnbauförderung und Schlichtungsstelle für wohnrechtliche Angelegenheiten","Montage eines Sonnenschutzes in Wohnungen","1080",1214.5,1,2024
"Wohnen, Wohnbau, Stadterneuerung und Frauen","Wohnbauförderung und Schlichtungsstelle für wohnrechtliche Angelegenheiten","Montage eines Sonnenschutzes in Wohnungen","1080",1003,1,2024
"Wohnen, Wohnbau, Stadterneuerung und Frauen","Wohnbauförderung und Schlichtungsstelle für wohnrechtliche Angelegenheiten","Montage eines Sonnenschutzes in Wohnungen","1080",1500,1,2024
"Wohnen, Wohnbau, Stadterneuerung und Frauen","Wohnbauförderung und Schlichtungsstelle für wohnrechtliche Angelegenheiten","Montage eines Sonnenschutzes in Wohnungen","1080",905,1,2024
"Wohnen, Wohnbau, Stadterneuerung und Frauen","Wohnbauförderung und Schlichtungsstelle für wohnrechtliche Angelegenheiten","Montage eines Sonnenschutzes in Wohnungen","1080",812.5,1,2024
"Wohnen, Wohnbau, Stadterneuerung und Frauen","Wohnbauförderung und Schlichtungsstelle für wohnrechtliche Angelegenheiten","Montage eines Sonnenschutzes in Wohnungen","1080",910,1,2024
"Wohnen, Wohnbau, Stadterneuerung und Frauen","Wohnbauförderung und Schlichtungsstelle für wohnrechtliche Angelegenheiten","Montage eines Sonnenschutzes in Wohnungen","1210",1500,1,2024
"Wohnen, Wohnbau, Stadterneuerung und Frauen","Wohnbauförderung und Schlichtungsstelle für wohnrechtliche Angelegenheiten","Montage eines Sonnenschutzes in Wohnungen","1050",1500,1,2024
"Wohnen, Wohnbau, Stadterneuerung und Frauen","Wohnbauförderung und Schlichtungsstelle für wohnrechtliche Angelegenheiten","Montage eines Sonnenschutzes in Wohnungen","1050",1122.3,1,2024
"Wohnen, Wohnbau, Stadterneuerung und Frauen","Wohnbauförderung und Schlichtungsstelle für wohnrechtliche Angelegenheiten","Montage eines Sonnenschutzes in Wohnungen","1200",767,1,2024
"Wohnen, Wohnbau, Stadterneuerung und Frauen","Wohnbauförderung und Schlichtungsstelle für wohnrechtliche Angelegenheiten","Montage eines Sonnenschutzes in Wohnungen","1020",1500,1,2024
"Wohnen, Wohnbau, Stadterneuerung und Frauen","Wohnbauförderung und Schlichtungsstelle für wohnrechtliche Angelegenheiten","Montage eines Sonnenschutzes in Wohnungen","1100",1107,1,2024
"Wohnen, Wohnbau, Stadterneuerung und Frauen","Wohnbauförderung und Schlichtungsstelle für wohnrechtliche Angelegenheiten","Montage eines Sonnenschutzes in Wohnungen","1180",803.2,1,2024
"Wohnen, Wohnbau, Stadterneuerung und Frauen","Wohnbauförderung und Schlichtungsstelle für wohnrechtliche Angelegenheiten","Montage eines Sonnenschutzes in Wohnungen","1210",1500,1,2024
"Wohnen, Wohnbau, Stadterneuerung und Frauen","Wohnbauförderung und Schlichtungsstelle für wohnrechtliche Angelegenheiten","Montage eines Sonnenschutzes in Wohnungen","1110",844.8,1,2024
"Wohnen, Wohnbau, Stadterneuerung und Frauen","Wohnbauförderung und Schlichtungsstelle für wohnrechtliche Angelegenheiten","Montage eines Sonnenschutzes in Wohnungen","1110",1149,1,2024
"Wohnen, Wohnbau, Stadterneuerung und Frauen","Wohnbauförderung und Schlichtungsstelle für wohnrechtliche Angelegenheiten","Montage eines Sonnenschutzes in Wohnungen","1030",1150.2,1,2024
"Wohnen, Wohnbau, Stadterneuerung und Frauen","Wohnbauförderung und Schlichtungsstelle für wohnrechtliche Angelegenheiten","Montage eines Sonnenschutzes in Wohnungen","1230",814.3,1,2024
"Wohnen, Wohnbau, Stadterneuerung und Frauen","Wohnbauförderung und Schlichtungsstelle für wohnrechtliche Angelegenheiten","Montage eines Sonnenschutzes in Wohnungen","8670",1154.4,1,2024
"Wohnen, Wohnbau, Stadterneuerung und Frauen","Wohnbauförderung und Schlichtungsstelle für wohnrechtliche Angelegenheiten","Montage eines Sonnenschutzes in Wohnungen","1110",1500,1,2024
"Wohnen, Wohnbau, Stadterneuerung und Frauen","Wohnbauförderung und Schlichtungsstelle für wohnrechtliche Angelegenheiten","Montage eines Sonnenschutzes in Wohnungen","1160",1500,1,2024
"Wohnen, Wohnbau, Stadterneuerung und Frauen","Wohnbauförderung und Schlichtungsstelle für wohnrechtliche Angelegenheiten","Montage eines Sonnenschutzes in Wohnungen","1210",603.6,1,2024
"Wohnen, Wohnbau, Stadterneuerung und Frauen","Wohnbauförderung und Schlichtungsstelle für wohnrechtliche Angelegenheiten","Montage eines Sonnenschutzes in Wohnungen","1190",1500,1,2024
"Wohnen, Wohnbau, Stadterneuerung und Frauen","Wohnbauförderung und Schlichtungsstelle für wohnrechtliche Angelegenheiten","Montage eines Sonnenschutzes in Wohnungen","1220",1431,1,2024
"Wohnen, Wohnbau, Stadterneuerung und Frauen","Wohnbauförderung und Schlichtungsstelle für wohnrechtliche Angelegenheiten","Montage eines Sonnenschutzes in Wohnungen","1020",1500,1,2024
"Wohnen, Wohnbau, Stadterneuerung und Frauen","Wohnbauförderung und Schlichtungsstelle für wohnrechtliche Angelegenheiten","Montage eines Sonnenschutzes in Wohnungen","1220",1315.8,1,2024
"Wohnen, Wohnbau, Stadterneuerung und Frauen","Wohnbauförderung und Schlichtungsstelle für wohnrechtliche Angelegenheiten","Montage eines Sonnenschutzes in Wohnungen","1020",1500,1,2024
"Wohnen, Wohnbau, Stadterneuerung und Frauen","Wohnbauförderung und Schlichtungsstelle für wohnrechtliche Angelegenheiten","Montage eines Sonnenschutzes in Wohnungen","1060",781,1,2024
"Wohnen, Wohnbau, Stadterneuerung und Frauen","Wohnbauförderung und Schlichtungsstelle für wohnrechtliche Angelegenheiten","Montage eines Sonnenschutzes in Wohnungen","1020",1500,1,2024
"Wohnen, Wohnbau, Stadterneuerung und Frauen","Wohnbauförderung und Schlichtungsstelle für wohnrechtliche Angelegenheiten","Montage eines Sonnenschutzes in Wohnungen","1160",1500,1,2024
"Wohnen, Wohnbau, Stadterneuerung und Frauen","Wohnbauförderung und Schlichtungsstelle für wohnrechtliche Angelegenheiten","Montage eines Sonnenschutzes in Wohnungen","1100",1115,1,2024
"Wohnen, Wohnbau, Stadterneuerung und Frauen","Wohnbauförderung und Schlichtungsstelle für wohnrechtliche Angelegenheiten","Montage eines Sonnenschutzes in Wohnungen","1120",646.5,1,2024
"Wohnen, Wohnbau, Stadterneuerung und Frauen","Wohnbauförderung und Schlichtungsstelle für wohnrechtliche Angelegenheiten","Montage eines Sonnenschutzes in Wohnungen","1100",771.8,1,2024
"Wohnen, Wohnbau, Stadterneuerung und Frauen","Wohnbauförderung und Schlichtungsstelle für wohnrechtliche Angelegenheiten","Montage eines Sonnenschutzes in Wohnungen","1100",1222.2,1,2024
"Wohnen, Wohnbau, Stadterneuerung und Frauen","Wohnbauförderung und Schlichtungsstelle für wohnrechtliche Angelegenheiten","Montage eines Sonnenschutzes in Wohnungen","1210",1145,1,2024
"Wohnen, Wohnbau, Stadterneuerung und Frauen","Wohnbauförderung und Schlichtungsstelle für wohnrechtliche Angelegenheiten","Montage eines Sonnenschutzes in Wohnungen","1090",1068.7,1,2024
"Wohnen, Wohnbau, Stadterneuerung und Frauen","Wohnbauförderung und Schlichtungsstelle für wohnrechtliche Angelegenheiten","Montage eines Sonnenschutzes in Wohnungen","1100",1500,1,2024
"Wohnen, Wohnbau, Stadterneuerung und Frauen","Wohnbauförderung und Schlichtungsstelle für wohnrechtliche Angelegenheiten","Montage eines Sonnenschutzes in Wohnungen","1110",1500,1,2024
"Wohnen, Wohnbau, Stadterneuerung und Frauen","Wohnbauförderung und Schlichtungsstelle für wohnrechtliche Angelegenheiten","Montage eines Sonnenschutzes in Wohnungen","1110",1300,1,2024
"Wohnen, Wohnbau, Stadterneuerung und Frauen","Wohnbauförderung und Schlichtungsstelle für wohnrechtliche Angelegenheiten","Montage eines Sonnenschutzes in Wohnungen","1220",862.5,1,2024
"Wohnen, Wohnbau, Stadterneuerung und Frauen","Wohnbauförderung und Schlichtungsstelle für wohnrechtliche Angelegenheiten","Montage eines Sonnenschutzes in Wohnungen","1110",799.8,1,2024
"Wohnen, Wohnbau, Stadterneuerung und Frauen","Wohnbauförderung und Schlichtungsstelle für wohnrechtliche Angelegenheiten","Montage eines Sonnenschutzes in Wohnungen","1230",997.5,1,2024
"Wohnen, Wohnbau, Stadterneuerung und Frauen","Wohnbauförderung und Schlichtungsstelle für wohnrechtliche Angelegenheiten","Montage eines Sonnenschutzes in Wohnungen","1030",556.8,1,2024
"Wohnen, Wohnbau, Stadterneuerung und Frauen","Wohnbauförderung und Schlichtungsstelle für wohnrechtliche Angelegenheiten","Montage eines Sonnenschutzes in Wohnungen","1100",1362.6,1,2024
"Wohnen, Wohnbau, Stadterneuerung und Frauen","Wohnbauförderung und Schlichtungsstelle für wohnrechtliche Angelegenheiten","Montage eines Sonnenschutzes in Wohnungen","1070",1338.8,1,2024
"Wohnen, Wohnbau, Stadterneuerung und Frauen","Wohnbauförderung und Schlichtungsstelle für wohnrechtliche Angelegenheiten","Montage eines Sonnenschutzes in Wohnungen","1100",1500,1,2024
"Wohnen, Wohnbau, Stadterneuerung und Frauen","Wohnbauförderung und Schlichtungsstelle für wohnrechtliche Angelegenheiten","Montage eines Sonnenschutzes in Wohnungen","1100",435,1,2024
"Wohnen, Wohnbau, Stadterneuerung und Frauen","Wohnbauförderung und Schlichtungsstelle für wohnrechtliche Angelegenheiten","Montage eines Sonnenschutzes in Wohnungen","1110",1500,1,2024
"Wohnen, Wohnbau, Stadterneuerung und Frauen","Wohnbauförderung und Schlichtungsstelle für wohnrechtliche Angelegenheiten","Montage eines Sonnenschutzes in Wohnungen","1070",658.2,1,2024
"Wohnen, Wohnbau, Stadterneuerung und Frauen","Wohnbauförderung und Schlichtungsstelle für wohnrechtliche Angelegenheiten","Montage eines Sonnenschutzes in Wohnungen","1220",1500,1,2024
"Wohnen, Wohnbau, Stadterneuerung und Frauen","Wohnbauförderung und Schlichtungsstelle für wohnrechtliche Angelegenheiten","Montage eines Sonnenschutzes in Wohnungen","1230",1500,1,2024
"Wohnen, Wohnbau, Stadterneuerung und Frauen","Wohnbauförderung und Schlichtungsstelle für wohnrechtliche Angelegenheiten","Montage eines Sonnenschutzes in Wohnungen","1210",288,1,2024
"Wohnen, Wohnbau, Stadterneuerung und Frauen","Wohnbauförderung und Schlichtungsstelle für wohnrechtliche Angelegenheiten","Montage eines Sonnenschutzes in Wohnungen","1220",360,1,2024
"Wohnen, Wohnbau, Stadterneuerung und Frauen","Wohnbauförderung und Schlichtungsstelle für wohnrechtliche Angelegenheiten","Montage eines Sonnenschutzes in Wohnungen","1140",1500,1,2024
"Wohnen, Wohnbau, Stadterneuerung und Frauen","Wohnbauförderung und Schlichtungsstelle für wohnrechtliche Angelegenheiten","Montage eines Sonnenschutzes in Wohnungen","1180",338.1,1,2024
"Wohnen, Wohnbau, Stadterneuerung und Frauen","Wohnbauförderung und Schlichtungsstelle für wohnrechtliche Angelegenheiten","Montage eines Sonnenschutzes in Wohnungen","1210",288,1,2024
"Wohnen, Wohnbau, Stadterneuerung und Frauen","Wohnbauförderung und Schlichtungsstelle für wohnrechtliche Angelegenheiten","Montage eines Sonnenschutzes in Wohnungen","1180",1500,1,2024
"Wohnen, Wohnbau, Stadterneuerung und Frauen","Wohnbauförderung und Schlichtungsstelle für wohnrechtliche Angelegenheiten","Montage eines Sonnenschutzes in Wohnungen","1110",1500,1,2024
"Wohnen, Wohnbau, Stadterneuerung und Frauen","Wohnbauförderung und Schlichtungsstelle für wohnrechtliche Angelegenheiten","Montage eines Sonnenschutzes in Wohnungen","1100",1500,1,2024
"Wohnen, Wohnbau, Stadterneuerung und Frauen","Wohnbauförderung und Schlichtungsstelle für wohnrechtliche Angelegenheiten","Montage eines Sonnenschutzes in Wohnungen","1210",1000,1,2024
"Wohnen, Wohnbau, Stadterneuerung und Frauen","Wohnbauförderung und Schlichtungsstelle für wohnrechtliche Angelegenheiten","Montage eines Sonnenschutzes in Wohnungen","1100",930.2,1,2024
"Wohnen, Wohnbau, Stadterneuerung und Frauen","Wohnbauförderung und Schlichtungsstelle für wohnrechtliche Angelegenheiten","Montage eines Sonnenschutzes in Wohnungen","1020",1500,1,2024
"Wohnen, Wohnbau, Stadterneuerung und Frauen","Wohnbauförderung und Schlichtungsstelle für wohnrechtliche Angelegenheiten","Montage eines Sonnenschutzes in Wohnungen","1140",1500,1,2024
"Wohnen, Wohnbau, Stadterneuerung und Frauen","Wohnbauförderung und Schlichtungsstelle für wohnrechtliche Angelegenheiten","Montage eines Sonnenschutzes in Wohnungen","1090",618,1,2024
"Wohnen, Wohnbau, Stadterneuerung und Frauen","Wohnbauförderung und Schlichtungsstelle für wohnrechtliche Angelegenheiten","Montage eines Sonnenschutzes in Wohnungen","1230",831,1,2024
"Wohnen, Wohnbau, Stadterneuerung und Frauen","Wohnbauförderung und Schlichtungsstelle für wohnrechtliche Angelegenheiten","Montage eines Sonnenschutzes in Wohnungen","1120",642,1,2024
"Wohnen, Wohnbau, Stadterneuerung und Frauen","Wohnbauförderung und Schlichtungsstelle für wohnrechtliche Angelegenheiten","Montage eines Sonnenschutzes in Wohnungen","1120",1500,1,2024
"Wohnen, Wohnbau, Stadterneuerung und Frauen","Wohnbauförderung und Schlichtungsstelle für wohnrechtliche Angelegenheiten","Montage eines Sonnenschutzes in Wohnungen","1220",1500,1,2024
"Wohnen, Wohnbau, Stadterneuerung und Frauen","Wohnbauförderung und Schlichtungsstelle für wohnrechtliche Angelegenheiten","Montage eines Sonnenschutzes in Wohnungen","1010",1500,1,2024
"Wohnen, Wohnbau, Stadterneuerung und Frauen","Wohnbauförderung und Schlichtungsstelle für wohnrechtliche Angelegenheiten","Montage eines Sonnenschutzes in Wohnungen","1180",1500,1,2024
"Wohnen, Wohnbau, Stadterneuerung und Frauen","Wohnbauförderung und Schlichtungsstelle für wohnrechtliche Angelegenheiten","Montage eines Sonnenschutzes in Wohnungen","1030",1035.2,1,2024
"Wohnen, Wohnbau, Stadterneuerung und Frauen","Wohnbauförderung und Schlichtungsstelle für wohnrechtliche Angelegenheiten","Montage eines Sonnenschutzes in Wohnungen","1070",1500,1,2024
"Wohnen, Wohnbau, Stadterneuerung und Frauen","Wohnbauförderung und Schlichtungsstelle für wohnrechtliche Angelegenheiten","Montage eines Sonnenschutzes in Wohnungen","1100",1350,1,2024
"Wohnen, Wohnbau, Stadterneuerung und Frauen","Wohnbauförderung und Schlichtungsstelle für wohnrechtliche Angelegenheiten","Montage eines Sonnenschutzes in Wohnungen","1060",471,1,2024
"Wohnen, Wohnbau, Stadterneuerung und Frauen","Wohnbauförderung und Schlichtungsstelle für wohnrechtliche Angelegenheiten","Montage eines Sonnenschutzes in Wohnungen","1020",480,1,2024
"Wohnen, Wohnbau, Stadterneuerung und Frauen","Wohnbauförderung und Schlichtungsstelle für wohnrechtliche Angelegenheiten","Montage eines Sonnenschutzes in Wohnungen","1190",1500,1,2024
"Wohnen, Wohnbau, Stadterneuerung und Frauen","Wohnbauförderung und Schlichtungsstelle für wohnrechtliche Angelegenheiten","Montage eines Sonnenschutzes in Wohnungen","1210",1033.9,1,2024
"Wohnen, Wohnbau, Stadterneuerung und Frauen","Wohnbauförderung und Schlichtungsstelle für wohnrechtliche Angelegenheiten","Montage eines Sonnenschutzes in Wohnungen","1230",490.7,1,2024
"Wohnen, Wohnbau, Stadterneuerung und Frauen","Wohnbauförderung und Schlichtungsstelle für wohnrechtliche Angelegenheiten","Montage eines Sonnenschutzes in Wohnungen","1100",636,1,2024
"Wohnen, Wohnbau, Stadterneuerung und Frauen","Wohnbauförderung und Schlichtungsstelle für wohnrechtliche Angelegenheiten","Montage eines Sonnenschutzes in Wohnungen","1220",1500,1,2024
"Wohnen, Wohnbau, Stadterneuerung und Frauen","Wohnbauförderung und Schlichtungsstelle für wohnrechtliche Angelegenheiten","Montage eines Sonnenschutzes in Wohnungen","1110",1213.2,1,2024
"Wohnen, Wohnbau, Stadterneuerung und Frauen","Wohnbauförderung und Schlichtungsstelle für wohnrechtliche Angelegenheiten","Montage eines Sonnenschutzes in Wohnungen","1100",1494.9,1,2024
"Wohnen, Wohnbau, Stadterneuerung und Frauen","Wohnbauförderung und Schlichtungsstelle für wohnrechtliche Angelegenheiten","Montage eines Sonnenschutzes in Wohnungen","1190",1157,1,2024
"Wohnen, Wohnbau, Stadterneuerung und Frauen","Wohnbauförderung und Schlichtungsstelle für wohnrechtliche Angelegenheiten","Montage eines Sonnenschutzes in Wohnungen","1220",1458,1,2024
"Wohnen, Wohnbau, Stadterneuerung und Frauen","Wohnbauförderung und Schlichtungsstelle für wohnrechtliche Angelegenheiten","Montage eines Sonnenschutzes in Wohnungen","1060",378.5,1,2024
"Wohnen, Wohnbau, Stadterneuerung und Frauen","Wohnbauförderung und Schlichtungsstelle für wohnrechtliche Angelegenheiten","Montage eines Sonnenschutzes in Wohnungen","1120",1375,1,2024
"Wohnen, Wohnbau, Stadterneuerung und Frauen","Wohnbauförderung und Schlichtungsstelle für wohnrechtliche Angelegenheiten","Montage eines Sonnenschutzes in Wohnungen","1050",361.1,1,2024
"Wohnen, Wohnbau, Stadterneuerung und Frauen","Wohnbauförderung und Schlichtungsstelle für wohnrechtliche Angelegenheiten","Montage eines Sonnenschutzes in Wohnungen","1220",147.8,1,2024
"Wohnen, Wohnbau, Stadterneuerung und Frauen","Wohnbauförderung und Schlichtungsstelle für wohnrechtliche Angelegenheiten","Montage eines Sonnenschutzes in Wohnungen","1190",1457.4,1,2024
"Wohnen, Wohnbau, Stadterneuerung und Frauen","Wohnbauförderung und Schlichtungsstelle für wohnrechtliche Angelegenheiten","Montage eines Sonnenschutzes in Wohnungen","1210",1500,1,2024
"Wohnen, Wohnbau, Stadterneuerung und Frauen","Wohnbauförderung und Schlichtungsstelle für wohnrechtliche Angelegenheiten","Montage eines Sonnenschutzes in Wohnungen","1210",1500,1,2024
"Wohnen, Wohnbau, Stadterneuerung und Frauen","Wohnbauförderung und Schlichtungsstelle für wohnrechtliche Angelegenheiten","Montage eines Sonnenschutzes in Wohnungen","1110",258,1,2024
"Wohnen, Wohnbau, Stadterneuerung und Frauen","Wohnbauförderung und Schlichtungsstelle für wohnrechtliche Angelegenheiten","Montage eines Sonnenschutzes in Wohnungen","2500",1035.6,1,2024
"Wohnen, Wohnbau, Stadterneuerung und Frauen","Wohnbauförderung und Schlichtungsstelle für wohnrechtliche Angelegenheiten","Montage eines Sonnenschutzes in Wohnungen","1210",1500,1,2024
"Wohnen, Wohnbau, Stadterneuerung und Frauen","Wohnbauförderung und Schlichtungsstelle für wohnrechtliche Angelegenheiten","Montage eines Sonnenschutzes in Wohnungen","1210",1500,1,2024
"Wohnen, Wohnbau, Stadterneuerung und Frauen","Wohnbauförderung und Schlichtungsstelle für wohnrechtliche Angelegenheiten","Montage eines Sonnenschutzes in Wohnungen","1190",1250,1,2024
"Wohnen, Wohnbau, Stadterneuerung und Frauen","Wohnbauförderung und Schlichtungsstelle für wohnrechtliche Angelegenheiten","Montage eines Sonnenschutzes in Wohnungen","1020",1500,1,2024
"Wohnen, Wohnbau, Stadterneuerung und Frauen","Wohnbauförderung und Schlichtungsstelle für wohnrechtliche Angelegenheiten","Montage eines Sonnenschutzes in Wohnungen","1190",1500,1,2024
"Wohnen, Wohnbau, Stadterneuerung und Frauen","Wohnbauförderung und Schlichtungsstelle für wohnrechtliche Angelegenheiten","Montage eines Sonnenschutzes in Wohnungen","1100",1500,1,2024
"Wohnen, Wohnbau, Stadterneuerung und Frauen","Wohnbauförderung und Schlichtungsstelle für wohnrechtliche Angelegenheiten","Montage eines Sonnenschutzes in Wohnungen","1210",1031.4,1,2024
"Wohnen, Wohnbau, Stadterneuerung und Frauen","Wohnbauförderung und Schlichtungsstelle für wohnrechtliche Angelegenheiten","Montage eines Sonnenschutzes in Wohnungen","1180",1154,1,2024
"Wohnen, Wohnbau, Stadterneuerung und Frauen","Wohnbauförderung und Schlichtungsstelle für wohnrechtliche Angelegenheiten","Montage eines Sonnenschutzes in Wohnungen","1110",900.5,1,2024
"Wohnen, Wohnbau, Stadterneuerung und Frauen","Wohnbauförderung und Schlichtungsstelle für wohnrechtliche Angelegenheiten","Montage eines Sonnenschutzes in Wohnungen","1100",1213.8,1,2024
"Wohnen, Wohnbau, Stadterneuerung und Frauen","Wohnbauförderung und Schlichtungsstelle für wohnrechtliche Angelegenheiten","Montage eines Sonnenschutzes in Wohnungen","1210",1500,1,2024
"Wohnen, Wohnbau, Stadterneuerung und Frauen","Wohnbauförderung und Schlichtungsstelle für wohnrechtliche Angelegenheiten","Montage eines Sonnenschutzes in Wohnungen","1100",1500,1,2024
"Wohnen, Wohnbau, Stadterneuerung und Frauen","Wohnbauförderung und Schlichtungsstelle für wohnrechtliche Angelegenheiten","Montage eines Sonnenschutzes in Wohnungen","1160",1500,1,2024
"Wohnen, Wohnbau, Stadterneuerung und Frauen","Wohnbauförderung und Schlichtungsstelle für wohnrechtliche Angelegenheiten","Montage eines Sonnenschutzes in Wohnungen","1200",1500,1,2024
"Wohnen, Wohnbau, Stadterneuerung und Frauen","Wohnbauförderung und Schlichtungsstelle für wohnrechtliche Angelegenheiten","Montage eines Sonnenschutzes in Wohnungen","1210",1500,1,2024
"Wohnen, Wohnbau, Stadterneuerung und Frauen","Wohnbauförderung und Schlichtungsstelle für wohnrechtliche Angelegenheiten","Montage eines Sonnenschutzes in Wohnungen","1100",1500,1,2024
"Wohnen, Wohnbau, Stadterneuerung und Frauen","Wohnbauförderung und Schlichtungsstelle für wohnrechtliche Angelegenheiten","Montage eines Sonnenschutzes in Wohnungen","1210",412.2,1,2024
"Wohnen, Wohnbau, Stadterneuerung und Frauen","Wohnbauförderung und Schlichtungsstelle für wohnrechtliche Angelegenheiten","Montage eines Sonnenschutzes in Wohnungen","1060",1122,1,2024
"Wohnen, Wohnbau, Stadterneuerung und Frauen","Wohnbauförderung und Schlichtungsstelle für wohnrechtliche Angelegenheiten","Montage eines Sonnenschutzes in Wohnungen","1040",563.3,1,2024
"Wohnen, Wohnbau, Stadterneuerung und Frauen","Wohnbauförderung und Schlichtungsstelle für wohnrechtliche Angelegenheiten","Montage eines Sonnenschutzes in Wohnungen","1220",1500,1,2024
"Wohnen, Wohnbau, Stadterneuerung und Frauen","Wohnbauförderung und Schlichtungsstelle für wohnrechtliche Angelegenheiten","Montage eines Sonnenschutzes in Wohnungen","1030",696,1,2024
"Wohnen, Wohnbau, Stadterneuerung und Frauen","Wohnbauförderung und Schlichtungsstelle für wohnrechtliche Angelegenheiten","Montage eines Sonnenschutzes in Wohnungen","1220",1405.2,1,2024
"Wohnen, Wohnbau, Stadterneuerung und Frauen","Wohnbauförderung und Schlichtungsstelle für wohnrechtliche Angelegenheiten","Montage eines Sonnenschutzes in Wohnungen","1100",1351.6,1,2024
"Wohnen, Wohnbau, Stadterneuerung und Frauen","Wohnbauförderung und Schlichtungsstelle für wohnrechtliche Angelegenheiten","Montage eines Sonnenschutzes in Wohnungen","1130",715,1,2024
"Wohnen, Wohnbau, Stadterneuerung und Frauen","Wohnbauförderung und Schlichtungsstelle für wohnrechtliche Angelegenheiten","Montage eines Sonnenschutzes in Wohnungen","1220",1015.6,1,2024
"Wohnen, Wohnbau, Stadterneuerung und Frauen","Wohnbauförderung und Schlichtungsstelle für wohnrechtliche Angelegenheiten","Montage eines Sonnenschutzes in Wohnungen","1230",945.9,1,2024
"Wohnen, Wohnbau, Stadterneuerung und Frauen","Wohnbauförderung und Schlichtungsstelle für wohnrechtliche Angelegenheiten","Montage eines Sonnenschutzes in Wohnungen","1200",1500,1,2024
"Wohnen, Wohnbau, Stadterneuerung und Frauen","Wohnbauförderung und Schlichtungsstelle für wohnrechtliche Angelegenheiten","Montage eines Sonnenschutzes in Wohnungen","1120",1500,1,2024
"Wohnen, Wohnbau, Stadterneuerung und Frauen","Wohnbauförderung und Schlichtungsstelle für wohnrechtliche Angelegenheiten","Montage eines Sonnenschutzes in Wohnungen","1190",1500,1,2024
"Wohnen, Wohnbau, Stadterneuerung und Frauen","Wohnbauförderung und Schlichtungsstelle für wohnrechtliche Angelegenheiten","Montage eines Sonnenschutzes in Wohnungen","1110",1500,1,2024
"Wohnen, Wohnbau, Stadterneuerung und Frauen","Wohnbauförderung und Schlichtungsstelle für wohnrechtliche Angelegenheiten","Montage eines Sonnenschutzes in Wohnungen","1140",967.6,1,2024
"Wohnen, Wohnbau, Stadterneuerung und Frauen","Wohnbauförderung und Schlichtungsstelle für wohnrechtliche Angelegenheiten","Montage eines Sonnenschutzes in Wohnungen","3385",1203.2,1,2024
"Wohnen, Wohnbau, Stadterneuerung und Frauen","Wohnbauförderung und Schlichtungsstelle für wohnrechtliche Angelegenheiten","Montage eines Sonnenschutzes in Wohnungen","1110",1500,1,2024
"Wohnen, Wohnbau, Stadterneuerung und Frauen","Wohnbauförderung und Schlichtungsstelle für wohnrechtliche Angelegenheiten","Montage eines Sonnenschutzes in Wohnungen","1090",925.8,1,2024
"Wohnen, Wohnbau, Stadterneuerung und Frauen","Wohnbauförderung und Schlichtungsstelle für wohnrechtliche Angelegenheiten","Montage eines Sonnenschutzes in Wohnungen","1110",183.5,1,2024
"Wohnen, Wohnbau, Stadterneuerung und Frauen","Wohnbauförderung und Schlichtungsstelle für wohnrechtliche Angelegenheiten","Montage eines Sonnenschutzes in Wohnungen","1110",1200,1,2024
"Wohnen, Wohnbau, Stadterneuerung und Frauen","Wohnbauförderung und Schlichtungsstelle für wohnrechtliche Angelegenheiten","Montage eines Sonnenschutzes in Wohnungen","1020",1500,1,2024
"Wohnen, Wohnbau, Stadterneuerung und Frauen","Wohnbauförderung und Schlichtungsstelle für wohnrechtliche Angelegenheiten","Montage eines Sonnenschutzes in Wohnungen","1110",1350,1,2024
"Wohnen, Wohnbau, Stadterneuerung und Frauen","Wohnbauförderung und Schlichtungsstelle für wohnrechtliche Angelegenheiten","Montage eines Sonnenschutzes in Wohnungen","4171",897.5,1,2024
"Wohnen, Wohnbau, Stadterneuerung und Frauen","Wohnbauförderung und Schlichtungsstelle für wohnrechtliche Angelegenheiten","Montage eines Sonnenschutzes in Wohnungen","1050",444.9,1,2024
"Wohnen, Wohnbau, Stadterneuerung und Frauen","Wohnbauförderung und Schlichtungsstelle für wohnrechtliche Angelegenheiten","Montage eines Sonnenschutzes in Wohnungen","1180",1500,1,2024
"Wohnen, Wohnbau, Stadterneuerung und Frauen","Wohnbauförderung und Schlichtungsstelle für wohnrechtliche Angelegenheiten","Montage eines Sonnenschutzes in Wohnungen","1200",826.6,1,2024
"Wohnen, Wohnbau, Stadterneuerung und Frauen","Wohnbauförderung und Schlichtungsstelle für wohnrechtliche Angelegenheiten","Montage eines Sonnenschutzes in Wohnungen","1210",1463.4,1,2024
"Wohnen, Wohnbau, Stadterneuerung und Frauen","Wohnbauförderung und Schlichtungsstelle für wohnrechtliche Angelegenheiten","Montage eines Sonnenschutzes in Wohnungen","1130",1500,1,2024
"Wohnen, Wohnbau, Stadterneuerung und Frauen","Wohnbauförderung und Schlichtungsstelle für wohnrechtliche Angelegenheiten","Montage eines Sonnenschutzes in Wohnungen","1230",919.8,1,2024
"Wohnen, Wohnbau, Stadterneuerung und Frauen","Wohnbauförderung und Schlichtungsstelle für wohnrechtliche Angelegenheiten","Montage eines Sonnenschutzes in Wohnungen","1190",1464.6,1,2024
"Wohnen, Wohnbau, Stadterneuerung und Frauen","Wohnbauförderung und Schlichtungsstelle für wohnrechtliche Angelegenheiten","Montage eines Sonnenschutzes in Wohnungen","1210",1500,1,2024
"Wohnen, Wohnbau, Stadterneuerung und Frauen","Wohnbauförderung und Schlichtungsstelle für wohnrechtliche Angelegenheiten","Montage eines Sonnenschutzes in Wohnungen","1020",631.2,1,2024
"Wohnen, Wohnbau, Stadterneuerung und Frauen","Wohnbauförderung und Schlichtungsstelle für wohnrechtliche Angelegenheiten","Montage eines Sonnenschutzes in Wohnungen","1190",1500,1,2024
"Wohnen, Wohnbau, Stadterneuerung und Frauen","Wohnbauförderung und Schlichtungsstelle für wohnrechtliche Angelegenheiten","Montage eines Sonnenschutzes in Wohnungen","1210",1500,1,2024
"Wohnen, Wohnbau, Stadterneuerung und Frauen","Wohnbauförderung und Schlichtungsstelle für wohnrechtliche Angelegenheiten","Montage eines Sonnenschutzes in Wohnungen","1210",1500,1,2024
"Wohnen, Wohnbau, Stadterneuerung und Frauen","Wohnbauförderung und Schlichtungsstelle für wohnrechtliche Angelegenheiten","Montage eines Sonnenschutzes in Wohnungen","1190",1399.6,1,2024
"Wohnen, Wohnbau, Stadterneuerung und Frauen","Wohnbauförderung und Schlichtungsstelle für wohnrechtliche Angelegenheiten","Montage eines Sonnenschutzes in Wohnungen","1220",901,1,2024
"Wohnen, Wohnbau, Stadterneuerung und Frauen","Wohnbauförderung und Schlichtungsstelle für wohnrechtliche Angelegenheiten","Montage eines Sonnenschutzes in Wohnungen","1030",1500,1,2024
"Wohnen, Wohnbau, Stadterneuerung und Frauen","Wohnbauförderung und Schlichtungsstelle für wohnrechtliche Angelegenheiten","Montage eines Sonnenschutzes in Wohnungen","1220",1132,1,2024
"Wohnen, Wohnbau, Stadterneuerung und Frauen","Wohnbauförderung und Schlichtungsstelle für wohnrechtliche Angelegenheiten","Montage eines Sonnenschutzes in Wohnungen","1200",1500,1,2024
"Wohnen, Wohnbau, Stadterneuerung und Frauen","Wohnbauförderung und Schlichtungsstelle für wohnrechtliche Angelegenheiten","Montage eines Sonnenschutzes in Wohnungen","2201",1380,1,2024
"Wohnen, Wohnbau, Stadterneuerung und Frauen","Wohnbauförderung und Schlichtungsstelle für wohnrechtliche Angelegenheiten","Montage eines Sonnenschutzes in Wohnungen","1230",395.7,1,2024
"Wohnen, Wohnbau, Stadterneuerung und Frauen","Wohnbauförderung und Schlichtungsstelle für wohnrechtliche Angelegenheiten","Montage eines Sonnenschutzes in Wohnungen","1110",1500,1,2024
"Wohnen, Wohnbau, Stadterneuerung und Frauen","Wohnbauförderung und Schlichtungsstelle für wohnrechtliche Angelegenheiten","Montage eines Sonnenschutzes in Wohnungen","1220",1500,1,2024
"Wohnen, Wohnbau, Stadterneuerung und Frauen","Wohnbauförderung und Schlichtungsstelle für wohnrechtliche Angelegenheiten","Montage eines Sonnenschutzes in Wohnungen","1020",502,1,2024
"Wohnen, Wohnbau, Stadterneuerung und Frauen","Wohnbauförderung und Schlichtungsstelle für wohnrechtliche Angelegenheiten","Montage eines Sonnenschutzes in Wohnungen","1190",1479.9,1,2024
"Wohnen, Wohnbau, Stadterneuerung und Frauen","Wohnbauförderung und Schlichtungsstelle für wohnrechtliche Angelegenheiten","Montage eines Sonnenschutzes in Wohnungen","1230",1484.2,1,2024
"Wohnen, Wohnbau, Stadterneuerung und Frauen","Wohnbauförderung und Schlichtungsstelle für wohnrechtliche Angelegenheiten","Montage eines Sonnenschutzes in Wohnungen","1020",1500,1,2024
"Wohnen, Wohnbau, Stadterneuerung und Frauen","Wohnbauförderung und Schlichtungsstelle für wohnrechtliche Angelegenheiten","Montage eines Sonnenschutzes in Wohnungen","1120",273.6,1,2024
"Wohnen, Wohnbau, Stadterneuerung und Frauen","Wohnbauförderung und Schlichtungsstelle für wohnrechtliche Angelegenheiten","Montage eines Sonnenschutzes in Wohnungen","1220",1500,1,2024
"Wohnen, Wohnbau, Stadterneuerung und Frauen","Wohnbauförderung und Schlichtungsstelle für wohnrechtliche Angelegenheiten","Montage eines Sonnenschutzes in Wohnungen","1200",643.5,1,2024
"Wohnen, Wohnbau, Stadterneuerung und Frauen","Wohnbauförderung und Schlichtungsstelle für wohnrechtliche Angelegenheiten","Montage eines Sonnenschutzes in Wohnungen","1220",1500,1,2024
"Wohnen, Wohnbau, Stadterneuerung und Frauen","Wohnbauförderung und Schlichtungsstelle für wohnrechtliche Angelegenheiten","Montage eines Sonnenschutzes in Wohnungen","1120",504.2,1,2024
"Wohnen, Wohnbau, Stadterneuerung und Frauen","Wohnbauförderung und Schlichtungsstelle für wohnrechtliche Angelegenheiten","Montage eines Sonnenschutzes in Wohnungen","8114",540,1,2024
"Wohnen, Wohnbau, Stadterneuerung und Frauen","Wohnbauförderung und Schlichtungsstelle für wohnrechtliche Angelegenheiten","Montage eines Sonnenschutzes in Wohnungen","1170",1500,1,2024
"Wohnen, Wohnbau, Stadterneuerung und Frauen","Wohnbauförderung und Schlichtungsstelle für wohnrechtliche Angelegenheiten","Montage eines Sonnenschutzes in Wohnungen","1120",1020.5,1,2024
"Wohnen, Wohnbau, Stadterneuerung und Frauen","Wohnbauförderung und Schlichtungsstelle für wohnrechtliche Angelegenheiten","Montage eines Sonnenschutzes in Wohnungen","1210",579.6,1,2024
"Wohnen, Wohnbau, Stadterneuerung und Frauen","Wohnbauförderung und Schlichtungsstelle für wohnrechtliche Angelegenheiten","Montage eines Sonnenschutzes in Wohnungen","1110",1279.8,1,2024
"Wohnen, Wohnbau, Stadterneuerung und Frauen","Wohnbauförderung und Schlichtungsstelle für wohnrechtliche Angelegenheiten","Montage eines Sonnenschutzes in Wohnungen","1020",1498,1,2024
"Wohnen, Wohnbau, Stadterneuerung und Frauen","Wohnbauförderung und Schlichtungsstelle für wohnrechtliche Angelegenheiten","Montage eines Sonnenschutzes in Wohnungen","2333",1500,1,2024
"Wohnen, Wohnbau, Stadterneuerung und Frauen","Wohnbauförderung und Schlichtungsstelle für wohnrechtliche Angelegenheiten","Montage eines Sonnenschutzes in Wohnungen","1130",330.5,1,2024
"Wohnen, Wohnbau, Stadterneuerung und Frauen","Wohnbauförderung und Schlichtungsstelle für wohnrechtliche Angelegenheiten","Montage eines Sonnenschutzes in Wohnungen","1200",1500,1,2024
"Wohnen, Wohnbau, Stadterneuerung und Frauen","Wohnbauförderung und Schlichtungsstelle für wohnrechtliche Angelegenheiten","Montage eines Sonnenschutzes in Wohnungen","1200",568.2,1,2024
"Wohnen, Wohnbau, Stadterneuerung und Frauen","Wohnbauförderung und Schlichtungsstelle für wohnrechtliche Angelegenheiten","Montage eines Sonnenschutzes in Wohnungen","1020",1257.7,1,2024
"Wohnen, Wohnbau, Stadterneuerung und Frauen","Wohnbauförderung und Schlichtungsstelle für wohnrechtliche Angelegenheiten","Montage eines Sonnenschutzes in Wohnungen","1220",1352,1,2024
"Wohnen, Wohnbau, Stadterneuerung und Frauen","Wohnbauförderung und Schlichtungsstelle für wohnrechtliche Angelegenheiten","Montage eines Sonnenschutzes in Wohnungen","1190",1500,1,2024
"Wohnen, Wohnbau, Stadterneuerung und Frauen","Wohnbauförderung und Schlichtungsstelle für wohnrechtliche Angelegenheiten","Montage eines Sonnenschutzes in Wohnungen","1200",1500,1,2024
"Wohnen, Wohnbau, Stadterneuerung und Frauen","Wohnbauförderung und Schlichtungsstelle für wohnrechtliche Angelegenheiten","Montage eines Sonnenschutzes in Wohnungen","1120",1097.5,1,2024
"Wohnen, Wohnbau, Stadterneuerung und Frauen","Wohnbauförderung und Schlichtungsstelle für wohnrechtliche Angelegenheiten","Montage eines Sonnenschutzes in Wohnungen","1120",446.2,1,2024
"Wohnen, Wohnbau, Stadterneuerung und Frauen","Wohnbauförderung und Schlichtungsstelle für wohnrechtliche Angelegenheiten","Montage eines Sonnenschutzes in Wohnungen","1170",1500,1,2024
"Wohnen, Wohnbau, Stadterneuerung und Frauen","Wohnbauförderung und Schlichtungsstelle für wohnrechtliche Angelegenheiten","Montage eines Sonnenschutzes in Wohnungen","1210",1498.2,1,2024
"Wohnen, Wohnbau, Stadterneuerung und Frauen","Wohnbauförderung und Schlichtungsstelle für wohnrechtliche Angelegenheiten","Montage eines Sonnenschutzes in Wohnungen","1020",1410,1,2024
"Wohnen, Wohnbau, Stadterneuerung und Frauen","Wohnbauförderung und Schlichtungsstelle für wohnrechtliche Angelegenheiten","Montage eines Sonnenschutzes in Wohnungen","1020",1410,1,2024
"Wohnen, Wohnbau, Stadterneuerung und Frauen","Wohnbauförderung und Schlichtungsstelle für wohnrechtliche Angelegenheiten","Montage eines Sonnenschutzes in Wohnungen","1110",1500,1,2024
"Wohnen, Wohnbau, Stadterneuerung und Frauen","Wohnbauförderung und Schlichtungsstelle für wohnrechtliche Angelegenheiten","Montage eines Sonnenschutzes in Wohnungen","1100",1460.5,1,2024
"Wohnen, Wohnbau, Stadterneuerung und Frauen","Wohnbauförderung und Schlichtungsstelle für wohnrechtliche Angelegenheiten","Montage eines Sonnenschutzes in Wohnungen","1190",933.7,1,2024
"Wohnen, Wohnbau, Stadterneuerung und Frauen","Wohnbauförderung und Schlichtungsstelle für wohnrechtliche Angelegenheiten","Montage eines Sonnenschutzes in Wohnungen","1080",1500,1,2024
"Wohnen, Wohnbau, Stadterneuerung und Frauen","Wohnbauförderung und Schlichtungsstelle für wohnrechtliche Angelegenheiten","Montage eines Sonnenschutzes in Wohnungen","1190",768.6,1,2024
"Wohnen, Wohnbau, Stadterneuerung und Frauen","Wohnbauförderung und Schlichtungsstelle für wohnrechtliche Angelegenheiten","Montage eines Sonnenschutzes in Wohnungen","1200",1500,1,2024
"Wohnen, Wohnbau, Stadterneuerung und Frauen","Wohnbauförderung und Schlichtungsstelle für wohnrechtliche Angelegenheiten","Montage eines Sonnenschutzes in Wohnungen","1140",964.6,1,2024
"Wohnen, Wohnbau, Stadterneuerung und Frauen","Wohnbauförderung und Schlichtungsstelle für wohnrechtliche Angelegenheiten","Montage eines Sonnenschutzes in Wohnungen","1160",1500,1,2024
"Wohnen, Wohnbau, Stadterneuerung und Frauen","Wohnbauförderung und Schlichtungsstelle für wohnrechtliche Angelegenheiten","Montage eines Sonnenschutzes in Wohnungen","1150",1500,1,2024
"Wohnen, Wohnbau, Stadterneuerung und Frauen","Wohnbauförderung und Schlichtungsstelle für wohnrechtliche Angelegenheiten","Montage eines Sonnenschutzes in Wohnungen","1210",973,1,2024
"Wohnen, Wohnbau, Stadterneuerung und Frauen","Wohnbauförderung und Schlichtungsstelle für wohnrechtliche Angelegenheiten","Montage eines Sonnenschutzes in Wohnungen","1070",1500,1,2024
"Wohnen, Wohnbau, Stadterneuerung und Frauen","Wohnbauförderung und Schlichtungsstelle für wohnrechtliche Angelegenheiten","Montage eines Sonnenschutzes in Wohnungen","1060",1361.4,1,2024
"Wohnen, Wohnbau, Stadterneuerung und Frauen","Wohnbauförderung und Schlichtungsstelle für wohnrechtliche Angelegenheiten","Montage eines Sonnenschutzes in Wohnungen","1210",1500,1,2024
"Wohnen, Wohnbau, Stadterneuerung und Frauen","Wohnbauförderung und Schlichtungsstelle für wohnrechtliche Angelegenheiten","Montage eines Sonnenschutzes in Wohnungen","1220",1500,1,2024
"Wohnen, Wohnbau, Stadterneuerung und Frauen","Wohnbauförderung und Schlichtungsstelle für wohnrechtliche Angelegenheiten","Montage eines Sonnenschutzes in Wohnungen","1190",1500,1,2024
"Wohnen, Wohnbau, Stadterneuerung und Frauen","Wohnbauförderung und Schlichtungsstelle für wohnrechtliche Angelegenheiten","Montage eines Sonnenschutzes in Wohnungen","1120",750,1,2024
"Wohnen, Wohnbau, Stadterneuerung und Frauen","Wohnbauförderung und Schlichtungsstelle für wohnrechtliche Angelegenheiten","Montage eines Sonnenschutzes in Wohnungen","1100",1500,1,2024
"Wohnen, Wohnbau, Stadterneuerung und Frauen","Wohnbauförderung und Schlichtungsstelle für wohnrechtliche Angelegenheiten","Montage eines Sonnenschutzes in Wohnungen","1160",658.6,1,2024
"Wohnen, Wohnbau, Stadterneuerung und Frauen","Wohnbauförderung und Schlichtungsstelle für wohnrechtliche Angelegenheiten","Montage eines Sonnenschutzes in Wohnungen","1230",1160,1,2024
"Wohnen, Wohnbau, Stadterneuerung und Frauen","Wohnbauförderung und Schlichtungsstelle für wohnrechtliche Angelegenheiten","Montage eines Sonnenschutzes in Wohnungen","1190",876.6,1,2024
"Wohnen, Wohnbau, Stadterneuerung und Frauen","Wohnbauförderung und Schlichtungsstelle für wohnrechtliche Angelegenheiten","Montage eines Sonnenschutzes in Wohnungen","1020",476.5,1,2024
"Wohnen, Wohnbau, Stadterneuerung und Frauen","Wohnbauförderung und Schlichtungsstelle für wohnrechtliche Angelegenheiten","Montage eines Sonnenschutzes in Wohnungen","1140",97.2,1,2024
"Wohnen, Wohnbau, Stadterneuerung und Frauen","Wohnbauförderung und Schlichtungsstelle für wohnrechtliche Angelegenheiten","Montage eines Sonnenschutzes in Wohnungen","1220",892.1,1,2024
"Wohnen, Wohnbau, Stadterneuerung und Frauen","Wohnbauförderung und Schlichtungsstelle für wohnrechtliche Angelegenheiten","Montage eines Sonnenschutzes in Wohnungen","1180",346,1,2024
"Wohnen, Wohnbau, Stadterneuerung und Frauen","Wohnbauförderung und Schlichtungsstelle für wohnrechtliche Angelegenheiten","Montage eines Sonnenschutzes in Wohnungen","1210",1438.6,1,2024
"Wohnen, Wohnbau, Stadterneuerung und Frauen","Wohnbauförderung und Schlichtungsstelle für wohnrechtliche Angelegenheiten","Montage eines Sonnenschutzes in Wohnungen","1120",1320.9,1,2024
"Wohnen, Wohnbau, Stadterneuerung und Frauen","Wohnbauförderung und Schlichtungsstelle für wohnrechtliche Angelegenheiten","Montage eines Sonnenschutzes in Wohnungen","1020",912,1,2024
"Wohnen, Wohnbau, Stadterneuerung und Frauen","Wohnbauförderung und Schlichtungsstelle für wohnrechtliche Angelegenheiten","Montage eines Sonnenschutzes in Wohnungen","1070",1500,1,2024
"Wohnen, Wohnbau, Stadterneuerung und Frauen","Wohnbauförderung und Schlichtungsstelle für wohnrechtliche Angelegenheiten","Montage eines Sonnenschutzes in Wohnungen","1120",395,1,2024
"Wohnen, Wohnbau, Stadterneuerung und Frauen","Wohnbauförderung und Schlichtungsstelle für wohnrechtliche Angelegenheiten","Montage eines Sonnenschutzes in Wohnungen","1070",1500,1,2024
"Wohnen, Wohnbau, Stadterneuerung und Frauen","Wohnbauförderung und Schlichtungsstelle für wohnrechtliche Angelegenheiten","Montage eines Sonnenschutzes in Wohnungen","1070",1500,1,2024
"Wohnen, Wohnbau, Stadterneuerung und Frauen","Wohnbauförderung und Schlichtungsstelle für wohnrechtliche Angelegenheiten","Montage eines Sonnenschutzes in Wohnungen","1200",1500,1,2024
"Wohnen, Wohnbau, Stadterneuerung und Frauen","Wohnbauförderung und Schlichtungsstelle für wohnrechtliche Angelegenheiten","Montage eines Sonnenschutzes in Wohnungen","1210",1500,1,2024
"Wohnen, Wohnbau, Stadterneuerung und Frauen","Wohnbauförderung und Schlichtungsstelle für wohnrechtliche Angelegenheiten","Montage eines Sonnenschutzes in Wohnungen","1220",1500,1,2024
"Wohnen, Wohnbau, Stadterneuerung und Frauen","Wohnbauförderung und Schlichtungsstelle für wohnrechtliche Angelegenheiten","Montage eines Sonnenschutzes in Wohnungen","1190",1500,1,2024
"Wohnen, Wohnbau, Stadterneuerung und Frauen","Wohnbauförderung und Schlichtungsstelle für wohnrechtliche Angelegenheiten","Montage eines Sonnenschutzes in Wohnungen","1160",1500,1,2024
"Wohnen, Wohnbau, Stadterneuerung und Frauen","Wohnbauförderung und Schlichtungsstelle für wohnrechtliche Angelegenheiten","Montage eines Sonnenschutzes in Wohnungen","1210",1365.6,1,2024
"Wohnen, Wohnbau, Stadterneuerung und Frauen","Wohnbauförderung und Schlichtungsstelle für wohnrechtliche Angelegenheiten","Montage eines Sonnenschutzes in Wohnungen","1100",871.7,1,2024
"Wohnen, Wohnbau, Stadterneuerung und Frauen","Wohnbauförderung und Schlichtungsstelle für wohnrechtliche Angelegenheiten","Montage eines Sonnenschutzes in Wohnungen","1160",934.1,1,2024
"Wohnen, Wohnbau, Stadterneuerung und Frauen","Wohnbauförderung und Schlichtungsstelle für wohnrechtliche Angelegenheiten","Montage eines Sonnenschutzes in Wohnungen","1180",1500,1,2024
"Wohnen, Wohnbau, Stadterneuerung und Frauen","Wohnbauförderung und Schlichtungsstelle für wohnrechtliche Angelegenheiten","Montage eines Sonnenschutzes in Wohnungen","1070",1261.8,1,2024
"Wohnen, Wohnbau, Stadterneuerung und Frauen","Wohnbauförderung und Schlichtungsstelle für wohnrechtliche Angelegenheiten","Montage eines Sonnenschutzes in Wohnungen","1220",1250.4,1,2024
"Wohnen, Wohnbau, Stadterneuerung und Frauen","Wohnbauförderung und Schlichtungsstelle für wohnrechtliche Angelegenheiten","Montage eines Sonnenschutzes in Wohnungen","1200",1500,1,2024
"Wohnen, Wohnbau, Stadterneuerung und Frauen","Wohnbauförderung und Schlichtungsstelle für wohnrechtliche Angelegenheiten","Montage eines Sonnenschutzes in Wohnungen","1080",1500,1,2024
"Wohnen, Wohnbau, Stadterneuerung und Frauen","Wohnbauförderung und Schlichtungsstelle für wohnrechtliche Angelegenheiten","Montage eines Sonnenschutzes in Wohnungen","1120",929.5,1,2024
"Wohnen, Wohnbau, Stadterneuerung und Frauen","Wohnbauförderung und Schlichtungsstelle für wohnrechtliche Angelegenheiten","Montage eines Sonnenschutzes in Wohnungen","1210",775.1,1,2024
"Wohnen, Wohnbau, Stadterneuerung und Frauen","Wohnbauförderung und Schlichtungsstelle für wohnrechtliche Angelegenheiten","Montage eines Sonnenschutzes in Wohnungen","1050",474,1,2024
"Wohnen, Wohnbau, Stadterneuerung und Frauen","Wohnbauförderung und Schlichtungsstelle für wohnrechtliche Angelegenheiten","Montage eines Sonnenschutzes in Wohnungen","1210",1049.8,1,2024
"Wohnen, Wohnbau, Stadterneuerung und Frauen","Wohnbauförderung und Schlichtungsstelle für wohnrechtliche Angelegenheiten","Montage eines Sonnenschutzes in Wohnungen","1050",1005,1,2024
"Wohnen, Wohnbau, Stadterneuerung und Frauen","Wohnbauförderung und Schlichtungsstelle für wohnrechtliche Angelegenheiten","Montage eines Sonnenschutzes in Wohnungen","1050",927,1,2024
"Wohnen, Wohnbau, Stadterneuerung und Frauen","Wohnbauförderung und Schlichtungsstelle für wohnrechtliche Angelegenheiten","Montage eines Sonnenschutzes in Wohnungen","1200",689.6,1,2024
"Wohnen, Wohnbau, Stadterneuerung und Frauen","Wohnbauförderung und Schlichtungsstelle für wohnrechtliche Angelegenheiten","Montage eines Sonnenschutzes in Wohnungen","1060",1500,1,2024
"Wohnen, Wohnbau, Stadterneuerung und Frauen","Wohnbauförderung und Schlichtungsstelle für wohnrechtliche Angelegenheiten","Montage eines Sonnenschutzes in Wohnungen","1220",1500,1,2024
"Wohnen, Wohnbau, Stadterneuerung und Frauen","Wohnbauförderung und Schlichtungsstelle für wohnrechtliche Angelegenheiten","Montage eines Sonnenschutzes in Wohnungen","1100",345,1,2024
"Wohnen, Wohnbau, Stadterneuerung und Frauen","Wohnbauförderung und Schlichtungsstelle für wohnrechtliche Angelegenheiten","Montage eines Sonnenschutzes in Wohnungen","1230",1500,1,2024
"Wohnen, Wohnbau, Stadterneuerung und Frauen","Wohnbauförderung und Schlichtungsstelle für wohnrechtliche Angelegenheiten","Montage eines Sonnenschutzes in Wohnungen","1190",543,1,2024
"Wohnen, Wohnbau, Stadterneuerung und Frauen","Wohnbauförderung und Schlichtungsstelle für wohnrechtliche Angelegenheiten","Montage eines Sonnenschutzes in Wohnungen","1210",1500,1,2024
"Wohnen, Wohnbau, Stadterneuerung und Frauen","Wohnbauförderung und Schlichtungsstelle für wohnrechtliche Angelegenheiten","Montage eines Sonnenschutzes in Wohnungen","1220",828,1,2024
"Wohnen, Wohnbau, Stadterneuerung und Frauen","Wohnbauförderung und Schlichtungsstelle für wohnrechtliche Angelegenheiten","Montage eines Sonnenschutzes in Wohnungen","1100",929,1,2024
"Wohnen, Wohnbau, Stadterneuerung und Frauen","Wohnbauförderung und Schlichtungsstelle für wohnrechtliche Angelegenheiten","Montage eines Sonnenschutzes in Wohnungen","1100",1500,1,2024
"Wohnen, Wohnbau, Stadterneuerung und Frauen","Wohnbauförderung und Schlichtungsstelle für wohnrechtliche Angelegenheiten","Montage eines Sonnenschutzes in Wohnungen","1230",826,1,2024
"Wohnen, Wohnbau, Stadterneuerung und Frauen","Wohnbauförderung und Schlichtungsstelle für wohnrechtliche Angelegenheiten","Montage eines Sonnenschutzes in Wohnungen","1190",1500,1,2024
"Wohnen, Wohnbau, Stadterneuerung und Frauen","Wohnbauförderung und Schlichtungsstelle für wohnrechtliche Angelegenheiten","Montage eines Sonnenschutzes in Wohnungen","1020",720,1,2024
"Wohnen, Wohnbau, Stadterneuerung und Frauen","Wohnbauförderung und Schlichtungsstelle für wohnrechtliche Angelegenheiten","Montage eines Sonnenschutzes in Wohnungen","1190",1500,1,2024
"Wohnen, Wohnbau, Stadterneuerung und Frauen","Wohnbauförderung und Schlichtungsstelle für wohnrechtliche Angelegenheiten","Montage eines Sonnenschutzes in Wohnungen","1160",1500,1,2024
"Wohnen, Wohnbau, Stadterneuerung und Frauen","Wohnbauförderung und Schlichtungsstelle für wohnrechtliche Angelegenheiten","Montage eines Sonnenschutzes in Wohnungen","1020",921,1,2024
"Wohnen, Wohnbau, Stadterneuerung und Frauen","Wohnbauförderung und Schlichtungsstelle für wohnrechtliche Angelegenheiten","Montage eines Sonnenschutzes in Wohnungen","1220",1349.4,1,2024
"Wohnen, Wohnbau, Stadterneuerung und Frauen","Wohnbauförderung und Schlichtungsstelle für wohnrechtliche Angelegenheiten","Montage eines Sonnenschutzes in Wohnungen","1110",1500,1,2024
"Wohnen, Wohnbau, Stadterneuerung und Frauen","Wohnbauförderung und Schlichtungsstelle für wohnrechtliche Angelegenheiten","Montage eines Sonnenschutzes in Wohnungen","1020",1500,1,2024
"Wohnen, Wohnbau, Stadterneuerung und Frauen","Wohnbauförderung und Schlichtungsstelle für wohnrechtliche Angelegenheiten","Montage eines Sonnenschutzes in Wohnungen","1180",1500,1,2024
"Wohnen, Wohnbau, Stadterneuerung und Frauen","Wohnbauförderung und Schlichtungsstelle für wohnrechtliche Angelegenheiten","Montage eines Sonnenschutzes in Wohnungen","1130",1289.4,1,2024
"Wohnen, Wohnbau, Stadterneuerung und Frauen","Wohnbauförderung und Schlichtungsstelle für wohnrechtliche Angelegenheiten","Montage eines Sonnenschutzes in Wohnungen","1130",1240.7,1,2024
"Wohnen, Wohnbau, Stadterneuerung und Frauen","Wohnbauförderung und Schlichtungsstelle für wohnrechtliche Angelegenheiten","Montage eines Sonnenschutzes in Wohnungen","1020",1410.1,1,2024
"Wohnen, Wohnbau, Stadterneuerung und Frauen","Wohnbauförderung und Schlichtungsstelle für wohnrechtliche Angelegenheiten","Montage eines Sonnenschutzes in Wohnungen","1100",1500,1,2024
"Wohnen, Wohnbau, Stadterneuerung und Frauen","Wohnbauförderung und Schlichtungsstelle für wohnrechtliche Angelegenheiten","Montage eines Sonnenschutzes in Wohnungen","1170",1500,1,2024
"Wohnen, Wohnbau, Stadterneuerung und Frauen","Wohnbauförderung und Schlichtungsstelle für wohnrechtliche Angelegenheiten","Montage eines Sonnenschutzes in Wohnungen","1190",1444.6,1,2024
"Wohnen, Wohnbau, Stadterneuerung und Frauen","Wohnbauförderung und Schlichtungsstelle für wohnrechtliche Angelegenheiten","Montage eines Sonnenschutzes in Wohnungen","1100",900,1,2024
"Wohnen, Wohnbau, Stadterneuerung und Frauen","Wohnbauförderung und Schlichtungsstelle für wohnrechtliche Angelegenheiten","Montage eines Sonnenschutzes in Wohnungen","1180",1500,1,2024
"Wohnen, Wohnbau, Stadterneuerung und Frauen","Wohnbauförderung und Schlichtungsstelle für wohnrechtliche Angelegenheiten","Montage eines Sonnenschutzes in Wohnungen","1190",1450,1,2024
"Wohnen, Wohnbau, Stadterneuerung und Frauen","Wohnbauförderung und Schlichtungsstelle für wohnrechtliche Angelegenheiten","Montage eines Sonnenschutzes in Wohnungen","1220",460.5,1,2024
"Wohnen, Wohnbau, Stadterneuerung und Frauen","Wohnbauförderung und Schlichtungsstelle für wohnrechtliche Angelegenheiten","Montage eines Sonnenschutzes in Wohnungen","1110",1500,1,2024
"Wohnen, Wohnbau, Stadterneuerung und Frauen","Wohnbauförderung und Schlichtungsstelle für wohnrechtliche Angelegenheiten","Montage eines Sonnenschutzes in Wohnungen","1120",1500,1,2024
"Wohnen, Wohnbau, Stadterneuerung und Frauen","Wohnbauförderung und Schlichtungsstelle für wohnrechtliche Angelegenheiten","Montage eines Sonnenschutzes in Wohnungen","1220",1500,1,2024
"Wohnen, Wohnbau, Stadterneuerung und Frauen","Wohnbauförderung und Schlichtungsstelle für wohnrechtliche Angelegenheiten","Montage eines Sonnenschutzes in Wohnungen","1180",1092.3,1,2024
"Wohnen, Wohnbau, Stadterneuerung und Frauen","Wohnbauförderung und Schlichtungsstelle für wohnrechtliche Angelegenheiten","Montage eines Sonnenschutzes in Wohnungen","1140",270,1,2024
"Wohnen, Wohnbau, Stadterneuerung und Frauen","Wohnbauförderung und Schlichtungsstelle für wohnrechtliche Angelegenheiten","Montage eines Sonnenschutzes in Wohnungen","1170",1500,1,2024
"Wohnen, Wohnbau, Stadterneuerung und Frauen","Wohnbauförderung und Schlichtungsstelle für wohnrechtliche Angelegenheiten","Montage eines Sonnenschutzes in Wohnungen","1140",1020,1,2024
"Wohnen, Wohnbau, Stadterneuerung und Frauen","Wohnbauförderung und Schlichtungsstelle für wohnrechtliche Angelegenheiten","Montage eines Sonnenschutzes in Wohnungen","1190",1500,1,2024
"Wohnen, Wohnbau, Stadterneuerung und Frauen","Wohnbauförderung und Schlichtungsstelle für wohnrechtliche Angelegenheiten","Montage eines Sonnenschutzes in Wohnungen","1210",1024.5,1,2024
"Wohnen, Wohnbau, Stadterneuerung und Frauen","Wohnbauförderung und Schlichtungsstelle für wohnrechtliche Angelegenheiten","Montage eines Sonnenschutzes in Wohnungen","1190",1485.6,1,2024
"Wohnen, Wohnbau, Stadterneuerung und Frauen","Wohnbauförderung und Schlichtungsstelle für wohnrechtliche Angelegenheiten","Montage eines Sonnenschutzes in Wohnungen","1230",890.8,1,2024
"Wohnen, Wohnbau, Stadterneuerung und Frauen","Wohnbauförderung und Schlichtungsstelle für wohnrechtliche Angelegenheiten","Montage eines Sonnenschutzes in Wohnungen","1030",495,1,2024
"Wohnen, Wohnbau, Stadterneuerung und Frauen","Wohnbauförderung und Schlichtungsstelle für wohnrechtliche Angelegenheiten","Montage eines Sonnenschutzes in Wohnungen","1190",1500,1,2024
"Wohnen, Wohnbau, Stadterneuerung und Frauen","Wohnbauförderung und Schlichtungsstelle für wohnrechtliche Angelegenheiten","Montage eines Sonnenschutzes in Wohnungen","9020",658.8,1,2024
"Wohnen, Wohnbau, Stadterneuerung und Frauen","Wohnbauförderung und Schlichtungsstelle für wohnrechtliche Angelegenheiten","Montage eines Sonnenschutzes in Wohnungen","1220",1500,1,2024
"Wohnen, Wohnbau, Stadterneuerung und Frauen","Wohnbauförderung und Schlichtungsstelle für wohnrechtliche Angelegenheiten","Montage eines Sonnenschutzes in Wohnungen","1090",1500,1,2024
"Wohnen, Wohnbau, Stadterneuerung und Frauen","Wohnbauförderung und Schlichtungsstelle für wohnrechtliche Angelegenheiten","Montage eines Sonnenschutzes in Wohnungen","1020",928.1,1,2024
"Wohnen, Wohnbau, Stadterneuerung und Frauen","Wohnbauförderung und Schlichtungsstelle für wohnrechtliche Angelegenheiten","Montage eines Sonnenschutzes in Wohnungen","1160",448.9,1,2024
"Wohnen, Wohnbau, Stadterneuerung und Frauen","Wohnbauförderung und Schlichtungsstelle für wohnrechtliche Angelegenheiten","Montage eines Sonnenschutzes in Wohnungen","1070",1500,1,2024
"Wohnen, Wohnbau, Stadterneuerung und Frauen","Wohnbauförderung und Schlichtungsstelle für wohnrechtliche Angelegenheiten","Montage eines Sonnenschutzes in Wohnungen","1160",1500,1,2024
"Wohnen, Wohnbau, Stadterneuerung und Frauen","Wohnbauförderung und Schlichtungsstelle für wohnrechtliche Angelegenheiten","Montage eines Sonnenschutzes in Wohnungen","1230",1112.6,1,2024
"Wohnen, Wohnbau, Stadterneuerung und Frauen","Wohnbauförderung und Schlichtungsstelle für wohnrechtliche Angelegenheiten","Montage eines Sonnenschutzes in Wohnungen","1110",1500,1,2024
"Wohnen, Wohnbau, Stadterneuerung und Frauen","Wohnbauförderung und Schlichtungsstelle für wohnrechtliche Angelegenheiten","Montage eines Sonnenschutzes in Wohnungen","1160",1476.5,1,2024
"Wohnen, Wohnbau, Stadterneuerung und Frauen","Wohnbauförderung und Schlichtungsstelle für wohnrechtliche Angelegenheiten","Montage eines Sonnenschutzes in Wohnungen","1030",750,1,2024
"Wohnen, Wohnbau, Stadterneuerung und Frauen","Wohnbauförderung und Schlichtungsstelle für wohnrechtliche Angelegenheiten","Montage eines Sonnenschutzes in Wohnungen","1140",1500,1,2024
"Wohnen, Wohnbau, Stadterneuerung und Frauen","Wohnbauförderung und Schlichtungsstelle für wohnrechtliche Angelegenheiten","Montage eines Sonnenschutzes in Wohnungen","1100",1500,1,2024
"Wohnen, Wohnbau, Stadterneuerung und Frauen","Wohnbauförderung und Schlichtungsstelle für wohnrechtliche Angelegenheiten","Montage eines Sonnenschutzes in Wohnungen","1220",1500,1,2024
"Wohnen, Wohnbau, Stadterneuerung und Frauen","Wohnbauförderung und Schlichtungsstelle für wohnrechtliche Angelegenheiten","Montage eines Sonnenschutzes in Wohnungen","1190",852,1,2024
"Wohnen, Wohnbau, Stadterneuerung und Frauen","Wohnbauförderung und Schlichtungsstelle für wohnrechtliche Angelegenheiten","Montage eines Sonnenschutzes in Wohnungen","1210",1200.2,1,2024
"Wohnen, Wohnbau, Stadterneuerung und Frauen","Wohnbauförderung und Schlichtungsstelle für wohnrechtliche Angelegenheiten","Montage eines Sonnenschutzes in Wohnungen","1040",1242.1,1,2024
"Wohnen, Wohnbau, Stadterneuerung und Frauen","Wohnbauförderung und Schlichtungsstelle für wohnrechtliche Angelegenheiten","Montage eines Sonnenschutzes in Wohnungen","1120",1500,1,2024
"Wohnen, Wohnbau, Stadterneuerung und Frauen","Wohnbauförderung und Schlichtungsstelle für wohnrechtliche Angelegenheiten","Montage eines Sonnenschutzes in Wohnungen","1190",631.8,1,2024
"Wohnen, Wohnbau, Stadterneuerung und Frauen","Wohnbauförderung und Schlichtungsstelle für wohnrechtliche Angelegenheiten","Montage eines Sonnenschutzes in Wohnungen","1210",1053.6,1,2024
"Wohnen, Wohnbau, Stadterneuerung und Frauen","Wohnbauförderung und Schlichtungsstelle für wohnrechtliche Angelegenheiten","Montage eines Sonnenschutzes in Wohnungen","1230",325,1,2024
"Wohnen, Wohnbau, Stadterneuerung und Frauen","Wohnbauförderung und Schlichtungsstelle für wohnrechtliche Angelegenheiten","Montage eines Sonnenschutzes in Wohnungen","1020",774.7,1,2024
"Wohnen, Wohnbau, Stadterneuerung und Frauen","Wohnbauförderung und Schlichtungsstelle für wohnrechtliche Angelegenheiten","Montage eines Sonnenschutzes in Wohnungen","1200",1041.9,1,2024
"Wohnen, Wohnbau, Stadterneuerung und Frauen","Wohnbauförderung und Schlichtungsstelle für wohnrechtliche Angelegenheiten","Montage eines Sonnenschutzes in Wohnungen","1180",995,1,2024
"Wohnen, Wohnbau, Stadterneuerung und Frauen","Wohnbauförderung und Schlichtungsstelle für wohnrechtliche Angelegenheiten","Montage eines Sonnenschutzes in Wohnungen","1150",1308,1,2024
"Wohnen, Wohnbau, Stadterneuerung und Frauen","Wohnbauförderung und Schlichtungsstelle für wohnrechtliche Angelegenheiten","Montage eines Sonnenschutzes in Wohnungen","1110",799.2,1,2024
"Wohnen, Wohnbau, Stadterneuerung und Frauen","Wohnbauförderung und Schlichtungsstelle für wohnrechtliche Angelegenheiten","Montage eines Sonnenschutzes in Wohnungen","1100",1500,1,2024
"Wohnen, Wohnbau, Stadterneuerung und Frauen","Wohnbauförderung und Schlichtungsstelle für wohnrechtliche Angelegenheiten","Montage eines Sonnenschutzes in Wohnungen","1130",1243.3,1,2024
"Wohnen, Wohnbau, Stadterneuerung und Frauen","Wohnbauförderung und Schlichtungsstelle für wohnrechtliche Angelegenheiten","Montage eines Sonnenschutzes in Wohnungen","1110",1500,1,2024
"Wohnen, Wohnbau, Stadterneuerung und Frauen","Wohnbauförderung und Schlichtungsstelle für wohnrechtliche Angelegenheiten","Montage eines Sonnenschutzes in Wohnungen","1070",829,1,2024
"Wohnen, Wohnbau, Stadterneuerung und Frauen","Wohnbauförderung und Schlichtungsstelle für wohnrechtliche Angelegenheiten","Montage eines Sonnenschutzes in Wohnungen","1120",1300,1,2024
"Wohnen, Wohnbau, Stadterneuerung und Frauen","Wohnbauförderung und Schlichtungsstelle für wohnrechtliche Angelegenheiten","Montage eines Sonnenschutzes in Wohnungen","1140",1328.4,1,2024
"Wohnen, Wohnbau, Stadterneuerung und Frauen","Wohnbauförderung und Schlichtungsstelle für wohnrechtliche Angelegenheiten","Montage eines Sonnenschutzes in Wohnungen","1160",1466.1,1,2024
"Wohnen, Wohnbau, Stadterneuerung und Frauen","Wohnbauförderung und Schlichtungsstelle für wohnrechtliche Angelegenheiten","Montage eines Sonnenschutzes in Wohnungen","1160",355.5,1,2024
"Wohnen, Wohnbau, Stadterneuerung und Frauen","Wohnbauförderung und Schlichtungsstelle für wohnrechtliche Angelegenheiten","Montage eines Sonnenschutzes in Wohnungen","1020",1500,1,2024
"Wohnen, Wohnbau, Stadterneuerung und Frauen","Wohnbauförderung und Schlichtungsstelle für wohnrechtliche Angelegenheiten","Montage eines Sonnenschutzes in Wohnungen","1200",1016.6,1,2024
"Wohnen, Wohnbau, Stadterneuerung und Frauen","Wohnbauförderung und Schlichtungsstelle für wohnrechtliche Angelegenheiten","Montage eines Sonnenschutzes in Wohnungen","1220",1500,1,2024
"Wohnen, Wohnbau, Stadterneuerung und Frauen","Wohnbauförderung und Schlichtungsstelle für wohnrechtliche Angelegenheiten","Montage eines Sonnenschutzes in Wohnungen","1180",160.6,1,2024
"Wohnen, Wohnbau, Stadterneuerung und Frauen","Wohnbauförderung und Schlichtungsstelle für wohnrechtliche Angelegenheiten","Montage eines Sonnenschutzes in Wohnungen","1050",1500,1,2024
"Wohnen, Wohnbau, Stadterneuerung und Frauen","Wohnbauförderung und Schlichtungsstelle für wohnrechtliche Angelegenheiten","Montage eines Sonnenschutzes in Wohnungen","1100",1500,1,2024
"Wohnen, Wohnbau, Stadterneuerung und Frauen","Wohnbauförderung und Schlichtungsstelle für wohnrechtliche Angelegenheiten","Montage eines Sonnenschutzes in Wohnungen","1100",1088,1,2024
"Wohnen, Wohnbau, Stadterneuerung und Frauen","Wohnbauförderung und Schlichtungsstelle für wohnrechtliche Angelegenheiten","Montage eines Sonnenschutzes in Wohnungen","1100",1170.8,1,2024
"Wohnen, Wohnbau, Stadterneuerung und Frauen","Wohnbauförderung und Schlichtungsstelle für wohnrechtliche Angelegenheiten","Montage eines Sonnenschutzes in Wohnungen","1230",1500,1,2024
"Wohnen, Wohnbau, Stadterneuerung und Frauen","Wohnbauförderung und Schlichtungsstelle für wohnrechtliche Angelegenheiten","Montage eines Sonnenschutzes in Wohnungen","1210",790,1,2024
"Wohnen, Wohnbau, Stadterneuerung und Frauen","Wohnbauförderung und Schlichtungsstelle für wohnrechtliche Angelegenheiten","Montage eines Sonnenschutzes in Wohnungen","1210",872.6,1,2024
"Wohnen, Wohnbau, Stadterneuerung und Frauen","Wohnbauförderung und Schlichtungsstelle für wohnrechtliche Angelegenheiten","Montage eines Sonnenschutzes in Wohnungen","1030",1500,1,2024
"Wohnen, Wohnbau, Stadterneuerung und Frauen","Wohnbauförderung und Schlichtungsstelle für wohnrechtliche Angelegenheiten","Montage eines Sonnenschutzes in Wohnungen","1150",1336.8,1,2024
"Wohnen, Wohnbau, Stadterneuerung und Frauen","Wohnbauförderung und Schlichtungsstelle für wohnrechtliche Angelegenheiten","Montage eines Sonnenschutzes in Wohnungen","1110",640.9,1,2024
"Wohnen, Wohnbau, Stadterneuerung und Frauen","Wohnbauförderung und Schlichtungsstelle für wohnrechtliche Angelegenheiten","Montage eines Sonnenschutzes in Wohnungen","1140",1500,1,2024
"Wohnen, Wohnbau, Stadterneuerung und Frauen","Wohnbauförderung und Schlichtungsstelle für wohnrechtliche Angelegenheiten","Montage eines Sonnenschutzes in Wohnungen","1230",1200,1,2024
"Wohnen, Wohnbau, Stadterneuerung und Frauen","Wohnbauförderung und Schlichtungsstelle für wohnrechtliche Angelegenheiten","Montage eines Sonnenschutzes in Wohnungen","1120",459.6,1,2024
"Wohnen, Wohnbau, Stadterneuerung und Frauen","Wohnbauförderung und Schlichtungsstelle für wohnrechtliche Angelegenheiten","Montage eines Sonnenschutzes in Wohnungen","1160",901.4,1,2024
"Wohnen, Wohnbau, Stadterneuerung und Frauen","Wohnbauförderung und Schlichtungsstelle für wohnrechtliche Angelegenheiten","Montage eines Sonnenschutzes in Wohnungen","1210",1500,1,2024
"Wohnen, Wohnbau, Stadterneuerung und Frauen","Wohnbauförderung und Schlichtungsstelle für wohnrechtliche Angelegenheiten","Montage eines Sonnenschutzes in Wohnungen","1090",1500,1,2024
"Wohnen, Wohnbau, Stadterneuerung und Frauen","Wohnbauförderung und Schlichtungsstelle für wohnrechtliche Angelegenheiten","Montage eines Sonnenschutzes in Wohnungen","1160",417.6,1,2024
"Wohnen, Wohnbau, Stadterneuerung und Frauen","Wohnbauförderung und Schlichtungsstelle für wohnrechtliche Angelegenheiten","Montage eines Sonnenschutzes in Wohnungen","1170",1330,1,2024
"Wohnen, Wohnbau, Stadterneuerung und Frauen","Wohnbauförderung und Schlichtungsstelle für wohnrechtliche Angelegenheiten","Montage eines Sonnenschutzes in Wohnungen","1220",1500,1,2024
"Wohnen, Wohnbau, Stadterneuerung und Frauen","Wohnbauförderung und Schlichtungsstelle für wohnrechtliche Angelegenheiten","Montage eines Sonnenschutzes in Wohnungen","1190",1500,1,2024
"Wohnen, Wohnbau, Stadterneuerung und Frauen","Wohnbauförderung und Schlichtungsstelle für wohnrechtliche Angelegenheiten","Montage eines Sonnenschutzes in Wohnungen","1020",1053.9,1,2024
"Wohnen, Wohnbau, Stadterneuerung und Frauen","Wohnbauförderung und Schlichtungsstelle für wohnrechtliche Angelegenheiten","Montage eines Sonnenschutzes in Wohnungen","1110",1500,1,2024
"Wohnen, Wohnbau, Stadterneuerung und Frauen","Wohnbauförderung und Schlichtungsstelle für wohnrechtliche Angelegenheiten","Montage eines Sonnenschutzes in Wohnungen","1130",1500,1,2024
"Wohnen, Wohnbau, Stadterneuerung und Frauen","Wohnbauförderung und Schlichtungsstelle für wohnrechtliche Angelegenheiten","Montage eines Sonnenschutzes in Wohnungen","1230",800,1,2024
"Wohnen, Wohnbau, Stadterneuerung und Frauen","Wohnbauförderung und Schlichtungsstelle für wohnrechtliche Angelegenheiten","Montage eines Sonnenschutzes in Wohnungen","1050",330,1,2024
"Wohnen, Wohnbau, Stadterneuerung und Frauen","Wohnbauförderung und Schlichtungsstelle für wohnrechtliche Angelegenheiten","Montage eines Sonnenschutzes in Wohnungen","1180",1500,1,2024
"Wohnen, Wohnbau, Stadterneuerung und Frauen","Wohnbauförderung und Schlichtungsstelle für wohnrechtliche Angelegenheiten","Montage eines Sonnenschutzes in Wohnungen","1120",1500,1,2024
"Wohnen, Wohnbau, Stadterneuerung und Frauen","Wohnbauförderung und Schlichtungsstelle für wohnrechtliche Angelegenheiten","Montage eines Sonnenschutzes in Wohnungen","1160",1500,1,2024
"Wohnen, Wohnbau, Stadterneuerung und Frauen","Wohnbauförderung und Schlichtungsstelle für wohnrechtliche Angelegenheiten","Montage eines Sonnenschutzes in Wohnungen","1220",1500,1,2024
"Wohnen, Wohnbau, Stadterneuerung und Frauen","Wohnbauförderung und Schlichtungsstelle für wohnrechtliche Angelegenheiten","Montage eines Sonnenschutzes in Wohnungen","1130",1496.8,1,2024
"Wohnen, Wohnbau, Stadterneuerung und Frauen","Wohnbauförderung und Schlichtungsstelle für wohnrechtliche Angelegenheiten","Montage eines Sonnenschutzes in Wohnungen","1020",627,1,2024
"Wohnen, Wohnbau, Stadterneuerung und Frauen","Wohnbauförderung und Schlichtungsstelle für wohnrechtliche Angelegenheiten","Montage eines Sonnenschutzes in Wohnungen","1220",581,1,2024
"Wohnen, Wohnbau, Stadterneuerung und Frauen","Wohnbauförderung und Schlichtungsstelle für wohnrechtliche Angelegenheiten","Montage eines Sonnenschutzes in Wohnungen","1210",1225.6,1,2024
"Wohnen, Wohnbau, Stadterneuerung und Frauen","Wohnbauförderung und Schlichtungsstelle für wohnrechtliche Angelegenheiten","Montage eines Sonnenschutzes in Wohnungen","1140",1500,1,2024
"Wohnen, Wohnbau, Stadterneuerung und Frauen","Wohnbauförderung und Schlichtungsstelle für wohnrechtliche Angelegenheiten","Montage eines Sonnenschutzes in Wohnungen","1210",414.3,1,2024
"Wohnen, Wohnbau, Stadterneuerung und Frauen","Wohnbauförderung und Schlichtungsstelle für wohnrechtliche Angelegenheiten","Montage eines Sonnenschutzes in Wohnungen","1120",1500,1,2024
"Wohnen, Wohnbau, Stadterneuerung und Frauen","Wohnbauförderung und Schlichtungsstelle für wohnrechtliche Angelegenheiten","Montage eines Sonnenschutzes in Wohnungen","1210",976,1,2024
"Wohnen, Wohnbau, Stadterneuerung und Frauen","Wohnbauförderung und Schlichtungsstelle für wohnrechtliche Angelegenheiten","Montage eines Sonnenschutzes in Wohnungen","1100",572.7,1,2024
"Wohnen, Wohnbau, Stadterneuerung und Frauen","Wohnbauförderung und Schlichtungsstelle für wohnrechtliche Angelegenheiten","Montage eines Sonnenschutzes in Wohnungen","1100",1500,1,2024
"Wohnen, Wohnbau, Stadterneuerung und Frauen","Wohnbauförderung und Schlichtungsstelle für wohnrechtliche Angelegenheiten","Montage eines Sonnenschutzes in Wohnungen","1030",1500,1,2024
"Wohnen, Wohnbau, Stadterneuerung und Frauen","Wohnbauförderung und Schlichtungsstelle für wohnrechtliche Angelegenheiten","Montage eines Sonnenschutzes in Wohnungen","1160",1500,1,2024
"Wohnen, Wohnbau, Stadterneuerung und Frauen","Wohnbauförderung und Schlichtungsstelle für wohnrechtliche Angelegenheiten","Montage eines Sonnenschutzes in Wohnungen","1150",1500,1,2024
"Wohnen, Wohnbau, Stadterneuerung und Frauen","Wohnbauförderung und Schlichtungsstelle für wohnrechtliche Angelegenheiten","Montage eines Sonnenschutzes in Wohnungen","1020",1322.8,1,2024
"Wohnen, Wohnbau, Stadterneuerung und Frauen","Wohnbauförderung und Schlichtungsstelle für wohnrechtliche Angelegenheiten","Montage eines Sonnenschutzes in Wohnungen","1150",1447.8,1,2024
"Wohnen, Wohnbau, Stadterneuerung und Frauen","Wohnbauförderung und Schlichtungsstelle für wohnrechtliche Angelegenheiten","Montage eines Sonnenschutzes in Wohnungen","1150",1498.2,1,2024
"Wohnen, Wohnbau, Stadterneuerung und Frauen","Wohnbauförderung und Schlichtungsstelle für wohnrechtliche Angelegenheiten","Montage eines Sonnenschutzes in Wohnungen","1070",1500,1,2024
"Wohnen, Wohnbau, Stadterneuerung und Frauen","Wohnbauförderung und Schlichtungsstelle für wohnrechtliche Angelegenheiten","Montage eines Sonnenschutzes in Wohnungen","1120",1500,1,2024
"Wohnen, Wohnbau, Stadterneuerung und Frauen","Wohnbauförderung und Schlichtungsstelle für wohnrechtliche Angelegenheiten","Montage eines Sonnenschutzes in Wohnungen","1100",1205,1,2024
"Wohnen, Wohnbau, Stadterneuerung und Frauen","Wohnbauförderung und Schlichtungsstelle für wohnrechtliche Angelegenheiten","Montage eines Sonnenschutzes in Wohnungen","1150",1500,1,2024
"Wohnen, Wohnbau, Stadterneuerung und Frauen","Wohnbauförderung und Schlichtungsstelle für wohnrechtliche Angelegenheiten","Montage eines Sonnenschutzes in Wohnungen","1110",1192.8,1,2024
"Wohnen, Wohnbau, Stadterneuerung und Frauen","Wohnbauförderung und Schlichtungsstelle für wohnrechtliche Angelegenheiten","Montage eines Sonnenschutzes in Wohnungen","1020",1500,1,2024
"Wohnen, Wohnbau, Stadterneuerung und Frauen","Wohnbauförderung und Schlichtungsstelle für wohnrechtliche Angelegenheiten","Montage eines Sonnenschutzes in Wohnungen","1230",1500,1,2024
"Wohnen, Wohnbau, Stadterneuerung und Frauen","Wohnbauförderung und Schlichtungsstelle für wohnrechtliche Angelegenheiten","Montage eines Sonnenschutzes in Wohnungen","1210",1500,1,2024
"Wohnen, Wohnbau, Stadterneuerung und Frauen","Wohnbauförderung und Schlichtungsstelle für wohnrechtliche Angelegenheiten","Montage eines Sonnenschutzes in Wohnungen","1220",1500,1,2024
"Wohnen, Wohnbau, Stadterneuerung und Frauen","Wohnbauförderung und Schlichtungsstelle für wohnrechtliche Angelegenheiten","Montage eines Sonnenschutzes in Wohnungen","1110",1087.5,1,2024
"Wohnen, Wohnbau, Stadterneuerung und Frauen","Wohnbauförderung und Schlichtungsstelle für wohnrechtliche Angelegenheiten","Montage eines Sonnenschutzes in Wohnungen","1220",1500,1,2024
"Wohnen, Wohnbau, Stadterneuerung und Frauen","Wohnbauförderung und Schlichtungsstelle für wohnrechtliche Angelegenheiten","Montage eines Sonnenschutzes in Wohnungen","1210",1500,1,2024
"Wohnen, Wohnbau, Stadterneuerung und Frauen","Wohnbauförderung und Schlichtungsstelle für wohnrechtliche Angelegenheiten","Montage eines Sonnenschutzes in Wohnungen","1100",1500,1,2024
"Wohnen, Wohnbau, Stadterneuerung und Frauen","Wohnbauförderung und Schlichtungsstelle für wohnrechtliche Angelegenheiten","Montage eines Sonnenschutzes in Wohnungen","1220",827.9,1,2024
"Wohnen, Wohnbau, Stadterneuerung und Frauen","Wohnbauförderung und Schlichtungsstelle für wohnrechtliche Angelegenheiten","Montage eines Sonnenschutzes in Wohnungen","1020",1500,1,2024
"Wohnen, Wohnbau, Stadterneuerung und Frauen","Wohnbauförderung und Schlichtungsstelle für wohnrechtliche Angelegenheiten","Montage eines Sonnenschutzes in Wohnungen","1110",589.8,1,2024
"Wohnen, Wohnbau, Stadterneuerung und Frauen","Wohnbauförderung und Schlichtungsstelle für wohnrechtliche Angelegenheiten","Montage eines Sonnenschutzes in Wohnungen","1210",1500,1,2024
"Wohnen, Wohnbau, Stadterneuerung und Frauen","Wohnbauförderung und Schlichtungsstelle für wohnrechtliche Angelegenheiten","Montage eines Sonnenschutzes in Wohnungen","1110",1500,1,2024
"Wohnen, Wohnbau, Stadterneuerung und Frauen","Wohnbauförderung und Schlichtungsstelle für wohnrechtliche Angelegenheiten","Montage eines Sonnenschutzes in Wohnungen","1220",1500,1,2024
"Wohnen, Wohnbau, Stadterneuerung und Frauen","Wohnbauförderung und Schlichtungsstelle für wohnrechtliche Angelegenheiten","Montage eines Sonnenschutzes in Wohnungen","1050",1096,1,2024
"Wohnen, Wohnbau, Stadterneuerung und Frauen","Wohnbauförderung und Schlichtungsstelle für wohnrechtliche Angelegenheiten","Montage eines Sonnenschutzes in Wohnungen","1120",1500,1,2024
"Wohnen, Wohnbau, Stadterneuerung und Frauen","Wohnbauförderung und Schlichtungsstelle für wohnrechtliche Angelegenheiten","Montage eines Sonnenschutzes in Wohnungen","1190",1500,1,2024
"Wohnen, Wohnbau, Stadterneuerung und Frauen","Wohnbauförderung und Schlichtungsstelle für wohnrechtliche Angelegenheiten","Montage eines Sonnenschutzes in Wohnungen","1210",1240.1,1,2024
"Wohnen, Wohnbau, Stadterneuerung und Frauen","Wohnbauförderung und Schlichtungsstelle für wohnrechtliche Angelegenheiten","Montage eines Sonnenschutzes in Wohnungen","1020",992.5,1,2024
"Wohnen, Wohnbau, Stadterneuerung und Frauen","Wohnbauförderung und Schlichtungsstelle für wohnrechtliche Angelegenheiten","Montage eines Sonnenschutzes in Wohnungen","1200",358,1,2024
"Wohnen, Wohnbau, Stadterneuerung und Frauen","Wohnbauförderung und Schlichtungsstelle für wohnrechtliche Angelegenheiten","Montage eines Sonnenschutzes in Wohnungen","1130",850,1,2024
"Wohnen, Wohnbau, Stadterneuerung und Frauen","Wohnbauförderung und Schlichtungsstelle für wohnrechtliche Angelegenheiten","Montage eines Sonnenschutzes in Wohnungen","1160",1500,1,2024
"Wohnen, Wohnbau, Stadterneuerung und Frauen","Wohnbauförderung und Schlichtungsstelle für wohnrechtliche Angelegenheiten","Montage eines Sonnenschutzes in Wohnungen","1130",1500,1,2024
"Wohnen, Wohnbau, Stadterneuerung und Frauen","Wohnbauförderung und Schlichtungsstelle für wohnrechtliche Angelegenheiten","Montage eines Sonnenschutzes in Wohnungen","1090",1402,1,2024
"Wohnen, Wohnbau, Stadterneuerung und Frauen","Wohnbauförderung und Schlichtungsstelle für wohnrechtliche Angelegenheiten","Montage eines Sonnenschutzes in Wohnungen","1020",1500,1,2024
"Wohnen, Wohnbau, Stadterneuerung und Frauen","Wohnbauförderung und Schlichtungsstelle für wohnrechtliche Angelegenheiten","Montage eines Sonnenschutzes in Wohnungen","1210",1148,1,2024
"Wohnen, Wohnbau, Stadterneuerung und Frauen","Wohnbauförderung und Schlichtungsstelle für wohnrechtliche Angelegenheiten","Montage eines Sonnenschutzes in Wohnungen","1180",1070.7,1,2024
"Wohnen, Wohnbau, Stadterneuerung und Frauen","Wohnbauförderung und Schlichtungsstelle für wohnrechtliche Angelegenheiten","Montage eines Sonnenschutzes in Wohnungen","1150",1500,1,2024
"Wohnen, Wohnbau, Stadterneuerung und Frauen","Wohnbauförderung und Schlichtungsstelle für wohnrechtliche Angelegenheiten","Montage eines Sonnenschutzes in Wohnungen","1100",1500,1,2024
"Wohnen, Wohnbau, Stadterneuerung und Frauen","Wohnbauförderung und Schlichtungsstelle für wohnrechtliche Angelegenheiten","Montage eines Sonnenschutzes in Wohnungen","1090",795,1,2024
"Wohnen, Wohnbau, Stadterneuerung und Frauen","Wohnbauförderung und Schlichtungsstelle für wohnrechtliche Angelegenheiten","Montage eines Sonnenschutzes in Wohnungen","1100",1264.2,1,2024
"Wohnen, Wohnbau, Stadterneuerung und Frauen","Wohnbauförderung und Schlichtungsstelle für wohnrechtliche Angelegenheiten","Montage eines Sonnenschutzes in Wohnungen","1220",1500,1,2024
"Wohnen, Wohnbau, Stadterneuerung und Frauen","Wohnbauförderung und Schlichtungsstelle für wohnrechtliche Angelegenheiten","Montage eines Sonnenschutzes in Wohnungen","1100",1500,1,2024
"Wohnen, Wohnbau, Stadterneuerung und Frauen","Wohnbauförderung und Schlichtungsstelle für wohnrechtliche Angelegenheiten","Montage eines Sonnenschutzes in Wohnungen","1120",1315.8,1,2024
"Wohnen, Wohnbau, Stadterneuerung und Frauen","Wohnbauförderung und Schlichtungsstelle für wohnrechtliche Angelegenheiten","Montage eines Sonnenschutzes in Wohnungen","1210",716.1,1,2024
"Wohnen, Wohnbau, Stadterneuerung und Frauen","Wohnbauförderung und Schlichtungsstelle für wohnrechtliche Angelegenheiten","Montage eines Sonnenschutzes in Wohnungen","1100",1500,1,2024
"Wohnen, Wohnbau, Stadterneuerung und Frauen","Wohnbauförderung und Schlichtungsstelle für wohnrechtliche Angelegenheiten","Montage eines Sonnenschutzes in Wohnungen","1120",846.4,1,2024
"Wohnen, Wohnbau, Stadterneuerung und Frauen","Wohnbauförderung und Schlichtungsstelle für wohnrechtliche Angelegenheiten","Montage eines Sonnenschutzes in Wohnungen","1210",719.5,1,2024
"Wohnen, Wohnbau, Stadterneuerung und Frauen","Wohnbauförderung und Schlichtungsstelle für wohnrechtliche Angelegenheiten","Montage eines Sonnenschutzes in Wohnungen","1030",1500,1,2024
"Wohnen, Wohnbau, Stadterneuerung und Frauen","Wohnbauförderung und Schlichtungsstelle für wohnrechtliche Angelegenheiten","Montage eines Sonnenschutzes in Wohnungen","1160",35121.6,1,2024
"Wohnen, Wohnbau, Stadterneuerung und Frauen","Wohnbauförderung und Schlichtungsstelle für wohnrechtliche Angelegenheiten","Montage eines Sonnenschutzes in Wohnungen","1060",1315,1,2024
"Wohnen, Wohnbau, Stadterneuerung und Frauen","Wohnbauförderung und Schlichtungsstelle für wohnrechtliche Angelegenheiten","Montage eines Sonnenschutzes in Wohnungen","1110",1500,1,2024
"Wohnen, Wohnbau, Stadterneuerung und Frauen","Wohnbauförderung und Schlichtungsstelle für wohnrechtliche Angelegenheiten","Montage eines Sonnenschutzes in Wohnungen","1110",932.5,1,2024
"Wohnen, Wohnbau, Stadterneuerung und Frauen","Wohnbauförderung und Schlichtungsstelle für wohnrechtliche Angelegenheiten","Montage eines Sonnenschutzes in Wohnungen","1210",1500,1,2024
"Wohnen, Wohnbau, Stadterneuerung und Frauen","Wohnbauförderung und Schlichtungsstelle für wohnrechtliche Angelegenheiten","Montage eines Sonnenschutzes in Wohnungen","1100",1215.4,1,2024
"Wohnen, Wohnbau, Stadterneuerung und Frauen","Wohnbauförderung und Schlichtungsstelle für wohnrechtliche Angelegenheiten","Montage eines Sonnenschutzes in Wohnungen","1220",1500,1,2024
"Wohnen, Wohnbau, Stadterneuerung und Frauen","Wohnbauförderung und Schlichtungsstelle für wohnrechtliche Angelegenheiten","Montage eines Sonnenschutzes in Wohnungen","1060",1500,1,2024
"Wohnen, Wohnbau, Stadterneuerung und Frauen","Wohnbauförderung und Schlichtungsstelle für wohnrechtliche Angelegenheiten","Montage eines Sonnenschutzes in Wohnungen","1160",290.6,1,2024
"Wohnen, Wohnbau, Stadterneuerung und Frauen","Wohnbauförderung und Schlichtungsstelle für wohnrechtliche Angelegenheiten","Montage eines Sonnenschutzes in Wohnungen","1150",1500,1,2024
"Wohnen, Wohnbau, Stadterneuerung und Frauen","Wohnbauförderung und Schlichtungsstelle für wohnrechtliche Angelegenheiten","Montage eines Sonnenschutzes in Wohnungen","1190",1500,1,2024
"Wohnen, Wohnbau, Stadterneuerung und Frauen","Wohnbauförderung und Schlichtungsstelle für wohnrechtliche Angelegenheiten","Montage eines Sonnenschutzes in Wohnungen","1120",1500,1,2024
"Wohnen, Wohnbau, Stadterneuerung und Frauen","Wohnbauförderung und Schlichtungsstelle für wohnrechtliche Angelegenheiten","Montage eines Sonnenschutzes in Wohnungen","1100",1500,1,2024
"Wohnen, Wohnbau, Stadterneuerung und Frauen","Wohnbauförderung und Schlichtungsstelle für wohnrechtliche Angelegenheiten","Montage eines Sonnenschutzes in Wohnungen","1160",1500,1,2024
"Wohnen, Wohnbau, Stadterneuerung und Frauen","Wohnbauförderung und Schlichtungsstelle für wohnrechtliche Angelegenheiten","Montage eines Sonnenschutzes in Wohnungen","1020",1500,1,2024
"Wohnen, Wohnbau, Stadterneuerung und Frauen","Wohnbauförderung und Schlichtungsstelle für wohnrechtliche Angelegenheiten","Montage eines Sonnenschutzes in Wohnungen","1160",1157.5,1,2024
"Wohnen, Wohnbau, Stadterneuerung und Frauen","Wohnbauförderung und Schlichtungsstelle für wohnrechtliche Angelegenheiten","Montage eines Sonnenschutzes in Wohnungen","1210",1500,1,2024
"Wohnen, Wohnbau, Stadterneuerung und Frauen","Wohnbauförderung und Schlichtungsstelle für wohnrechtliche Angelegenheiten","Montage eines Sonnenschutzes in Wohnungen","1140",1500,1,2024
"Wohnen, Wohnbau, Stadterneuerung und Frauen","Wohnbauförderung und Schlichtungsstelle für wohnrechtliche Angelegenheiten","Montage eines Sonnenschutzes in Wohnungen","1140",1500,1,2024
"Wohnen, Wohnbau, Stadterneuerung und Frauen","Wohnbauförderung und Schlichtungsstelle für wohnrechtliche Angelegenheiten","Montage eines Sonnenschutzes in Wohnungen","1110",955.8,1,2024
"Wohnen, Wohnbau, Stadterneuerung und Frauen","Wohnbauförderung und Schlichtungsstelle für wohnrechtliche Angelegenheiten","Montage eines Sonnenschutzes in Wohnungen","1220",912.3,1,2024
"Wohnen, Wohnbau, Stadterneuerung und Frauen","Wohnbauförderung und Schlichtungsstelle für wohnrechtliche Angelegenheiten","Montage eines Sonnenschutzes in Wohnungen","1170",974.6,1,2024
"Wohnen, Wohnbau, Stadterneuerung und Frauen","Wohnbauförderung und Schlichtungsstelle für wohnrechtliche Angelegenheiten","Montage eines Sonnenschutzes in Wohnungen","1120",1500,1,2024
"Wohnen, Wohnbau, Stadterneuerung und Frauen","Wohnbauförderung und Schlichtungsstelle für wohnrechtliche Angelegenheiten","Montage eines Sonnenschutzes in Wohnungen","1220",1100,1,2024
"Wohnen, Wohnbau, Stadterneuerung und Frauen","Wohnbauförderung und Schlichtungsstelle für wohnrechtliche Angelegenheiten","Montage eines Sonnenschutzes in Wohnungen","1170",322.6,1,2024
"Wohnen, Wohnbau, Stadterneuerung und Frauen","Wohnbauförderung und Schlichtungsstelle für wohnrechtliche Angelegenheiten","Montage eines Sonnenschutzes in Wohnungen","1220",1310,1,2024
"Wohnen, Wohnbau, Stadterneuerung und Frauen","Wohnbauförderung und Schlichtungsstelle für wohnrechtliche Angelegenheiten","Montage eines Sonnenschutzes in Wohnungen","1040",551,1,2024
"Wohnen, Wohnbau, Stadterneuerung und Frauen","Wohnbauförderung und Schlichtungsstelle für wohnrechtliche Angelegenheiten","Montage eines Sonnenschutzes in Wohnungen","1180",1468.1,1,2024
"Wohnen, Wohnbau, Stadterneuerung und Frauen","Wohnbauförderung und Schlichtungsstelle für wohnrechtliche Angelegenheiten","Montage eines Sonnenschutzes in Wohnungen","1210",583,1,2024
"Wohnen, Wohnbau, Stadterneuerung und Frauen","Wohnbauförderung und Schlichtungsstelle für wohnrechtliche Angelegenheiten","Montage eines Sonnenschutzes in Wohnungen","1230",599.1,1,2024
"Wohnen, Wohnbau, Stadterneuerung und Frauen","Wohnbauförderung und Schlichtungsstelle für wohnrechtliche Angelegenheiten","Montage eines Sonnenschutzes in Wohnungen","1140",1500,1,2024
"Wohnen, Wohnbau, Stadterneuerung und Frauen","Wohnbauförderung und Schlichtungsstelle für wohnrechtliche Angelegenheiten","Montage eines Sonnenschutzes in Wohnungen","1020",1500,1,2024
"Wohnen, Wohnbau, Stadterneuerung und Frauen","Wohnbauförderung und Schlichtungsstelle für wohnrechtliche Angelegenheiten","Montage eines Sonnenschutzes in Wohnungen","1070",1500,1,2024
"Wohnen, Wohnbau, Stadterneuerung und Frauen","Wohnbauförderung und Schlichtungsstelle für wohnrechtliche Angelegenheiten","Montage eines Sonnenschutzes in Wohnungen","1050",1461,1,2024
"Wohnen, Wohnbau, Stadterneuerung und Frauen","Wohnbauförderung und Schlichtungsstelle für wohnrechtliche Angelegenheiten","Montage eines Sonnenschutzes in Wohnungen","1140",1378.6,1,2024
"Wohnen, Wohnbau, Stadterneuerung und Frauen","Wohnbauförderung und Schlichtungsstelle für wohnrechtliche Angelegenheiten","Montage eines Sonnenschutzes in Wohnungen","1160",781.1,1,2024
"Wohnen, Wohnbau, Stadterneuerung und Frauen","Wohnbauförderung und Schlichtungsstelle für wohnrechtliche Angelegenheiten","Montage eines Sonnenschutzes in Wohnungen","1110",1500,1,2024
"Wohnen, Wohnbau, Stadterneuerung und Frauen","Wohnbauförderung und Schlichtungsstelle für wohnrechtliche Angelegenheiten","Montage eines Sonnenschutzes in Wohnungen","1180",160.6,1,2024
"Wohnen, Wohnbau, Stadterneuerung und Frauen","Wohnbauförderung und Schlichtungsstelle für wohnrechtliche Angelegenheiten","Montage eines Sonnenschutzes in Wohnungen","1070",1500,1,2024
"Wohnen, Wohnbau, Stadterneuerung und Frauen","Wohnbauförderung und Schlichtungsstelle für wohnrechtliche Angelegenheiten","Montage eines Sonnenschutzes in Wohnungen","3730",1500,1,2024
"Wohnen, Wohnbau, Stadterneuerung und Frauen","Wohnbauförderung und Schlichtungsstelle für wohnrechtliche Angelegenheiten","Montage eines Sonnenschutzes in Wohnungen","1180",1500,1,2024
"Wohnen, Wohnbau, Stadterneuerung und Frauen","Wohnbauförderung und Schlichtungsstelle für wohnrechtliche Angelegenheiten","Montage eines Sonnenschutzes in Wohnungen","1200",961.8,1,2024
"Wohnen, Wohnbau, Stadterneuerung und Frauen","Wohnbauförderung und Schlichtungsstelle für wohnrechtliche Angelegenheiten","Montage eines Sonnenschutzes in Wohnungen","1210",1447.8,1,2024
"Wohnen, Wohnbau, Stadterneuerung und Frauen","Wohnbauförderung und Schlichtungsstelle für wohnrechtliche Angelegenheiten","Montage eines Sonnenschutzes in Wohnungen","1110",670.2,1,2024
"Wohnen, Wohnbau, Stadterneuerung und Frauen","Wohnbauförderung und Schlichtungsstelle für wohnrechtliche Angelegenheiten","Montage eines Sonnenschutzes in Wohnungen","1050",1500,1,2024
"Wohnen, Wohnbau, Stadterneuerung und Frauen","Wohnbauförderung und Schlichtungsstelle für wohnrechtliche Angelegenheiten","Montage eines Sonnenschutzes in Wohnungen","1220",1500,1,2024
"Wohnen, Wohnbau, Stadterneuerung und Frauen","Wohnbauförderung und Schlichtungsstelle für wohnrechtliche Angelegenheiten","Montage eines Sonnenschutzes in Wohnungen","1160",719.3,1,2024
"Wohnen, Wohnbau, Stadterneuerung und Frauen","Wohnbauförderung und Schlichtungsstelle für wohnrechtliche Angelegenheiten","Montage eines Sonnenschutzes in Wohnungen","1220",1500,1,2024
"Wohnen, Wohnbau, Stadterneuerung und Frauen","Wohnbauförderung und Schlichtungsstelle für wohnrechtliche Angelegenheiten","Montage eines Sonnenschutzes in Wohnungen","1190",1500,1,2024
"Wohnen, Wohnbau, Stadterneuerung und Frauen","Wohnbauförderung und Schlichtungsstelle für wohnrechtliche Angelegenheiten","Montage eines Sonnenschutzes in Wohnungen","1110",684.4,1,2024
"Wohnen, Wohnbau, Stadterneuerung und Frauen","Wohnbauförderung und Schlichtungsstelle für wohnrechtliche Angelegenheiten","Montage eines Sonnenschutzes in Wohnungen","1100",1500,1,2024
"Wohnen, Wohnbau, Stadterneuerung und Frauen","Wohnbauförderung und Schlichtungsstelle für wohnrechtliche Angelegenheiten","Montage eines Sonnenschutzes in Wohnungen","1210",1458.6,1,2024
"Wohnen, Wohnbau, Stadterneuerung und Frauen","Wohnbauförderung und Schlichtungsstelle für wohnrechtliche Angelegenheiten","Montage eines Sonnenschutzes in Wohnungen","1190",935,1,2024
"Wohnen, Wohnbau, Stadterneuerung und Frauen","Wohnbauförderung und Schlichtungsstelle für wohnrechtliche Angelegenheiten","Montage eines Sonnenschutzes in Wohnungen","1140",576,1,2024
"Wohnen, Wohnbau, Stadterneuerung und Frauen","Wohnbauförderung und Schlichtungsstelle für wohnrechtliche Angelegenheiten","Montage eines Sonnenschutzes in Wohnungen","1220",1500,1,2024
"Wohnen, Wohnbau, Stadterneuerung und Frauen","Wohnbauförderung und Schlichtungsstelle für wohnrechtliche Angelegenheiten","Montage eines Sonnenschutzes in Wohnungen","1170",1500,1,2024
"Wohnen, Wohnbau, Stadterneuerung und Frauen","Wohnbauförderung und Schlichtungsstelle für wohnrechtliche Angelegenheiten","Montage eines Sonnenschutzes in Wohnungen","1160",1500,1,2024
"Wohnen, Wohnbau, Stadterneuerung und Frauen","Wohnbauförderung und Schlichtungsstelle für wohnrechtliche Angelegenheiten","Montage eines Sonnenschutzes in Wohnungen","1120",1500,1,2024
"Wohnen, Wohnbau, Stadterneuerung und Frauen","Wohnbauförderung und Schlichtungsstelle für wohnrechtliche Angelegenheiten","Montage eines Sonnenschutzes in Wohnungen","1210",878.4,1,2024
"Wohnen, Wohnbau, Stadterneuerung und Frauen","Wohnbauförderung und Schlichtungsstelle für wohnrechtliche Angelegenheiten","Montage eines Sonnenschutzes in Wohnungen","1210",1459,1,2024
"Wohnen, Wohnbau, Stadterneuerung und Frauen","Wohnbauförderung und Schlichtungsstelle für wohnrechtliche Angelegenheiten","Montage eines Sonnenschutzes in Wohnungen","1210",1115,1,2024
"Wohnen, Wohnbau, Stadterneuerung und Frauen","Wohnbauförderung und Schlichtungsstelle für wohnrechtliche Angelegenheiten","Montage eines Sonnenschutzes in Wohnungen","1210",1500,1,2024
"Wohnen, Wohnbau, Stadterneuerung und Frauen","Wohnbauförderung und Schlichtungsstelle für wohnrechtliche Angelegenheiten","Montage eines Sonnenschutzes in Wohnungen","1220",1500,1,2024
"Wohnen, Wohnbau, Stadterneuerung und Frauen","Wohnbauförderung und Schlichtungsstelle für wohnrechtliche Angelegenheiten","Montage eines Sonnenschutzes in Wohnungen","1030",1500,1,2024
"Wohnen, Wohnbau, Stadterneuerung und Frauen","Wohnbauförderung und Schlichtungsstelle für wohnrechtliche Angelegenheiten","Montage eines Sonnenschutzes in Wohnungen","1120",1500,1,2024
"Wohnen, Wohnbau, Stadterneuerung und Frauen","Wohnbauförderung und Schlichtungsstelle für wohnrechtliche Angelegenheiten","Montage eines Sonnenschutzes in Wohnungen","1200",1500,1,2024
"Wohnen, Wohnbau, Stadterneuerung und Frauen","Wohnbauförderung und Schlichtungsstelle für wohnrechtliche Angelegenheiten","Montage eines Sonnenschutzes in Wohnungen","1090",1500,1,2024
"Wohnen, Wohnbau, Stadterneuerung und Frauen","Wohnbauförderung und Schlichtungsstelle für wohnrechtliche Angelegenheiten","Montage eines Sonnenschutzes in Wohnungen","1210",1180.2,1,2024
"Wohnen, Wohnbau, Stadterneuerung und Frauen","Wohnbauförderung und Schlichtungsstelle für wohnrechtliche Angelegenheiten","Montage eines Sonnenschutzes in Wohnungen","1090",1500,1,2024
"Wohnen, Wohnbau, Stadterneuerung und Frauen","Wohnbauförderung und Schlichtungsstelle für wohnrechtliche Angelegenheiten","Montage eines Sonnenschutzes in Wohnungen","1100",1500,1,2024
"Wohnen, Wohnbau, Stadterneuerung und Frauen","Wohnbauförderung und Schlichtungsstelle für wohnrechtliche Angelegenheiten","Montage eines Sonnenschutzes in Wohnungen","1160",1500,1,2024
"Wohnen, Wohnbau, Stadterneuerung und Frauen","Wohnbauförderung und Schlichtungsstelle für wohnrechtliche Angelegenheiten","Montage eines Sonnenschutzes in Wohnungen","1200",1296.4,1,2024
"Wohnen, Wohnbau, Stadterneuerung und Frauen","Wohnbauförderung und Schlichtungsstelle für wohnrechtliche Angelegenheiten","Montage eines Sonnenschutzes in Wohnungen","1010",1016.2,1,2024
"Wohnen, Wohnbau, Stadterneuerung und Frauen","Wohnbauförderung und Schlichtungsstelle für wohnrechtliche Angelegenheiten","Montage eines Sonnenschutzes in Wohnungen","1070",967.2,1,2024
"Wohnen, Wohnbau, Stadterneuerung und Frauen","Wohnbauförderung und Schlichtungsstelle für wohnrechtliche Angelegenheiten","Montage eines Sonnenschutzes in Wohnungen","1060",995.5,1,2024
"Wohnen, Wohnbau, Stadterneuerung und Frauen","Wohnbauförderung und Schlichtungsstelle für wohnrechtliche Angelegenheiten","Montage eines Sonnenschutzes in Wohnungen","1220",1011,1,2024
"Wohnen, Wohnbau, Stadterneuerung und Frauen","Wohnbauförderung und Schlichtungsstelle für wohnrechtliche Angelegenheiten","Montage eines Sonnenschutzes in Wohnungen","1160",1347.1,1,2024
"Wohnen, Wohnbau, Stadterneuerung und Frauen","Wohnbauförderung und Schlichtungsstelle für wohnrechtliche Angelegenheiten","Montage eines Sonnenschutzes in Wohnungen","1100",1500,1,2024
"Wohnen, Wohnbau, Stadterneuerung und Frauen","Wohnbauförderung und Schlichtungsstelle für wohnrechtliche Angelegenheiten","Montage eines Sonnenschutzes in Wohnungen","1210",1500,1,2024
"Wohnen, Wohnbau, Stadterneuerung und Frauen","Wohnbauförderung und Schlichtungsstelle für wohnrechtliche Angelegenheiten","Montage eines Sonnenschutzes in Wohnungen","1020",419.4,1,2024
"Wohnen, Wohnbau, Stadterneuerung und Frauen","Wohnbauförderung und Schlichtungsstelle für wohnrechtliche Angelegenheiten","Montage eines Sonnenschutzes in Wohnungen","1150",418.5,1,2024
"Wohnen, Wohnbau, Stadterneuerung und Frauen","Wohnbauförderung und Schlichtungsstelle für wohnrechtliche Angelegenheiten","Montage eines Sonnenschutzes in Wohnungen","1110",1425,1,2024
"Wohnen, Wohnbau, Stadterneuerung und Frauen","Wohnbauförderung und Schlichtungsstelle für wohnrechtliche Angelegenheiten","Montage eines Sonnenschutzes in Wohnungen","1100",807.42,1,2024
"Wohnen, Wohnbau, Stadterneuerung und Frauen","Wohnbauförderung und Schlichtungsstelle für wohnrechtliche Angelegenheiten","Montage eines Sonnenschutzes in Wohnungen","1100",1500,1,2024
"Wohnen, Wohnbau, Stadterneuerung und Frauen","Wohnbauförderung und Schlichtungsstelle für wohnrechtliche Angelegenheiten","Montage eines Sonnenschutzes in Wohnungen","1020",1500,1,2024
"Wohnen, Wohnbau, Stadterneuerung und Frauen","Wohnbauförderung und Schlichtungsstelle für wohnrechtliche Angelegenheiten","Montage eines Sonnenschutzes in Wohnungen","1230",1500,1,2024
"Wohnen, Wohnbau, Stadterneuerung und Frauen","Wohnbauförderung und Schlichtungsstelle für wohnrechtliche Angelegenheiten","Montage eines Sonnenschutzes in Wohnungen","1230",1500,1,2024
"Wohnen, Wohnbau, Stadterneuerung und Frauen","Wohnbauförderung und Schlichtungsstelle für wohnrechtliche Angelegenheiten","Montage eines Sonnenschutzes in Wohnungen","1020",1500,1,2024
"Wohnen, Wohnbau, Stadterneuerung und Frauen","Wohnbauförderung und Schlichtungsstelle für wohnrechtliche Angelegenheiten","Montage eines Sonnenschutzes in Wohnungen","1030",1500,1,2024
"Wohnen, Wohnbau, Stadterneuerung und Frauen","Wohnbauförderung und Schlichtungsstelle für wohnrechtliche Angelegenheiten","Montage eines Sonnenschutzes in Wohnungen","1220",1185,1,2024
"Wohnen, Wohnbau, Stadterneuerung und Frauen","Wohnbauförderung und Schlichtungsstelle für wohnrechtliche Angelegenheiten","Montage eines Sonnenschutzes in Wohnungen","1090",1500,1,2024
"Wohnen, Wohnbau, Stadterneuerung und Frauen","Wohnbauförderung und Schlichtungsstelle für wohnrechtliche Angelegenheiten","Montage eines Sonnenschutzes in Wohnungen","1120",248.3,1,2024
"Wohnen, Wohnbau, Stadterneuerung und Frauen","Wohnbauförderung und Schlichtungsstelle für wohnrechtliche Angelegenheiten","Montage eines Sonnenschutzes in Wohnungen","1220",499,1,2024
"Wohnen, Wohnbau, Stadterneuerung und Frauen","Wohnbauförderung und Schlichtungsstelle für wohnrechtliche Angelegenheiten","Montage eines Sonnenschutzes in Wohnungen","1100",1500,1,2024
"Wohnen, Wohnbau, Stadterneuerung und Frauen","Wohnbauförderung und Schlichtungsstelle für wohnrechtliche Angelegenheiten","Montage eines Sonnenschutzes in Wohnungen","1120",1426.7,1,2024
"Wohnen, Wohnbau, Stadterneuerung und Frauen","Wohnbauförderung und Schlichtungsstelle für wohnrechtliche Angelegenheiten","Montage eines Sonnenschutzes in Wohnungen","1220",1500,1,2024
"Wohnen, Wohnbau, Stadterneuerung und Frauen","Wohnbauförderung und Schlichtungsstelle für wohnrechtliche Angelegenheiten","Montage eines Sonnenschutzes in Wohnungen","1100",1500,1,2024
"Wohnen, Wohnbau, Stadterneuerung und Frauen","Wohnbauförderung und Schlichtungsstelle für wohnrechtliche Angelegenheiten","Montage eines Sonnenschutzes in Wohnungen","1200",1500,1,2024
"Wohnen, Wohnbau, Stadterneuerung und Frauen","Wohnbauförderung und Schlichtungsstelle für wohnrechtliche Angelegenheiten","Montage eines Sonnenschutzes in Wohnungen","1100",1052.5,1,2024
"Wohnen, Wohnbau, Stadterneuerung und Frauen","Wohnbauförderung und Schlichtungsstelle für wohnrechtliche Angelegenheiten","Montage eines Sonnenschutzes in Wohnungen","1030",1500,1,2024
"Wohnen, Wohnbau, Stadterneuerung und Frauen","Wohnbauförderung und Schlichtungsstelle für wohnrechtliche Angelegenheiten","Montage eines Sonnenschutzes in Wohnungen","1150",1500,1,2024
"Wohnen, Wohnbau, Stadterneuerung und Frauen","Wohnbauförderung und Schlichtungsstelle für wohnrechtliche Angelegenheiten","Montage eines Sonnenschutzes in Wohnungen","9546",1127,1,2024
"Wohnen, Wohnbau, Stadterneuerung und Frauen","Wohnbauförderung und Schlichtungsstelle für wohnrechtliche Angelegenheiten","Montage eines Sonnenschutzes in Wohnungen","1190",581,1,2024
"Wohnen, Wohnbau, Stadterneuerung und Frauen","Wohnbauförderung und Schlichtungsstelle für wohnrechtliche Angelegenheiten","Montage eines Sonnenschutzes in Wohnungen","1120",1027.8,1,2024
"Wohnen, Wohnbau, Stadterneuerung und Frauen","Wohnbauförderung und Schlichtungsstelle für wohnrechtliche Angelegenheiten","Montage eines Sonnenschutzes in Wohnungen","1070",1127.7,1,2024
"Wohnen, Wohnbau, Stadterneuerung und Frauen","Wohnbauförderung und Schlichtungsstelle für wohnrechtliche Angelegenheiten","Montage eines Sonnenschutzes in Wohnungen","1030",559.4,1,2024
"Wohnen, Wohnbau, Stadterneuerung und Frauen","Wohnbauförderung und Schlichtungsstelle für wohnrechtliche Angelegenheiten","Montage eines Sonnenschutzes in Wohnungen","1210",225,1,2024
"Wohnen, Wohnbau, Stadterneuerung und Frauen","Wohnbauförderung und Schlichtungsstelle für wohnrechtliche Angelegenheiten","Montage eines Sonnenschutzes in Wohnungen","1170",1149,1,2024
"Wohnen, Wohnbau, Stadterneuerung und Frauen","Wohnbauförderung und Schlichtungsstelle für wohnrechtliche Angelegenheiten","Montage eines Sonnenschutzes in Wohnungen","1150",436.7,1,2024
"Wohnen, Wohnbau, Stadterneuerung und Frauen","Wohnbauförderung und Schlichtungsstelle für wohnrechtliche Angelegenheiten","Montage eines Sonnenschutzes in Wohnungen","1200",147.8,1,2024
"Wohnen, Wohnbau, Stadterneuerung und Frauen","Wohnbauförderung und Schlichtungsstelle für wohnrechtliche Angelegenheiten","Montage eines Sonnenschutzes in Wohnungen","1090",537,1,2024
"Wohnen, Wohnbau, Stadterneuerung und Frauen","Wohnbauförderung und Schlichtungsstelle für wohnrechtliche Angelegenheiten","Montage eines Sonnenschutzes in Wohnungen","1190",483.8,1,2024
"Wohnen, Wohnbau, Stadterneuerung und Frauen","Wohnbauförderung und Schlichtungsstelle für wohnrechtliche Angelegenheiten","Montage eines Sonnenschutzes in Wohnungen","1210",1500,1,2024
"Wohnen, Wohnbau, Stadterneuerung und Frauen","Wohnbauförderung und Schlichtungsstelle für wohnrechtliche Angelegenheiten","Montage eines Sonnenschutzes in Wohnungen","1090",1348,1,2024
"Wohnen, Wohnbau, Stadterneuerung und Frauen","Wohnbauförderung und Schlichtungsstelle für wohnrechtliche Angelegenheiten","Montage eines Sonnenschutzes in Wohnungen","1190",1500,1,2024
"Wohnen, Wohnbau, Stadterneuerung und Frauen","Wohnbauförderung und Schlichtungsstelle für wohnrechtliche Angelegenheiten","Montage eines Sonnenschutzes in Wohnungen","1200",1500,1,2024
"Wohnen, Wohnbau, Stadterneuerung und Frauen","Wohnbauförderung und Schlichtungsstelle für wohnrechtliche Angelegenheiten","Montage eines Sonnenschutzes in Wohnungen","1210",1500,1,2024
"Wohnen, Wohnbau, Stadterneuerung und Frauen","Wohnbauförderung und Schlichtungsstelle für wohnrechtliche Angelegenheiten","Montage eines Sonnenschutzes in Wohnungen","1220",1044,1,2024
"Wohnen, Wohnbau, Stadterneuerung und Frauen","Wohnbauförderung und Schlichtungsstelle für wohnrechtliche Angelegenheiten","Montage eines Sonnenschutzes in Wohnungen","1150",1500,1,2024
"Wohnen, Wohnbau, Stadterneuerung und Frauen","Wohnbauförderung und Schlichtungsstelle für wohnrechtliche Angelegenheiten","Montage eines Sonnenschutzes in Wohnungen","1030",1135.3,1,2024
"Wohnen, Wohnbau, Stadterneuerung und Frauen","Wohnbauförderung und Schlichtungsstelle für wohnrechtliche Angelegenheiten","Montage eines Sonnenschutzes in Wohnungen","1030",1500,1,2024
"Wohnen, Wohnbau, Stadterneuerung und Frauen","Wohnbauförderung und Schlichtungsstelle für wohnrechtliche Angelegenheiten","Montage eines Sonnenschutzes in Wohnungen","1190",1500,1,2024
"Wohnen, Wohnbau, Stadterneuerung und Frauen","Wohnbauförderung und Schlichtungsstelle für wohnrechtliche Angelegenheiten","Montage eines Sonnenschutzes in Wohnungen","1080",1500,1,2024
"Wohnen, Wohnbau, Stadterneuerung und Frauen","Wohnbauförderung und Schlichtungsstelle für wohnrechtliche Angelegenheiten","Montage eines Sonnenschutzes in Wohnungen","1030",454.5,1,2024
"Wohnen, Wohnbau, Stadterneuerung und Frauen","Wohnbauförderung und Schlichtungsstelle für wohnrechtliche Angelegenheiten","Montage eines Sonnenschutzes in Wohnungen","1020",1500,1,2024
"Wohnen, Wohnbau, Stadterneuerung und Frauen","Wohnbauförderung und Schlichtungsstelle für wohnrechtliche Angelegenheiten","Montage eines Sonnenschutzes in Wohnungen","1220",1170.8,1,2024
"Wohnen, Wohnbau, Stadterneuerung und Frauen","Wohnbauförderung und Schlichtungsstelle für wohnrechtliche Angelegenheiten","Montage eines Sonnenschutzes in Wohnungen","1100",1500,1,2024
"Wohnen, Wohnbau, Stadterneuerung und Frauen","Wohnbauförderung und Schlichtungsstelle für wohnrechtliche Angelegenheiten","Montage eines Sonnenschutzes in Wohnungen","1190",1500,1,2024
"Wohnen, Wohnbau, Stadterneuerung und Frauen","Wohnbauförderung und Schlichtungsstelle für wohnrechtliche Angelegenheiten","Montage eines Sonnenschutzes in Wohnungen","1210",1500,1,2024
"Wohnen, Wohnbau, Stadterneuerung und Frauen","Wohnbauförderung und Schlichtungsstelle für wohnrechtliche Angelegenheiten","Montage eines Sonnenschutzes in Wohnungen","2141",1082.2,1,2024
"Wohnen, Wohnbau, Stadterneuerung und Frauen","Wohnbauförderung und Schlichtungsstelle für wohnrechtliche Angelegenheiten","Montage eines Sonnenschutzes in Wohnungen","1220",1500,1,2024
"Wohnen, Wohnbau, Stadterneuerung und Frauen","Wohnbauförderung und Schlichtungsstelle für wohnrechtliche Angelegenheiten","Montage eines Sonnenschutzes in Wohnungen","1020",560,1,2024
"Wohnen, Wohnbau, Stadterneuerung und Frauen","Wohnbauförderung und Schlichtungsstelle für wohnrechtliche Angelegenheiten","Montage eines Sonnenschutzes in Wohnungen","1230",1131.5,1,2024
"Wohnen, Wohnbau, Stadterneuerung und Frauen","Wohnbauförderung und Schlichtungsstelle für wohnrechtliche Angelegenheiten","Montage eines Sonnenschutzes in Wohnungen","3730",1500,1,2024
"Wohnen, Wohnbau, Stadterneuerung und Frauen","Wohnbauförderung und Schlichtungsstelle für wohnrechtliche Angelegenheiten","Montage eines Sonnenschutzes in Wohnungen","3730",1500,1,2024
"Wohnen, Wohnbau, Stadterneuerung und Frauen","Wohnbauförderung und Schlichtungsstelle für wohnrechtliche Angelegenheiten","Montage eines Sonnenschutzes in Wohnungen","1120",948,1,2024
"Wohnen, Wohnbau, Stadterneuerung und Frauen","Wohnbauförderung und Schlichtungsstelle für wohnrechtliche Angelegenheiten","Montage eines Sonnenschutzes in Wohnungen","1130",915.5,1,2024
"Wohnen, Wohnbau, Stadterneuerung und Frauen","Wohnbauförderung und Schlichtungsstelle für wohnrechtliche Angelegenheiten","Montage eines Sonnenschutzes in Wohnungen","1210",1500,1,2024
"Wohnen, Wohnbau, Stadterneuerung und Frauen","Wohnbauförderung und Schlichtungsstelle für wohnrechtliche Angelegenheiten","Montage eines Sonnenschutzes in Wohnungen","1020",1500,1,2024
"Wohnen, Wohnbau, Stadterneuerung und Frauen","Wohnbauförderung und Schlichtungsstelle für wohnrechtliche Angelegenheiten","Montage eines Sonnenschutzes in Wohnungen","1180",181.5,1,2024
"Wohnen, Wohnbau, Stadterneuerung und Frauen","Wohnbauförderung und Schlichtungsstelle für wohnrechtliche Angelegenheiten","Montage eines Sonnenschutzes in Wohnungen","1020",349,1,2024
"Wohnen, Wohnbau, Stadterneuerung und Frauen","Wohnbauförderung und Schlichtungsstelle für wohnrechtliche Angelegenheiten","Montage eines Sonnenschutzes in Wohnungen","1130",176,1,2024
"Wohnen, Wohnbau, Stadterneuerung und Frauen","Wohnbauförderung und Schlichtungsstelle für wohnrechtliche Angelegenheiten","Montage eines Sonnenschutzes in Wohnungen","1020",874.6,1,2024
"Wohnen, Wohnbau, Stadterneuerung und Frauen","Wohnbauförderung und Schlichtungsstelle für wohnrechtliche Angelegenheiten","Montage eines Sonnenschutzes in Wohnungen","1220",1126.6,1,2024
"Wohnen, Wohnbau, Stadterneuerung und Frauen","Wohnbauförderung und Schlichtungsstelle für wohnrechtliche Angelegenheiten","Montage eines Sonnenschutzes in Wohnungen","1050",565.5,1,2024
"Wohnen, Wohnbau, Stadterneuerung und Frauen","Wohnbauförderung und Schlichtungsstelle für wohnrechtliche Angelegenheiten","Montage eines Sonnenschutzes in Wohnungen","1140",608.9,1,2024
"Wohnen, Wohnbau, Stadterneuerung und Frauen","Wohnbauförderung und Schlichtungsstelle für wohnrechtliche Angelegenheiten","Montage eines Sonnenschutzes in Wohnungen","1110",1500,1,2024
"Wohnen, Wohnbau, Stadterneuerung und Frauen","Wohnbauförderung und Schlichtungsstelle für wohnrechtliche Angelegenheiten","Montage eines Sonnenschutzes in Wohnungen","1100",640,1,2024
"Wohnen, Wohnbau, Stadterneuerung und Frauen","Wohnbauförderung und Schlichtungsstelle für wohnrechtliche Angelegenheiten","Montage eines Sonnenschutzes in Wohnungen","1110",357,1,2024
"Wohnen, Wohnbau, Stadterneuerung und Frauen","Wohnbauförderung und Schlichtungsstelle für wohnrechtliche Angelegenheiten","Montage eines Sonnenschutzes in Wohnungen","1210",331.2,1,2024
"Wohnen, Wohnbau, Stadterneuerung und Frauen","Wohnbauförderung und Schlichtungsstelle für wohnrechtliche Angelegenheiten","Montage eines Sonnenschutzes in Wohnungen","1030",1500,1,2024
"Wohnen, Wohnbau, Stadterneuerung und Frauen","Wohnbauförderung und Schlichtungsstelle für wohnrechtliche Angelegenheiten","Montage eines Sonnenschutzes in Wohnungen","1210",1142.8,1,2024
"Wohnen, Wohnbau, Stadterneuerung und Frauen","Wohnbauförderung und Schlichtungsstelle für wohnrechtliche Angelegenheiten","Montage eines Sonnenschutzes in Wohnungen","1150",1437,1,2024
"Wohnen, Wohnbau, Stadterneuerung und Frauen","Wohnbauförderung und Schlichtungsstelle für wohnrechtliche Angelegenheiten","Montage eines Sonnenschutzes in Wohnungen","1100",1500,1,2024
"Wohnen, Wohnbau, Stadterneuerung und Frauen","Wohnbauförderung und Schlichtungsstelle für wohnrechtliche Angelegenheiten","Montage eines Sonnenschutzes in Wohnungen","1210",1500,1,2024
"Wohnen, Wohnbau, Stadterneuerung und Frauen","Wohnbauförderung und Schlichtungsstelle für wohnrechtliche Angelegenheiten","Montage eines Sonnenschutzes in Wohnungen","1100",335,1,2024
"Wohnen, Wohnbau, Stadterneuerung und Frauen","Wohnbauförderung und Schlichtungsstelle für wohnrechtliche Angelegenheiten","Montage eines Sonnenschutzes in Wohnungen","1020",1500,1,2024
"Wohnen, Wohnbau, Stadterneuerung und Frauen","Wohnbauförderung und Schlichtungsstelle für wohnrechtliche Angelegenheiten","Montage eines Sonnenschutzes in Wohnungen","1030",1465.8,1,2024
"Wohnen, Wohnbau, Stadterneuerung und Frauen","Wohnbauförderung und Schlichtungsstelle für wohnrechtliche Angelegenheiten","Montage eines Sonnenschutzes in Wohnungen","1050",215.8,1,2024
"Wohnen, Wohnbau, Stadterneuerung und Frauen","Wohnbauförderung und Schlichtungsstelle für wohnrechtliche Angelegenheiten","Montage eines Sonnenschutzes in Wohnungen","1220",1130,1,2024
"Wohnen, Wohnbau, Stadterneuerung und Frauen","Wohnbauförderung und Schlichtungsstelle für wohnrechtliche Angelegenheiten","Montage eines Sonnenschutzes in Wohnungen","1040",1050,1,2024
"Wohnen, Wohnbau, Stadterneuerung und Frauen","Wohnbauförderung und Schlichtungsstelle für wohnrechtliche Angelegenheiten","Montage eines Sonnenschutzes in Wohnungen","1160",177,1,2024
"Wohnen, Wohnbau, Stadterneuerung und Frauen","Wohnbauförderung und Schlichtungsstelle für wohnrechtliche Angelegenheiten","Montage eines Sonnenschutzes in Wohnungen","1080",2055.6,1,2024
"Wohnen, Wohnbau, Stadterneuerung und Frauen","Wohnbauförderung und Schlichtungsstelle für wohnrechtliche Angelegenheiten","Montage eines Sonnenschutzes in Wohnungen","1100",1110,1,2024
"Wohnen, Wohnbau, Stadterneuerung und Frauen","Wohnbauförderung und Schlichtungsstelle für wohnrechtliche Angelegenheiten","Montage eines Sonnenschutzes in Wohnungen","1210",1500,1,2024
"Wohnen, Wohnbau, Stadterneuerung und Frauen","Wohnbauförderung und Schlichtungsstelle für wohnrechtliche Angelegenheiten","Montage eines Sonnenschutzes in Wohnungen","1210",1272.2,1,2024
"Wohnen, Wohnbau, Stadterneuerung und Frauen","Wohnbauförderung und Schlichtungsstelle für wohnrechtliche Angelegenheiten","Montage eines Sonnenschutzes in Wohnungen","1160",577.5,1,2024
"Wohnen, Wohnbau, Stadterneuerung und Frauen","Wohnbauförderung und Schlichtungsstelle für wohnrechtliche Angelegenheiten","Montage eines Sonnenschutzes in Wohnungen","1020",598.8,1,2024
"Wohnen, Wohnbau, Stadterneuerung und Frauen","Wohnbauförderung und Schlichtungsstelle für wohnrechtliche Angelegenheiten","Montage eines Sonnenschutzes in Wohnungen","1210",1500,1,2024
"Wohnen, Wohnbau, Stadterneuerung und Frauen","Wohnbauförderung und Schlichtungsstelle für wohnrechtliche Angelegenheiten","Montage eines Sonnenschutzes in Wohnungen","1160",1500,1,2024
"Wohnen, Wohnbau, Stadterneuerung und Frauen","Wohnbauförderung und Schlichtungsstelle für wohnrechtliche Angelegenheiten","Montage eines Sonnenschutzes in Wohnungen","1060",436.5,1,2024
"Wohnen, Wohnbau, Stadterneuerung und Frauen","Wohnbauförderung und Schlichtungsstelle für wohnrechtliche Angelegenheiten","Montage eines Sonnenschutzes in Wohnungen","1050",1500,1,2024
"Wohnen, Wohnbau, Stadterneuerung und Frauen","Wohnbauförderung und Schlichtungsstelle für wohnrechtliche Angelegenheiten","Montage eines Sonnenschutzes in Wohnungen","1020",649.7,1,2024
"Wohnen, Wohnbau, Stadterneuerung und Frauen","Wohnbauförderung und Schlichtungsstelle für wohnrechtliche Angelegenheiten","Montage eines Sonnenschutzes in Wohnungen","1030",1500,1,2024
"Wohnen, Wohnbau, Stadterneuerung und Frauen","Wohnbauförderung und Schlichtungsstelle für wohnrechtliche Angelegenheiten","Montage eines Sonnenschutzes in Wohnungen","6863",1500,1,2024
"Wohnen, Wohnbau, Stadterneuerung und Frauen","Wohnbauförderung und Schlichtungsstelle für wohnrechtliche Angelegenheiten","Montage eines Sonnenschutzes in Wohnungen","1050",770.4,1,2024
"Wohnen, Wohnbau, Stadterneuerung und Frauen","Wohnbauförderung und Schlichtungsstelle für wohnrechtliche Angelegenheiten","Montage eines Sonnenschutzes in Wohnungen","1220",1494.2,1,2024
"Wohnen, Wohnbau, Stadterneuerung und Frauen","Wohnbauförderung und Schlichtungsstelle für wohnrechtliche Angelegenheiten","Montage eines Sonnenschutzes in Wohnungen","1100",800,1,2024
"Wohnen, Wohnbau, Stadterneuerung und Frauen","Wohnbauförderung und Schlichtungsstelle für wohnrechtliche Angelegenheiten","Montage eines Sonnenschutzes in Wohnungen","1120",1392,1,2024
"Wohnen, Wohnbau, Stadterneuerung und Frauen","Wohnbauförderung und Schlichtungsstelle für wohnrechtliche Angelegenheiten","Montage eines Sonnenschutzes in Wohnungen","1190",1500,1,2024
"Wohnen, Wohnbau, Stadterneuerung und Frauen","Wohnbauförderung und Schlichtungsstelle für wohnrechtliche Angelegenheiten","Montage eines Sonnenschutzes in Wohnungen","1210",843.5,1,2024
"Wohnen, Wohnbau, Stadterneuerung und Frauen","Wohnbauförderung und Schlichtungsstelle für wohnrechtliche Angelegenheiten","Montage eines Sonnenschutzes in Wohnungen","1160",1500,1,2024
"Wohnen, Wohnbau, Stadterneuerung und Frauen","Wohnbauförderung und Schlichtungsstelle für wohnrechtliche Angelegenheiten","Montage eines Sonnenschutzes in Wohnungen","1230",1366.9,1,2024
"Wohnen, Wohnbau, Stadterneuerung und Frauen","Wohnbauförderung und Schlichtungsstelle für wohnrechtliche Angelegenheiten","Montage eines Sonnenschutzes in Wohnungen","1080",10110,1,2024
"Wohnen, Wohnbau, Stadterneuerung und Frauen","Wohnbauförderung und Schlichtungsstelle für wohnrechtliche Angelegenheiten","Montage eines Sonnenschutzes in Wohnungen","1110",795,1,2024
"Wohnen, Wohnbau, Stadterneuerung und Frauen","Wohnbauförderung und Schlichtungsstelle für wohnrechtliche Angelegenheiten","Montage eines Sonnenschutzes in Wohnungen","1130",969.6,1,2024
"Wohnen, Wohnbau, Stadterneuerung und Frauen","Wohnbauförderung und Schlichtungsstelle für wohnrechtliche Angelegenheiten","Montage eines Sonnenschutzes in Wohnungen","1100",1500,1,2024
"Wohnen, Wohnbau, Stadterneuerung und Frauen","Wohnbauförderung und Schlichtungsstelle für wohnrechtliche Angelegenheiten","Montage eines Sonnenschutzes in Wohnungen","1090",414.7,1,2024
"Wohnen, Wohnbau, Stadterneuerung und Frauen","Wohnbauförderung und Schlichtungsstelle für wohnrechtliche Angelegenheiten","Montage eines Sonnenschutzes in Wohnungen","1160",1500,1,2024
"Wohnen, Wohnbau, Stadterneuerung und Frauen","Wohnbauförderung und Schlichtungsstelle für wohnrechtliche Angelegenheiten","Montage eines Sonnenschutzes in Wohnungen","1100",750,1,2024
"Wohnen, Wohnbau, Stadterneuerung und Frauen","Wohnbauförderung und Schlichtungsstelle für wohnrechtliche Angelegenheiten","Montage eines Sonnenschutzes in Wohnungen","1030",1500,1,2024
"Wohnen, Wohnbau, Stadterneuerung und Frauen","Wohnbauförderung und Schlichtungsstelle für wohnrechtliche Angelegenheiten","Montage eines Sonnenschutzes in Wohnungen","1200",345.9,1,2024
"Wohnen, Wohnbau, Stadterneuerung und Frauen","Wohnbauförderung und Schlichtungsstelle für wohnrechtliche Angelegenheiten","Montage eines Sonnenschutzes in Wohnungen","1120",188,1,2024
"Wohnen, Wohnbau, Stadterneuerung und Frauen","Wohnbauförderung und Schlichtungsstelle für wohnrechtliche Angelegenheiten","Montage eines Sonnenschutzes in Wohnungen","1180",1120.6,1,2024
"Wohnen, Wohnbau, Stadterneuerung und Frauen","Wohnbauförderung und Schlichtungsstelle für wohnrechtliche Angelegenheiten","Montage eines Sonnenschutzes in Wohnungen","1180",521.9,1,2024
"Wohnen, Wohnbau, Stadterneuerung und Frauen","Wohnbauförderung und Schlichtungsstelle für wohnrechtliche Angelegenheiten","Montage eines Sonnenschutzes in Wohnungen","1070",1211.2,1,2024
"Wohnen, Wohnbau, Stadterneuerung und Frauen","Wohnbauförderung und Schlichtungsstelle für wohnrechtliche Angelegenheiten","Montage eines Sonnenschutzes in Wohnungen","1220",1500,1,2024
"Wohnen, Wohnbau, Stadterneuerung und Frauen","Wohnbauförderung und Schlichtungsstelle für wohnrechtliche Angelegenheiten","Montage eines Sonnenschutzes in Wohnungen","1030",1500,1,2024
"Wohnen, Wohnbau, Stadterneuerung und Frauen","Wohnbauförderung und Schlichtungsstelle für wohnrechtliche Angelegenheiten","Montage eines Sonnenschutzes in Wohnungen","1160",1005,1,2024
"Wohnen, Wohnbau, Stadterneuerung und Frauen","Wohnbauförderung und Schlichtungsstelle für wohnrechtliche Angelegenheiten","Montage eines Sonnenschutzes in Wohnungen","1070",1500,1,2024
"Wohnen, Wohnbau, Stadterneuerung und Frauen","Wohnbauförderung und Schlichtungsstelle für wohnrechtliche Angelegenheiten","Montage eines Sonnenschutzes in Wohnungen","1210",1359.3,1,2024
"Wohnen, Wohnbau, Stadterneuerung und Frauen","Wohnbauförderung und Schlichtungsstelle für wohnrechtliche Angelegenheiten","Montage eines Sonnenschutzes in Wohnungen","1030",485.5,1,2024
"Wohnen, Wohnbau, Stadterneuerung und Frauen","Wohnbauförderung und Schlichtungsstelle für wohnrechtliche Angelegenheiten","Montage eines Sonnenschutzes in Wohnungen","1210",925.8,1,2024
"Wohnen, Wohnbau, Stadterneuerung und Frauen","Wohnbauförderung und Schlichtungsstelle für wohnrechtliche Angelegenheiten","Montage eines Sonnenschutzes in Wohnungen","1220",807.5,1,2024
"Wohnen, Wohnbau, Stadterneuerung und Frauen","Wohnbauförderung und Schlichtungsstelle für wohnrechtliche Angelegenheiten","Montage eines Sonnenschutzes in Wohnungen","1210",1500,1,2024
"Wohnen, Wohnbau, Stadterneuerung und Frauen","Wohnbauförderung und Schlichtungsstelle für wohnrechtliche Angelegenheiten","Montage eines Sonnenschutzes in Wohnungen","1220",1500,1,2024
"Wohnen, Wohnbau, Stadterneuerung und Frauen","Wohnbauförderung und Schlichtungsstelle für wohnrechtliche Angelegenheiten","Montage eines Sonnenschutzes in Wohnungen","1210",949,1,2024
"Wohnen, Wohnbau, Stadterneuerung und Frauen","Wohnbauförderung und Schlichtungsstelle für wohnrechtliche Angelegenheiten","Montage eines Sonnenschutzes in Wohnungen","1210",368.9,1,2024
"Wohnen, Wohnbau, Stadterneuerung und Frauen","Wohnbauförderung und Schlichtungsstelle für wohnrechtliche Angelegenheiten","Montage eines Sonnenschutzes in Wohnungen","1190",1500,1,2024
"Wohnen, Wohnbau, Stadterneuerung und Frauen","Wohnbauförderung und Schlichtungsstelle für wohnrechtliche Angelegenheiten","Montage eines Sonnenschutzes in Wohnungen","1210",1500,1,2024
"Wohnen, Wohnbau, Stadterneuerung und Frauen","Wohnbauförderung und Schlichtungsstelle für wohnrechtliche Angelegenheiten","Montage eines Sonnenschutzes in Wohnungen","1030",1137.4,1,2024
"Wohnen, Wohnbau, Stadterneuerung und Frauen","Wohnbauförderung und Schlichtungsstelle für wohnrechtliche Angelegenheiten","Montage eines Sonnenschutzes in Wohnungen","1210",1500,1,2024
"Wohnen, Wohnbau, Stadterneuerung und Frauen","Wohnbauförderung und Schlichtungsstelle für wohnrechtliche Angelegenheiten","Montage eines Sonnenschutzes in Wohnungen","1210",1500,1,2024
"Wohnen, Wohnbau, Stadterneuerung und Frauen","Wohnbauförderung und Schlichtungsstelle für wohnrechtliche Angelegenheiten","Montage eines Sonnenschutzes in Wohnungen","1030",1450,1,2024
"Wohnen, Wohnbau, Stadterneuerung und Frauen","Wohnbauförderung und Schlichtungsstelle für wohnrechtliche Angelegenheiten","Montage eines Sonnenschutzes in Wohnungen","1210",1368.5,1,2024
"Wohnen, Wohnbau, Stadterneuerung und Frauen","Wohnbauförderung und Schlichtungsstelle für wohnrechtliche Angelegenheiten","Montage eines Sonnenschutzes in Wohnungen","1190",500,1,2024
"Wohnen, Wohnbau, Stadterneuerung und Frauen","Wohnbauförderung und Schlichtungsstelle für wohnrechtliche Angelegenheiten","Montage eines Sonnenschutzes in Wohnungen","1020",1410,1,2024
"Wohnen, Wohnbau, Stadterneuerung und Frauen","Wohnbauförderung und Schlichtungsstelle für wohnrechtliche Angelegenheiten","Montage eines Sonnenschutzes in Wohnungen","1200",1500,1,2024
"Wohnen, Wohnbau, Stadterneuerung und Frauen","Wohnbauförderung und Schlichtungsstelle für wohnrechtliche Angelegenheiten","Montage eines Sonnenschutzes in Wohnungen","1210",949,1,2024
"Wohnen, Wohnbau, Stadterneuerung und Frauen","Wohnbauförderung und Schlichtungsstelle für wohnrechtliche Angelegenheiten","Montage eines Sonnenschutzes in Wohnungen","1160",1055,1,2024
"Wohnen, Wohnbau, Stadterneuerung und Frauen","Wohnbauförderung und Schlichtungsstelle für wohnrechtliche Angelegenheiten","Montage eines Sonnenschutzes in Wohnungen","1100",1500,1,2024
"Wohnen, Wohnbau, Stadterneuerung und Frauen","Wohnbauförderung und Schlichtungsstelle für wohnrechtliche Angelegenheiten","Montage eines Sonnenschutzes in Wohnungen","1210",1164.2,1,2024
"Wohnen, Wohnbau, Stadterneuerung und Frauen","Wohnbauförderung und Schlichtungsstelle für wohnrechtliche Angelegenheiten","Montage eines Sonnenschutzes in Wohnungen","1190",1500,1,2024
"Wohnen, Wohnbau, Stadterneuerung und Frauen","Wohnbauförderung und Schlichtungsstelle für wohnrechtliche Angelegenheiten","Montage eines Sonnenschutzes in Wohnungen","1030",1500,1,2024
"Wohnen, Wohnbau, Stadterneuerung und Frauen","Wohnbauförderung und Schlichtungsstelle für wohnrechtliche Angelegenheiten","Montage eines Sonnenschutzes in Wohnungen","1190",438.8,1,2024
"Wohnen, Wohnbau, Stadterneuerung und Frauen","Wohnbauförderung und Schlichtungsstelle für wohnrechtliche Angelegenheiten","Montage eines Sonnenschutzes in Wohnungen","1210",1500,1,2024
"Wohnen, Wohnbau, Stadterneuerung und Frauen","Wohnbauförderung und Schlichtungsstelle für wohnrechtliche Angelegenheiten","Montage eines Sonnenschutzes in Wohnungen","1100",1500,1,2024
"Wohnen, Wohnbau, Stadterneuerung und Frauen","Wohnbauförderung und Schlichtungsstelle für wohnrechtliche Angelegenheiten","Montage eines Sonnenschutzes in Wohnungen","1160",566.2,1,2024
"Wohnen, Wohnbau, Stadterneuerung und Frauen","Wohnbauförderung und Schlichtungsstelle für wohnrechtliche Angelegenheiten","Montage eines Sonnenschutzes in Wohnungen","1220",1013.4,1,2024
"Wohnen, Wohnbau, Stadterneuerung und Frauen","Wohnbauförderung und Schlichtungsstelle für wohnrechtliche Angelegenheiten","Montage eines Sonnenschutzes in Wohnungen","1210",1500,1,2024
"Wohnen, Wohnbau, Stadterneuerung und Frauen","Wohnbauförderung und Schlichtungsstelle für wohnrechtliche Angelegenheiten","Montage eines Sonnenschutzes in Wohnungen","1190",1500,1,2024
"Wohnen, Wohnbau, Stadterneuerung und Frauen","Wohnbauförderung und Schlichtungsstelle für wohnrechtliche Angelegenheiten","Montage eines Sonnenschutzes in Wohnungen","1210",825,1,2024
"Wohnen, Wohnbau, Stadterneuerung und Frauen","Wohnbauförderung und Schlichtungsstelle für wohnrechtliche Angelegenheiten","Montage eines Sonnenschutzes in Wohnungen","1030",1129.5,1,2024
"Wohnen, Wohnbau, Stadterneuerung und Frauen","Wohnbauförderung und Schlichtungsstelle für wohnrechtliche Angelegenheiten","Montage eines Sonnenschutzes in Wohnungen","1190",1500,1,2024
"Wohnen, Wohnbau, Stadterneuerung und Frauen","Wohnbauförderung und Schlichtungsstelle für wohnrechtliche Angelegenheiten","Montage eines Sonnenschutzes in Wohnungen","1030",1500,1,2024
"Wohnen, Wohnbau, Stadterneuerung und Frauen","Wohnbauförderung und Schlichtungsstelle für wohnrechtliche Angelegenheiten","Montage eines Sonnenschutzes in Wohnungen","1210",936,1,2024
"Wohnen, Wohnbau, Stadterneuerung und Frauen","Wohnbauförderung und Schlichtungsstelle für wohnrechtliche Angelegenheiten","Montage eines Sonnenschutzes in Wohnungen","1030",1500,1,2024
"Wohnen, Wohnbau, Stadterneuerung und Frauen","Wohnbauförderung und Schlichtungsstelle für wohnrechtliche Angelegenheiten","Montage eines Sonnenschutzes in Wohnungen","1070",1500,1,2024
"Wohnen, Wohnbau, Stadterneuerung und Frauen","Wohnbauförderung und Schlichtungsstelle für wohnrechtliche Angelegenheiten","Montage eines Sonnenschutzes in Wohnungen","1190",551.1,1,2024
"Wohnen, Wohnbau, Stadterneuerung und Frauen","Wohnbauförderung und Schlichtungsstelle für wohnrechtliche Angelegenheiten","Montage eines Sonnenschutzes in Wohnungen","1210",670,1,2024
"Wohnen, Wohnbau, Stadterneuerung und Frauen","Wohnbauförderung und Schlichtungsstelle für wohnrechtliche Angelegenheiten","Montage eines Sonnenschutzes in Wohnungen","1220",1500,1,2024
"Wohnen, Wohnbau, Stadterneuerung und Frauen","Wohnbauförderung und Schlichtungsstelle für wohnrechtliche Angelegenheiten","Montage eines Sonnenschutzes in Wohnungen","1190",1500,1,2024
"Wohnen, Wohnbau, Stadterneuerung und Frauen","Wohnbauförderung und Schlichtungsstelle für wohnrechtliche Angelegenheiten","Montage eines Sonnenschutzes in Wohnungen","1210",720.7,1,2024
"Wohnen, Wohnbau, Stadterneuerung und Frauen","Wohnbauförderung und Schlichtungsstelle für wohnrechtliche Angelegenheiten","Montage eines Sonnenschutzes in Wohnungen","1160",1210.3,1,2024
"Wohnen, Wohnbau, Stadterneuerung und Frauen","Wohnbauförderung und Schlichtungsstelle für wohnrechtliche Angelegenheiten","Montage eines Sonnenschutzes in Wohnungen","1210",1050,1,2024
"Wohnen, Wohnbau, Stadterneuerung und Frauen","Wohnbauförderung und Schlichtungsstelle für wohnrechtliche Angelegenheiten","Montage eines Sonnenschutzes in Wohnungen","1020",949.2,1,2024
"Wohnen, Wohnbau, Stadterneuerung und Frauen","Wohnbauförderung und Schlichtungsstelle für wohnrechtliche Angelegenheiten","Montage eines Sonnenschutzes in Wohnungen","1220",787,1,2024
"Wohnen, Wohnbau, Stadterneuerung und Frauen","Wohnbauförderung und Schlichtungsstelle für wohnrechtliche Angelegenheiten","Montage eines Sonnenschutzes in Wohnungen","1210",1500,1,2024
"Wohnen, Wohnbau, Stadterneuerung und Frauen","Wohnbauförderung und Schlichtungsstelle für wohnrechtliche Angelegenheiten","Montage eines Sonnenschutzes in Wohnungen","1020",1455,1,2024
"Wohnen, Wohnbau, Stadterneuerung und Frauen","Wohnbauförderung und Schlichtungsstelle für wohnrechtliche Angelegenheiten","Montage eines Sonnenschutzes in Wohnungen","1030",1500,1,2024
"Wohnen, Wohnbau, Stadterneuerung und Frauen","Wohnbauförderung und Schlichtungsstelle für wohnrechtliche Angelegenheiten","Montage eines Sonnenschutzes in Wohnungen","1100",1500,1,2024
"Wohnen, Wohnbau, Stadterneuerung und Frauen","Wohnbauförderung und Schlichtungsstelle für wohnrechtliche Angelegenheiten","Montage eines Sonnenschutzes in Wohnungen","1030",1500,1,2024
"Wohnen, Wohnbau, Stadterneuerung und Frauen","Wohnbauförderung und Schlichtungsstelle für wohnrechtliche Angelegenheiten","Montage eines Sonnenschutzes in Wohnungen","1050",1091.4,1,2024
"Wohnen, Wohnbau, Stadterneuerung und Frauen","Wohnbauförderung und Schlichtungsstelle für wohnrechtliche Angelegenheiten","Montage eines Sonnenschutzes in Wohnungen","1210",793.7,1,2024
"Wohnen, Wohnbau, Stadterneuerung und Frauen","Wohnbauförderung und Schlichtungsstelle für wohnrechtliche Angelegenheiten","Montage eines Sonnenschutzes in Wohnungen","1210",1500,1,2024
"Wohnen, Wohnbau, Stadterneuerung und Frauen","Wohnbauförderung und Schlichtungsstelle für wohnrechtliche Angelegenheiten","Montage eines Sonnenschutzes in Wohnungen","1030",874.2,1,2024
"Wohnen, Wohnbau, Stadterneuerung und Frauen","Wohnbauförderung und Schlichtungsstelle für wohnrechtliche Angelegenheiten","Montage eines Sonnenschutzes in Wohnungen","1100",484,1,2024
"Wohnen, Wohnbau, Stadterneuerung und Frauen","Wohnbauförderung und Schlichtungsstelle für wohnrechtliche Angelegenheiten","Montage eines Sonnenschutzes in Wohnungen","1100",134.8,1,2024
"Wohnen, Wohnbau, Stadterneuerung und Frauen","Wohnbauförderung und Schlichtungsstelle für wohnrechtliche Angelegenheiten","Montage eines Sonnenschutzes in Wohnungen","1080",1500,1,2024
"Wohnen, Wohnbau, Stadterneuerung und Frauen","Wohnbauförderung und Schlichtungsstelle für wohnrechtliche Angelegenheiten","Montage eines Sonnenschutzes in Wohnungen","1210",826.6,1,2024
"Wohnen, Wohnbau, Stadterneuerung und Frauen","Wohnbauförderung und Schlichtungsstelle für wohnrechtliche Angelegenheiten","Montage eines Sonnenschutzes in Wohnungen","1230",1306,1,2024
"Wohnen, Wohnbau, Stadterneuerung und Frauen","Wohnbauförderung und Schlichtungsstelle für wohnrechtliche Angelegenheiten","Montage eines Sonnenschutzes in Wohnungen","1100",1500,1,2024
"Wohnen, Wohnbau, Stadterneuerung und Frauen","Wohnbauförderung und Schlichtungsstelle für wohnrechtliche Angelegenheiten","Montage eines Sonnenschutzes in Wohnungen","1030",1500,1,2024
"Wohnen, Wohnbau, Stadterneuerung und Frauen","Wohnbauförderung und Schlichtungsstelle für wohnrechtliche Angelegenheiten","Montage eines Sonnenschutzes in Wohnungen","1210",1500,1,2024
"Wohnen, Wohnbau, Stadterneuerung und Frauen","Wohnbauförderung und Schlichtungsstelle für wohnrechtliche Angelegenheiten","Montage eines Sonnenschutzes in Wohnungen","1190",1500,1,2024
"Wohnen, Wohnbau, Stadterneuerung und Frauen","Wohnbauförderung und Schlichtungsstelle für wohnrechtliche Angelegenheiten","Montage eines Sonnenschutzes in Wohnungen","1210",669.6,1,2024
"Wohnen, Wohnbau, Stadterneuerung und Frauen","Wohnbauförderung und Schlichtungsstelle für wohnrechtliche Angelegenheiten","Montage eines Sonnenschutzes in Wohnungen","1020",936.6,1,2024
"Wohnen, Wohnbau, Stadterneuerung und Frauen","Wohnbauförderung und Schlichtungsstelle für wohnrechtliche Angelegenheiten","Montage eines Sonnenschutzes in Wohnungen","1210",1500,1,2024
"Wohnen, Wohnbau, Stadterneuerung und Frauen","Wohnbauförderung und Schlichtungsstelle für wohnrechtliche Angelegenheiten","Montage eines Sonnenschutzes in Wohnungen","1210",1500,1,2024
"Wohnen, Wohnbau, Stadterneuerung und Frauen","Wohnbauförderung und Schlichtungsstelle für wohnrechtliche Angelegenheiten","Montage eines Sonnenschutzes in Wohnungen","1030",1056.4,1,2024
"Wohnen, Wohnbau, Stadterneuerung und Frauen","Wohnbauförderung und Schlichtungsstelle für wohnrechtliche Angelegenheiten","Montage eines Sonnenschutzes in Wohnungen","1210",715.2,1,2024
"Wohnen, Wohnbau, Stadterneuerung und Frauen","Wohnbauförderung und Schlichtungsstelle für wohnrechtliche Angelegenheiten","Montage eines Sonnenschutzes in Wohnungen","1020",913.2,1,2024
"Wohnen, Wohnbau, Stadterneuerung und Frauen","Wohnbauförderung und Schlichtungsstelle für wohnrechtliche Angelegenheiten","Montage eines Sonnenschutzes in Wohnungen","1020",1282.2,1,2024
"Wohnen, Wohnbau, Stadterneuerung und Frauen","Wohnbauförderung und Schlichtungsstelle für wohnrechtliche Angelegenheiten","Montage eines Sonnenschutzes in Wohnungen","1210",673.9,1,2024
"Wohnen, Wohnbau, Stadterneuerung und Frauen","Wohnbauförderung und Schlichtungsstelle für wohnrechtliche Angelegenheiten","Montage eines Sonnenschutzes in Wohnungen","1050",600,1,2024
"Wohnen, Wohnbau, Stadterneuerung und Frauen","Wohnbauförderung und Schlichtungsstelle für wohnrechtliche Angelegenheiten","Montage eines Sonnenschutzes in Wohnungen","1110",694.8,1,2024
"Wohnen, Wohnbau, Stadterneuerung und Frauen","Wohnbauförderung und Schlichtungsstelle für wohnrechtliche Angelegenheiten","Montage eines Sonnenschutzes in Wohnungen","1050",1114.8,1,2024
"Wohnen, Wohnbau, Stadterneuerung und Frauen","Wohnbauförderung und Schlichtungsstelle für wohnrechtliche Angelegenheiten","Montage eines Sonnenschutzes in Wohnungen","1030",1289.8,1,2024
"Wohnen, Wohnbau, Stadterneuerung und Frauen","Wohnbauförderung und Schlichtungsstelle für wohnrechtliche Angelegenheiten","Montage eines Sonnenschutzes in Wohnungen","1210",674.9,1,2024
"Wohnen, Wohnbau, Stadterneuerung und Frauen","Wohnbauförderung und Schlichtungsstelle für wohnrechtliche Angelegenheiten","Montage eines Sonnenschutzes in Wohnungen","1100",1500,1,2024
"Wohnen, Wohnbau, Stadterneuerung und Frauen","Wohnbauförderung und Schlichtungsstelle für wohnrechtliche Angelegenheiten","Montage eines Sonnenschutzes in Wohnungen","1210",920.3,1,2024
"Wohnen, Wohnbau, Stadterneuerung und Frauen","Wohnbauförderung und Schlichtungsstelle für wohnrechtliche Angelegenheiten","Montage eines Sonnenschutzes in Wohnungen","1020",378.8,1,2024
"Wohnen, Wohnbau, Stadterneuerung und Frauen","Wohnbauförderung und Schlichtungsstelle für wohnrechtliche Angelegenheiten","Montage eines Sonnenschutzes in Wohnungen","1210",950,1,2024
"Wohnen, Wohnbau, Stadterneuerung und Frauen","Wohnbauförderung und Schlichtungsstelle für wohnrechtliche Angelegenheiten","Montage eines Sonnenschutzes in Wohnungen","1030",1500,1,2024
"Wohnen, Wohnbau, Stadterneuerung und Frauen","Wohnbauförderung und Schlichtungsstelle für wohnrechtliche Angelegenheiten","Montage eines Sonnenschutzes in Wohnungen","1030",1499.3,1,2024
"Wohnen, Wohnbau, Stadterneuerung und Frauen","Wohnbauförderung und Schlichtungsstelle für wohnrechtliche Angelegenheiten","Montage eines Sonnenschutzes in Wohnungen","1210",1500,1,2024
"Wohnen, Wohnbau, Stadterneuerung und Frauen","Wohnbauförderung und Schlichtungsstelle für wohnrechtliche Angelegenheiten","Montage eines Sonnenschutzes in Wohnungen","1210",534,1,2024
"Wohnen, Wohnbau, Stadterneuerung und Frauen","Wohnbauförderung und Schlichtungsstelle für wohnrechtliche Angelegenheiten","Montage eines Sonnenschutzes in Wohnungen","1190",1500,1,2024
"Wohnen, Wohnbau, Stadterneuerung und Frauen","Wohnbauförderung und Schlichtungsstelle für wohnrechtliche Angelegenheiten","Montage eines Sonnenschutzes in Wohnungen","1160",1500,1,2024
"Wohnen, Wohnbau, Stadterneuerung und Frauen","Wohnbauförderung und Schlichtungsstelle für wohnrechtliche Angelegenheiten","Montage eines Sonnenschutzes in Wohnungen","1030",845,1,2024
"Wohnen, Wohnbau, Stadterneuerung und Frauen","Wohnbauförderung und Schlichtungsstelle für wohnrechtliche Angelegenheiten","Montage eines Sonnenschutzes in Wohnungen","1150",1500,1,2024
"Wohnen, Wohnbau, Stadterneuerung und Frauen","Wohnbauförderung und Schlichtungsstelle für wohnrechtliche Angelegenheiten","Montage eines Sonnenschutzes in Wohnungen","1150",1500,1,2024
"Wohnen, Wohnbau, Stadterneuerung und Frauen","Wohnbauförderung und Schlichtungsstelle für wohnrechtliche Angelegenheiten","Montage eines Sonnenschutzes in Wohnungen","1210",1500,1,2024
"Wohnen, Wohnbau, Stadterneuerung und Frauen","Wohnbauförderung und Schlichtungsstelle für wohnrechtliche Angelegenheiten","Montage eines Sonnenschutzes in Wohnungen","1210",925,1,2024
"Wohnen, Wohnbau, Stadterneuerung und Frauen","Wohnbauförderung und Schlichtungsstelle für wohnrechtliche Angelegenheiten","Montage eines Sonnenschutzes in Wohnungen","1020",1500,1,2024
"Wohnen, Wohnbau, Stadterneuerung und Frauen","Wohnbauförderung und Schlichtungsstelle für wohnrechtliche Angelegenheiten","Montage eines Sonnenschutzes in Wohnungen","1030",1500,1,2024
"Wohnen, Wohnbau, Stadterneuerung und Frauen","Wohnbauförderung und Schlichtungsstelle für wohnrechtliche Angelegenheiten","Montage eines Sonnenschutzes in Wohnungen","1020",996.2,1,2024
"Wohnen, Wohnbau, Stadterneuerung und Frauen","Wohnbauförderung und Schlichtungsstelle für wohnrechtliche Angelegenheiten","Montage eines Sonnenschutzes in Wohnungen","1210",349,1,2024
"Wohnen, Wohnbau, Stadterneuerung und Frauen","Wohnbauförderung und Schlichtungsstelle für wohnrechtliche Angelegenheiten","Montage eines Sonnenschutzes in Wohnungen","1030",937.2,1,2024
"Wohnen, Wohnbau, Stadterneuerung und Frauen","Wohnbauförderung und Schlichtungsstelle für wohnrechtliche Angelegenheiten","Montage eines Sonnenschutzes in Wohnungen","1220",1300,1,2024
"Wohnen, Wohnbau, Stadterneuerung und Frauen","Wohnbauförderung und Schlichtungsstelle für wohnrechtliche Angelegenheiten","Montage eines Sonnenschutzes in Wohnungen","1100",1500,1,2024
"Wohnen, Wohnbau, Stadterneuerung und Frauen","Wohnbauförderung und Schlichtungsstelle für wohnrechtliche Angelegenheiten","Montage eines Sonnenschutzes in Wohnungen","1210",1500,1,2024
"Wohnen, Wohnbau, Stadterneuerung und Frauen","Wohnbauförderung und Schlichtungsstelle für wohnrechtliche Angelegenheiten","Montage eines Sonnenschutzes in Wohnungen","1190",1494,1,2024
"Wohnen, Wohnbau, Stadterneuerung und Frauen","Wohnbauförderung und Schlichtungsstelle für wohnrechtliche Angelegenheiten","Montage eines Sonnenschutzes in Wohnungen","1020",593.2,1,2024
"Wohnen, Wohnbau, Stadterneuerung und Frauen","Wohnbauförderung und Schlichtungsstelle für wohnrechtliche Angelegenheiten","Montage eines Sonnenschutzes in Wohnungen","1210",1500,1,2024
"Wohnen, Wohnbau, Stadterneuerung und Frauen","Wohnbauförderung und Schlichtungsstelle für wohnrechtliche Angelegenheiten","Montage eines Sonnenschutzes in Wohnungen","1210",716,1,2024
"Wohnen, Wohnbau, Stadterneuerung und Frauen","Wohnbauförderung und Schlichtungsstelle für wohnrechtliche Angelegenheiten","Montage eines Sonnenschutzes in Wohnungen","1210",1245.1,1,2024
"Wohnen, Wohnbau, Stadterneuerung und Frauen","Wohnbauförderung und Schlichtungsstelle für wohnrechtliche Angelegenheiten","Montage eines Sonnenschutzes in Wohnungen","1020",1500,1,2024
"Wohnen, Wohnbau, Stadterneuerung und Frauen","Wohnbauförderung und Schlichtungsstelle für wohnrechtliche Angelegenheiten","Montage eines Sonnenschutzes in Wohnungen","1100",595.7,1,2024
"Wohnen, Wohnbau, Stadterneuerung und Frauen","Wohnbauförderung und Schlichtungsstelle für wohnrechtliche Angelegenheiten","Montage eines Sonnenschutzes in Wohnungen","1190",1500,1,2024
"Wohnen, Wohnbau, Stadterneuerung und Frauen","Wohnbauförderung und Schlichtungsstelle für wohnrechtliche Angelegenheiten","Montage eines Sonnenschutzes in Wohnungen","1100",766.3,1,2024
"Wohnen, Wohnbau, Stadterneuerung und Frauen","Wohnbauförderung und Schlichtungsstelle für wohnrechtliche Angelegenheiten","Montage eines Sonnenschutzes in Wohnungen","1020",1500,1,2024
"Wohnen, Wohnbau, Stadterneuerung und Frauen","Wohnbauförderung und Schlichtungsstelle für wohnrechtliche Angelegenheiten","Montage eines Sonnenschutzes in Wohnungen","1190",1500,1,2024
"Wohnen, Wohnbau, Stadterneuerung und Frauen","Wohnbauförderung und Schlichtungsstelle für wohnrechtliche Angelegenheiten","Montage eines Sonnenschutzes in Wohnungen","1210",1473.2,1,2024
"Wohnen, Wohnbau, Stadterneuerung und Frauen","Wohnbauförderung und Schlichtungsstelle für wohnrechtliche Angelegenheiten","Montage eines Sonnenschutzes in Wohnungen","1050",238.5,1,2024
"Wohnen, Wohnbau, Stadterneuerung und Frauen","Wohnbauförderung und Schlichtungsstelle für wohnrechtliche Angelegenheiten","Montage eines Sonnenschutzes in Wohnungen","1100",1025,1,2024
"Wohnen, Wohnbau, Stadterneuerung und Frauen","Wohnbauförderung und Schlichtungsstelle für wohnrechtliche Angelegenheiten","Montage eines Sonnenschutzes in Wohnungen","1030",1140.8,1,2024
"Wohnen, Wohnbau, Stadterneuerung und Frauen","Wohnbauförderung und Schlichtungsstelle für wohnrechtliche Angelegenheiten","Montage eines Sonnenschutzes in Wohnungen","1100",1050,1,2024
"Wohnen, Wohnbau, Stadterneuerung und Frauen","Wohnbauförderung und Schlichtungsstelle für wohnrechtliche Angelegenheiten","Montage eines Sonnenschutzes in Wohnungen","1050",470,1,2024
"Wohnen, Wohnbau, Stadterneuerung und Frauen","Wohnbauförderung und Schlichtungsstelle für wohnrechtliche Angelegenheiten","Montage eines Sonnenschutzes in Wohnungen","1020",1500,1,2024
"Wohnen, Wohnbau, Stadterneuerung und Frauen","Wohnbauförderung und Schlichtungsstelle für wohnrechtliche Angelegenheiten","Montage eines Sonnenschutzes in Wohnungen","1100",583.5,1,2024
"Wohnen, Wohnbau, Stadterneuerung und Frauen","Wohnbauförderung und Schlichtungsstelle für wohnrechtliche Angelegenheiten","Montage eines Sonnenschutzes in Wohnungen","1060",1082.6,1,2024
"Wohnen, Wohnbau, Stadterneuerung und Frauen","Wohnbauförderung und Schlichtungsstelle für wohnrechtliche Angelegenheiten","Montage eines Sonnenschutzes in Wohnungen","1190",722,1,2024
"Wohnen, Wohnbau, Stadterneuerung und Frauen","Wohnbauförderung und Schlichtungsstelle für wohnrechtliche Angelegenheiten","Montage eines Sonnenschutzes in Wohnungen","1210",1280,1,2024
"Wohnen, Wohnbau, Stadterneuerung und Frauen","Wohnbauförderung und Schlichtungsstelle für wohnrechtliche Angelegenheiten","Montage eines Sonnenschutzes in Wohnungen","1100",975,1,2024
"Wohnen, Wohnbau, Stadterneuerung und Frauen","Wohnbauförderung und Schlichtungsstelle für wohnrechtliche Angelegenheiten","Montage eines Sonnenschutzes in Wohnungen","1190",1500,1,2024
"Wohnen, Wohnbau, Stadterneuerung und Frauen","Wohnbauförderung und Schlichtungsstelle für wohnrechtliche Angelegenheiten","Montage eines Sonnenschutzes in Wohnungen","1210",1500,1,2024
"Wohnen, Wohnbau, Stadterneuerung und Frauen","Wohnbauförderung und Schlichtungsstelle für wohnrechtliche Angelegenheiten","Montage eines Sonnenschutzes in Wohnungen","1210",310,1,2024
"Wohnen, Wohnbau, Stadterneuerung und Frauen","Wohnbauförderung und Schlichtungsstelle für wohnrechtliche Angelegenheiten","Montage eines Sonnenschutzes in Wohnungen","1190",573,1,2024
"Wohnen, Wohnbau, Stadterneuerung und Frauen","Wohnbauförderung und Schlichtungsstelle für wohnrechtliche Angelegenheiten","Montage eines Sonnenschutzes in Wohnungen","1020",1394,1,2024
"Wohnen, Wohnbau, Stadterneuerung und Frauen","Wohnbauförderung und Schlichtungsstelle für wohnrechtliche Angelegenheiten","Montage eines Sonnenschutzes in Wohnungen","1210",1500,1,2024
"Wohnen, Wohnbau, Stadterneuerung und Frauen","Wohnbauförderung und Schlichtungsstelle für wohnrechtliche Angelegenheiten","Montage eines Sonnenschutzes in Wohnungen","1100",1041.5,1,2024
"Wohnen, Wohnbau, Stadterneuerung und Frauen","Wohnbauförderung und Schlichtungsstelle für wohnrechtliche Angelegenheiten","Montage eines Sonnenschutzes in Wohnungen","1220",593.5,1,2024
"Wohnen, Wohnbau, Stadterneuerung und Frauen","Wohnbauförderung und Schlichtungsstelle für wohnrechtliche Angelegenheiten","Montage eines Sonnenschutzes in Wohnungen","1100",1088.8,1,2024
"Wohnen, Wohnbau, Stadterneuerung und Frauen","Wohnbauförderung und Schlichtungsstelle für wohnrechtliche Angelegenheiten","Montage eines Sonnenschutzes in Wohnungen","1030",1500,1,2024
"Wohnen, Wohnbau, Stadterneuerung und Frauen","Wohnbauförderung und Schlichtungsstelle für wohnrechtliche Angelegenheiten","Montage eines Sonnenschutzes in Wohnungen","1030",537,1,2024
"Wohnen, Wohnbau, Stadterneuerung und Frauen","Wohnbauförderung und Schlichtungsstelle für wohnrechtliche Angelegenheiten","Montage eines Sonnenschutzes in Wohnungen","1210",1500,1,2024
"Wohnen, Wohnbau, Stadterneuerung und Frauen","Wohnbauförderung und Schlichtungsstelle für wohnrechtliche Angelegenheiten","Montage eines Sonnenschutzes in Wohnungen","1030",855,1,2024
"Wohnen, Wohnbau, Stadterneuerung und Frauen","Wohnbauförderung und Schlichtungsstelle für wohnrechtliche Angelegenheiten","Montage eines Sonnenschutzes in Wohnungen","1210",990,1,2024
"Wohnen, Wohnbau, Stadterneuerung und Frauen","Wohnbauförderung und Schlichtungsstelle für wohnrechtliche Angelegenheiten","Montage eines Sonnenschutzes in Wohnungen","1210",976.2,1,2024
"Wohnen, Wohnbau, Stadterneuerung und Frauen","Wohnbauförderung und Schlichtungsstelle für wohnrechtliche Angelegenheiten","Montage eines Sonnenschutzes in Wohnungen","1060",940.5,1,2024
"Wohnen, Wohnbau, Stadterneuerung und Frauen","Wohnbauförderung und Schlichtungsstelle für wohnrechtliche Angelegenheiten","Montage eines Sonnenschutzes in Wohnungen","1210",1500,1,2024
"Wohnen, Wohnbau, Stadterneuerung und Frauen","Wohnbauförderung und Schlichtungsstelle für wohnrechtliche Angelegenheiten","Montage eines Sonnenschutzes in Wohnungen","1120",572.4,1,2024
"Wohnen, Wohnbau, Stadterneuerung und Frauen","Wohnbauförderung und Schlichtungsstelle für wohnrechtliche Angelegenheiten","Montage eines Sonnenschutzes in Wohnungen","1210",1500,1,2024
"Wohnen, Wohnbau, Stadterneuerung und Frauen","Wohnbauförderung und Schlichtungsstelle für wohnrechtliche Angelegenheiten","Montage eines Sonnenschutzes in Wohnungen","1210",1185.6,1,2024
"Wohnen, Wohnbau, Stadterneuerung und Frauen","Wohnbauförderung und Schlichtungsstelle für wohnrechtliche Angelegenheiten","Montage eines Sonnenschutzes in Wohnungen","1210",1497,1,2024
"Wohnen, Wohnbau, Stadterneuerung und Frauen","Wohnbauförderung und Schlichtungsstelle für wohnrechtliche Angelegenheiten","Montage eines Sonnenschutzes in Wohnungen","1210",1500,1,2024
"Wohnen, Wohnbau, Stadterneuerung und Frauen","Wohnbauförderung und Schlichtungsstelle für wohnrechtliche Angelegenheiten","Montage eines Sonnenschutzes in Wohnungen","1190",1500,1,2024
"Wohnen, Wohnbau, Stadterneuerung und Frauen","Wohnbauförderung und Schlichtungsstelle für wohnrechtliche Angelegenheiten","Montage eines Sonnenschutzes in Wohnungen","1100",1309.5,1,2024
"Wohnen, Wohnbau, Stadterneuerung und Frauen","Wohnbauförderung und Schlichtungsstelle für wohnrechtliche Angelegenheiten","Montage eines Sonnenschutzes in Wohnungen","1210",974.4,1,2024
"Wohnen, Wohnbau, Stadterneuerung und Frauen","Wohnbauförderung und Schlichtungsstelle für wohnrechtliche Angelegenheiten","Montage eines Sonnenschutzes in Wohnungen","1030",363.5,1,2024
"Wohnen, Wohnbau, Stadterneuerung und Frauen","Wohnbauförderung und Schlichtungsstelle für wohnrechtliche Angelegenheiten","Montage eines Sonnenschutzes in Wohnungen","1190",1500,1,2024
"Wohnen, Wohnbau, Stadterneuerung und Frauen","Wohnbauförderung und Schlichtungsstelle für wohnrechtliche Angelegenheiten","Montage eines Sonnenschutzes in Wohnungen","1210",265.6,1,2024
"Wohnen, Wohnbau, Stadterneuerung und Frauen","Wohnbauförderung und Schlichtungsstelle für wohnrechtliche Angelegenheiten","Montage eines Sonnenschutzes in Wohnungen","1030",325,1,2024
"Wohnen, Wohnbau, Stadterneuerung und Frauen","Wohnbauförderung und Schlichtungsstelle für wohnrechtliche Angelegenheiten","Montage eines Sonnenschutzes in Wohnungen","1210",870.1,1,2024
"Wohnen, Wohnbau, Stadterneuerung und Frauen","Wohnbauförderung und Schlichtungsstelle für wohnrechtliche Angelegenheiten","Montage eines Sonnenschutzes in Wohnungen","1070",288.8,1,2024
"Wohnen, Wohnbau, Stadterneuerung und Frauen","Wohnbauförderung und Schlichtungsstelle für wohnrechtliche Angelegenheiten","Montage eines Sonnenschutzes in Wohnungen","1050",1500,1,2024
"Wohnen, Wohnbau, Stadterneuerung und Frauen","Wohnbauförderung und Schlichtungsstelle für wohnrechtliche Angelegenheiten","Montage eines Sonnenschutzes in Wohnungen","1190",1500,1,2024
"Wohnen, Wohnbau, Stadterneuerung und Frauen","Wohnbauförderung und Schlichtungsstelle für wohnrechtliche Angelegenheiten","Montage eines Sonnenschutzes in Wohnungen","1030",988,1,2024
"Wohnen, Wohnbau, Stadterneuerung und Frauen","Wohnbauförderung und Schlichtungsstelle für wohnrechtliche Angelegenheiten","Montage eines Sonnenschutzes in Wohnungen","1190",1429.8,1,2024
"Wohnen, Wohnbau, Stadterneuerung und Frauen","Wohnbauförderung und Schlichtungsstelle für wohnrechtliche Angelegenheiten","Montage eines Sonnenschutzes in Wohnungen","1050",976.1,1,2024
"Wohnen, Wohnbau, Stadterneuerung und Frauen","Wohnbauförderung und Schlichtungsstelle für wohnrechtliche Angelegenheiten","Montage eines Sonnenschutzes in Wohnungen","1100",1500,1,2024
"Wohnen, Wohnbau, Stadterneuerung und Frauen","Wohnbauförderung und Schlichtungsstelle für wohnrechtliche Angelegenheiten","Montage eines Sonnenschutzes in Wohnungen","1100",1178.6,1,2024
"Wohnen, Wohnbau, Stadterneuerung und Frauen","Wohnbauförderung und Schlichtungsstelle für wohnrechtliche Angelegenheiten","Montage eines Sonnenschutzes in Wohnungen","1050",1500,1,2024
"Wohnen, Wohnbau, Stadterneuerung und Frauen","Wohnbauförderung und Schlichtungsstelle für wohnrechtliche Angelegenheiten","Montage eines Sonnenschutzes in Wohnungen","1050",870,1,2024
"Wohnen, Wohnbau, Stadterneuerung und Frauen","Wohnbauförderung und Schlichtungsstelle für wohnrechtliche Angelegenheiten","Montage eines Sonnenschutzes in Wohnungen","1100",369.9,1,2024
"Wohnen, Wohnbau, Stadterneuerung und Frauen","Wohnbauförderung und Schlichtungsstelle für wohnrechtliche Angelegenheiten","Montage eines Sonnenschutzes in Wohnungen","1210",602,1,2024
"Wohnen, Wohnbau, Stadterneuerung und Frauen","Wohnbauförderung und Schlichtungsstelle für wohnrechtliche Angelegenheiten","Montage eines Sonnenschutzes in Wohnungen","1190",1454.6,1,2024
"Wohnen, Wohnbau, Stadterneuerung und Frauen","Wohnbauförderung und Schlichtungsstelle für wohnrechtliche Angelegenheiten","Montage eines Sonnenschutzes in Wohnungen","1210",1329,1,2024
"Wohnen, Wohnbau, Stadterneuerung und Frauen","Wohnbauförderung und Schlichtungsstelle für wohnrechtliche Angelegenheiten","Montage eines Sonnenschutzes in Wohnungen","1210",990,1,2024
"Wohnen, Wohnbau, Stadterneuerung und Frauen","Wohnbauförderung und Schlichtungsstelle für wohnrechtliche Angelegenheiten","Montage eines Sonnenschutzes in Wohnungen","1210",1134,1,2024
"Wohnen, Wohnbau, Stadterneuerung und Frauen","Wohnbauförderung und Schlichtungsstelle für wohnrechtliche Angelegenheiten","Montage eines Sonnenschutzes in Wohnungen","1020",1500,1,2024
"Wohnen, Wohnbau, Stadterneuerung und Frauen","Wohnbauförderung und Schlichtungsstelle für wohnrechtliche Angelegenheiten","Montage eines Sonnenschutzes in Wohnungen","1190",1500,1,2024
"Wohnen, Wohnbau, Stadterneuerung und Frauen","Wohnbauförderung und Schlichtungsstelle für wohnrechtliche Angelegenheiten","Montage eines Sonnenschutzes in Wohnungen","1050",1500,1,2024
"Wohnen, Wohnbau, Stadterneuerung und Frauen","Wohnbauförderung und Schlichtungsstelle für wohnrechtliche Angelegenheiten","Montage eines Sonnenschutzes in Wohnungen","1210",1500,1,2024
"Wohnen, Wohnbau, Stadterneuerung und Frauen","Wohnbauförderung und Schlichtungsstelle für wohnrechtliche Angelegenheiten","Montage eines Sonnenschutzes in Wohnungen","1030",1300,1,2024
"Wohnen, Wohnbau, Stadterneuerung und Frauen","Wohnbauförderung und Schlichtungsstelle für wohnrechtliche Angelegenheiten","Montage eines Sonnenschutzes in Wohnungen","1050",541.9,1,2024
"Wohnen, Wohnbau, Stadterneuerung und Frauen","Wohnbauförderung und Schlichtungsstelle für wohnrechtliche Angelegenheiten","Montage eines Sonnenschutzes in Wohnungen","1100",1476.4,1,2024
"Wohnen, Wohnbau, Stadterneuerung und Frauen","Wohnbauförderung und Schlichtungsstelle für wohnrechtliche Angelegenheiten","Montage eines Sonnenschutzes in Wohnungen","1210",962,1,2024
"Wohnen, Wohnbau, Stadterneuerung und Frauen","Wohnbauförderung und Schlichtungsstelle für wohnrechtliche Angelegenheiten","Montage eines Sonnenschutzes in Wohnungen","1030",727.3,1,2024
"Wohnen, Wohnbau, Stadterneuerung und Frauen","Wohnbauförderung und Schlichtungsstelle für wohnrechtliche Angelegenheiten","Montage eines Sonnenschutzes in Wohnungen","1020",729,1,2024
"Wohnen, Wohnbau, Stadterneuerung und Frauen","Wohnbauförderung und Schlichtungsstelle für wohnrechtliche Angelegenheiten","Montage eines Sonnenschutzes in Wohnungen","1020",1500,1,2024
"Wohnen, Wohnbau, Stadterneuerung und Frauen","Wohnbauförderung und Schlichtungsstelle für wohnrechtliche Angelegenheiten","Montage eines Sonnenschutzes in Wohnungen","1110",671.5,1,2024
"Wohnen, Wohnbau, Stadterneuerung und Frauen","Wohnbauförderung und Schlichtungsstelle für wohnrechtliche Angelegenheiten","Montage eines Sonnenschutzes in Wohnungen","1210",1070.5,1,2024
"Wohnen, Wohnbau, Stadterneuerung und Frauen","Wohnbauförderung und Schlichtungsstelle für wohnrechtliche Angelegenheiten","Montage eines Sonnenschutzes in Wohnungen","1150",675,1,2024
"Wohnen, Wohnbau, Stadterneuerung und Frauen","Wohnbauförderung und Schlichtungsstelle für wohnrechtliche Angelegenheiten","Montage eines Sonnenschutzes in Wohnungen","1030",996.1,1,2024
"Wohnen, Wohnbau, Stadterneuerung und Frauen","Wohnbauförderung und Schlichtungsstelle für wohnrechtliche Angelegenheiten","Montage eines Sonnenschutzes in Wohnungen","1210",817,1,2024
"Wohnen, Wohnbau, Stadterneuerung und Frauen","Wohnbauförderung und Schlichtungsstelle für wohnrechtliche Angelegenheiten","Montage eines Sonnenschutzes in Wohnungen","1030",1500,1,2024
"Wohnen, Wohnbau, Stadterneuerung und Frauen","Wohnbauförderung und Schlichtungsstelle für wohnrechtliche Angelegenheiten","Montage eines Sonnenschutzes in Wohnungen","1020",1500,1,2024
"Wohnen, Wohnbau, Stadterneuerung und Frauen","Wohnbauförderung und Schlichtungsstelle für wohnrechtliche Angelegenheiten","Montage eines Sonnenschutzes in Wohnungen","1210",1500,1,2024
"Wohnen, Wohnbau, Stadterneuerung und Frauen","Wohnbauförderung und Schlichtungsstelle für wohnrechtliche Angelegenheiten","Montage eines Sonnenschutzes in Wohnungen","1100",1500,1,2024
"Wohnen, Wohnbau, Stadterneuerung und Frauen","Wohnbauförderung und Schlichtungsstelle für wohnrechtliche Angelegenheiten","Montage eines Sonnenschutzes in Wohnungen","1190",1146,1,2024
"Wohnen, Wohnbau, Stadterneuerung und Frauen","Wohnbauförderung und Schlichtungsstelle für wohnrechtliche Angelegenheiten","Montage eines Sonnenschutzes in Wohnungen","1200",1037.7,1,2024
"Wohnen, Wohnbau, Stadterneuerung und Frauen","Wohnbauförderung und Schlichtungsstelle für wohnrechtliche Angelegenheiten","Montage eines Sonnenschutzes in Wohnungen","1210",1500,1,2024
"Wohnen, Wohnbau, Stadterneuerung und Frauen","Wohnbauförderung und Schlichtungsstelle für wohnrechtliche Angelegenheiten","Montage eines Sonnenschutzes in Wohnungen","1020",1500,1,2024
"Wohnen, Wohnbau, Stadterneuerung und Frauen","Wohnbauförderung und Schlichtungsstelle für wohnrechtliche Angelegenheiten","Montage eines Sonnenschutzes in Wohnungen","1030",1500,1,2024
"Wohnen, Wohnbau, Stadterneuerung und Frauen","Wohnbauförderung und Schlichtungsstelle für wohnrechtliche Angelegenheiten","Montage eines Sonnenschutzes in Wohnungen","1100",1500,1,2024
"Wohnen, Wohnbau, Stadterneuerung und Frauen","Wohnbauförderung und Schlichtungsstelle für wohnrechtliche Angelegenheiten","Montage eines Sonnenschutzes in Wohnungen","1210",1500,1,2024
"Wohnen, Wohnbau, Stadterneuerung und Frauen","Wohnbauförderung und Schlichtungsstelle für wohnrechtliche Angelegenheiten","Montage eines Sonnenschutzes in Wohnungen","1210",1110.5,1,2024
"Wohnen, Wohnbau, Stadterneuerung und Frauen","Wohnbauförderung und Schlichtungsstelle für wohnrechtliche Angelegenheiten","Montage eines Sonnenschutzes in Wohnungen","1210",1386.2,1,2024
"Wohnen, Wohnbau, Stadterneuerung und Frauen","Wohnbauförderung und Schlichtungsstelle für wohnrechtliche Angelegenheiten","Montage eines Sonnenschutzes in Wohnungen","1030",1114.2,1,2024
"Wohnen, Wohnbau, Stadterneuerung und Frauen","Wohnbauförderung und Schlichtungsstelle für wohnrechtliche Angelegenheiten","Montage eines Sonnenschutzes in Wohnungen","1210",1405.9,1,2024
"Wohnen, Wohnbau, Stadterneuerung und Frauen","Wohnbauförderung und Schlichtungsstelle für wohnrechtliche Angelegenheiten","Montage eines Sonnenschutzes in Wohnungen","1050",1500,1,2024
"Wohnen, Wohnbau, Stadterneuerung und Frauen","Wohnbauförderung und Schlichtungsstelle für wohnrechtliche Angelegenheiten","Montage eines Sonnenschutzes in Wohnungen","1100",957.6,1,2024
"Wohnen, Wohnbau, Stadterneuerung und Frauen","Wohnbauförderung und Schlichtungsstelle für wohnrechtliche Angelegenheiten","Montage eines Sonnenschutzes in Wohnungen","1210",1500,1,2024
"Wohnen, Wohnbau, Stadterneuerung und Frauen","Wohnbauförderung und Schlichtungsstelle für wohnrechtliche Angelegenheiten","Montage eines Sonnenschutzes in Wohnungen","1100",1500,1,2024
"Wohnen, Wohnbau, Stadterneuerung und Frauen","Wohnbauförderung und Schlichtungsstelle für wohnrechtliche Angelegenheiten","Montage eines Sonnenschutzes in Wohnungen","1100",1249.7,1,2024
"Wohnen, Wohnbau, Stadterneuerung und Frauen","Wohnbauförderung und Schlichtungsstelle für wohnrechtliche Angelegenheiten","Montage eines Sonnenschutzes in Wohnungen","1190",523,1,2024
"Wohnen, Wohnbau, Stadterneuerung und Frauen","Wohnbauförderung und Schlichtungsstelle für wohnrechtliche Angelegenheiten","Montage eines Sonnenschutzes in Wohnungen","1210",1500,1,2024
"Wohnen, Wohnbau, Stadterneuerung und Frauen","Wohnbauförderung und Schlichtungsstelle für wohnrechtliche Angelegenheiten","Montage eines Sonnenschutzes in Wohnungen","1110",1500,1,2024
