"GG Langtext","DST Langtext","Förderprogramm","Postleitzahl","Ausbezahlte Fördersumme","Anzahl der Förderfälle","jahr"
"Kultur und Wissenschaft","Kultur","Einzel- und Gesamtförderung im Bereich Wissenschaft und Forschung","1030",3000,1,2023
"Kultur und Wissenschaft","Kultur","Kunstankauf","1120",8900,1,2023
"Kultur und Wissenschaft","Kultur","Kunstankauf","1070",4900,1,2023
"Kultur und Wissenschaft","Kultur","Kunstankauf","1070",3200,1,2023
"Kultur und Wissenschaft","Kultur","Einzel- und Gesamtförderung im Bereich Kulturinitiativen","1150",4000,1,2023
"Kultur und Wissenschaft","Kultur","Einzel- und Gesamtförderung im Bereich Wissenschaft und Forschung","1090",7e+05,1,2023
"Kultur und Wissenschaft","Kultur","Einzel- und Gesamtförderung im Bereich Bildende Kunst und Medienkunst","1070",5000,1,2023
"Kultur und Wissenschaft","Kultur","Einzel- und Gesamtförderung im Bereich Kulturinitiativen","1010",5000,1,2023
"Kultur und Wissenschaft","Kultur","Einzel- und Gesamtförderung im Bereich Film, Mode und Design","1030",30000,1,2023
"Kultur und Wissenschaft","Kultur","Einzel- und Gesamtförderung im Bereich Wissenschaft und Forschung","1060",5000,1,2023
"Kultur und Wissenschaft","Kultur","Einzel- und Gesamtförderung im Bereich Musik","1030",5000,1,2023
"Kultur und Wissenschaft","Kultur","Bau- und Investitonskostenzuschuss","1030",595000,1,2023
"Kultur und Wissenschaft","Kultur","Einzel- und Gesamtförderung im Bereich Wissenschaft und Forschung","1090",5000,1,2023
"Kultur und Wissenschaft","Kultur","Wiener Altstadterhaltungsfonds","1010",111481.93,1,2023
"Kultur und Wissenschaft","Kultur","Einzel- und Gesamtförderung im Bereich Bildende Kunst und Medienkunst","1010",5000,1,2023
"Kultur und Wissenschaft","Kultur","Einzel- und Gesamtförderung im Bereich Film, Mode und Design","1190",5000,1,2023
"Kultur und Wissenschaft","Kultur","Kunstankauf","1040",2070,1,2023
"Kultur und Wissenschaft","Kultur","Einzel- und Gesamtförderung im Bereich Musik","1050",3000,1,2023
"Kultur und Wissenschaft","Kultur","Einzel- und Gesamtförderung im Bereich Wissenschaft und Forschung","1020",3500,1,2023
"Kultur und Wissenschaft","Kultur","Kunstankauf","1020",7055,1,2023
"Kultur und Wissenschaft","Kultur","Einzel- und Gesamtförderung im Bereich Wissenschaft und Forschung","1010",4e+05,1,2023
"Kultur und Wissenschaft","Kultur","Einzel- und Gesamtförderung im Bereich Wissenschaft und Forschung","1010",2500,1,2023
"Kultur und Wissenschaft","Kultur","Einzel- und Gesamtförderung im Bereich Film, Mode und Design","1050",4000,1,2023
"Kultur und Wissenschaft","Kultur","Einzel- und Gesamtförderung im Bereich Musik","1090",5000,1,2023
"Kultur und Wissenschaft","Kultur","Würdigungspreise der Stadt Wien","1150",4000,1,2023
"Kultur und Wissenschaft","Kultur","Würdigungspreise der Stadt Wien","1050",4000,1,2023
"Kultur und Wissenschaft","Kultur","Würdigungspreise der Stadt Wien","1010",4000,1,2023
"Kultur und Wissenschaft","Kultur","Würdigungspreise der Stadt Wien","1040",4000,1,2023
"Kultur und Wissenschaft","Kultur","Würdigungspreise der Stadt Wien","1060",4000,1,2023
"Kultur und Wissenschaft","Kultur","Würdigungspreise der Stadt Wien","1040",4000,1,2023
"Kultur und Wissenschaft","Kultur","Würdigungspreise der Stadt Wien","1040",4000,1,2023
"Kultur und Wissenschaft","Kultur","Einzel- und Gesamtförderung im Bereich Wissenschaft und Forschung","1100",2000,1,2023
"Kultur und Wissenschaft","Kultur","Einzel- und Gesamtförderung im Bereich Darstellende Kunst","1230",1e+05,1,2023
"Kultur und Wissenschaft","Kultur","Einzel- und Gesamtförderung im Bereich Darstellende Kunst","1230",10000,1,2023
"Kultur und Wissenschaft","Kultur","Einzel- und Gesamtförderung im Bereich Wissenschaft und Forschung","1090",2500,1,2023
"Kultur und Wissenschaft","Kultur","Würdigungspreise der Stadt Wien","1010",4000,1,2023
"Kultur und Wissenschaft","Kultur","Würdigungspreise der Stadt Wien","1010",4000,1,2023
"Kultur und Wissenschaft","Kultur","Wiener Altstadterhaltungsfonds","1010",22085.69,1,2023
"Kultur und Wissenschaft","Kultur","Wiener Altstadterhaltungsfonds","1010",11246.79,1,2023
"Kultur und Wissenschaft","Kultur","Einzel- und Gesamtförderung im Bereich Wissenschaft und Forschung","1150",3000,1,2023
"Kultur und Wissenschaft","Kultur","Einzel- und Gesamtförderung im Bereich Wissenschaft und Forschung","1100",5000,1,2023
"Kultur und Wissenschaft","Kultur","Einzel- und Gesamtförderung im Bereich Film, Mode und Design","1100",1000,1,2023
"Kultur und Wissenschaft","Kultur","Einzel- und Gesamtförderung im Bereich Darstellende Kunst","1030",25000,1,2023
"Kultur und Wissenschaft","Kultur","Einzel- und Gesamtförderung im Bereich Kulturinitiativen","1040",500,1,2023
"Kultur und Wissenschaft","Kultur","Einzel- und Gesamtförderung im Bereich Wissenschaft und Forschung","1010",2000,1,2023
"Kultur und Wissenschaft","Kultur","Einzel- und Gesamtförderung im Bereich Film, Mode und Design","1030",7000,1,2023
"Kultur und Wissenschaft","Kultur","Einzel- und Gesamtförderung im Bereich Darstellende Kunst","1080",50000,1,2023
"Kultur und Wissenschaft","Kultur","Einzel- und Gesamtförderung im Bereich Darstellende Kunst","1080",5000,1,2023
"Kultur und Wissenschaft","Kultur","Einzel- und Gesamtförderung im Bereich Kulturinitiativen","1050",2000,1,2023
"Kultur und Wissenschaft","Kultur","Einzel- und Gesamtförderung im Bereich Darstellende Kunst","1120",1e+05,1,2023
"Kultur und Wissenschaft","Kultur","Einzel- und Gesamtförderung im Bereich Darstellende Kunst","1120",10000,1,2023
"Kultur und Wissenschaft","Kultur","Kunstankauf","1190",6300,1,2023
"Kultur und Wissenschaft","Kultur","Einzel- und Gesamtförderung im Bereich Wissenschaft und Forschung","1090",3000,1,2023
"Kultur und Wissenschaft","Kultur","Kunstankauf","1200",3955,1,2023
"Kultur und Wissenschaft","Kultur","Einzel- und Gesamtförderung im Bereich Darstellende Kunst","1090",50000,1,2023
"Kultur und Wissenschaft","Kultur","Einzel- und Gesamtförderung im Bereich Darstellende Kunst","1090",5000,1,2023
"Kultur und Wissenschaft","Kultur","Einzel- und Gesamtförderung im Bereich Film, Mode und Design","1220",10000,1,2023
"Kultur und Wissenschaft","Kultur","Einzel- und Gesamtförderung im Bereich Darstellende Kunst","1090",150000,1,2023
"Kultur und Wissenschaft","Kultur","Einzel- und Gesamtförderung im Bereich Darstellende Kunst","1090",15000,1,2023
"Kultur und Wissenschaft","Kultur","Einzel- und Gesamtförderung im Bereich Film, Mode und Design","1150",7000,1,2023
"Kultur und Wissenschaft","Kultur","Einzel- und Gesamtförderung im Bereich Film, Mode und Design","1150",1000,1,2023
"Kultur und Wissenschaft","Kultur","Einzel- und Gesamtförderung im Bereich Darstellende Kunst","1220",80000,1,2023
"Kultur und Wissenschaft","Kultur","Einzel- und Gesamtförderung im Bereich Darstellende Kunst","1220",8000,1,2023
"Kultur und Wissenschaft","Kultur","Einzel- und Gesamtförderung im Bereich Darstellende Kunst","1160",70000,1,2023
"Kultur und Wissenschaft","Kultur","Einzel- und Gesamtförderung im Bereich Darstellende Kunst","1160",7000,1,2023
"Kultur und Wissenschaft","Kultur","Einzel- und Gesamtförderung im Bereich Darstellende Kunst","1030",80000,1,2023
"Kultur und Wissenschaft","Kultur","Einzel- und Gesamtförderung im Bereich Darstellende Kunst","1030",8000,1,2023
"Kultur und Wissenschaft","Kultur","Einzel- und Gesamtförderung im Bereich Darstellende Kunst","1040",1e+05,1,2023
"Kultur und Wissenschaft","Kultur","Einzel- und Gesamtförderung im Bereich Darstellende Kunst","1040",10000,1,2023
"Kultur und Wissenschaft","Kultur","Einzel- und Gesamtförderung im Bereich Wissenschaft und Forschung","1090",3500,1,2023
"Kultur und Wissenschaft","Kultur","Einzel- und Gesamtförderung im Bereich Film, Mode und Design","1020",7000,1,2023
"Kultur und Wissenschaft","Kultur","Einzel- und Gesamtförderung im Bereich Darstellende Kunst","1150",90000,1,2023
"Kultur und Wissenschaft","Kultur","Einzel- und Gesamtförderung im Bereich Darstellende Kunst","1150",9000,1,2023
"Kultur und Wissenschaft","Kultur","Einzel- und Gesamtförderung im Bereich Darstellende Kunst","1150",80000,1,2023
"Kultur und Wissenschaft","Kultur","Einzel- und Gesamtförderung im Bereich Darstellende Kunst","1150",8000,1,2023
"Kultur und Wissenschaft","Kultur","Einzel- und Gesamtförderung im Bereich Darstellende Kunst","1150",80000,1,2023
"Kultur und Wissenschaft","Kultur","Einzel- und Gesamtförderung im Bereich Darstellende Kunst","1150",8000,1,2023
"Kultur und Wissenschaft","Kultur","Einzel- und Gesamtförderung im Bereich Wissenschaft und Forschung","1010",3000,1,2023
"Kultur und Wissenschaft","Kultur","Einzel- und Gesamtförderung im Bereich Darstellende Kunst","1030",80000,1,2023
"Kultur und Wissenschaft","Kultur","Einzel- und Gesamtförderung im Bereich Darstellende Kunst","1030",8000,1,2023
"Kultur und Wissenschaft","Kultur","Einzel- und Gesamtförderung im Bereich Darstellende Kunst","1160",80000,1,2023
"Kultur und Wissenschaft","Kultur","Einzel- und Gesamtförderung im Bereich Darstellende Kunst","1160",8000,1,2023
"Kultur und Wissenschaft","Kultur","Einzel- und Gesamtförderung im Bereich Wissenschaft und Forschung","1010",4500,1,2023
"Kultur und Wissenschaft","Kultur","Einzel- und Gesamtförderung im Bereich Wissenschaft und Forschung","1070",3000,1,2023
"Kultur und Wissenschaft","Kultur","Einzel- und Gesamtförderung im Bereich Film, Mode und Design","1150",5000,1,2023
"Kultur und Wissenschaft","Kultur","Würdigungspreise der Stadt Wien","1010",4000,1,2023
"Kultur und Wissenschaft","Kultur","Wiener Altstadterhaltungsfonds","1010",57980,1,2023
"Kultur und Wissenschaft","Kultur","Bau- und Investitonskostenzuschuss","1070",430000,1,2023
"Kultur und Wissenschaft","Kultur","Einzel- und Gesamtförderung im Bereich Film, Mode und Design","1130",5000,1,2023
"Kultur und Wissenschaft","Kultur","Kunstankauf","1050",9400,1,2023
"Kultur und Wissenschaft","Kultur","Kunstankauf","1150",3500,1,2023
"Kultur und Wissenschaft","Kultur","Einzel- und Gesamtförderung im Bereich Darstellende Kunst","1050",90000,1,2023
"Kultur und Wissenschaft","Kultur","Einzel- und Gesamtförderung im Bereich Darstellende Kunst","1050",9000,1,2023
"Kultur und Wissenschaft","Kultur","Einzel- und Gesamtförderung im Bereich Film, Mode und Design","1180",1000,1,2023
"Kultur und Wissenschaft","Kultur","Einzel- und Gesamtförderung im Bereich Musik","1040",10000,1,2023
"Kultur und Wissenschaft","Kultur","Einzel- und Gesamtförderung im Bereich Wissenschaft und Forschung","1230",2500,1,2023
"Kultur und Wissenschaft","Kultur","Einzel- und Gesamtförderung im Bereich Film, Mode und Design","1050",4000,1,2023
"Kultur und Wissenschaft","Kultur","Einzel- und Gesamtförderung im Bereich Darstellende Kunst","1080",8000,1,2023
"Kultur und Wissenschaft","Kultur","Einzel- und Gesamtförderung im Bereich Film, Mode und Design","1130",1000,1,2023
"Kultur und Wissenschaft","Kultur","Wiener Altstadterhaltungsfonds","1010",118661.78,1,2023
"Kultur und Wissenschaft","Kultur","Einzel- und Gesamtförderung im Bereich Wissenschaft und Forschung","1180",1500,1,2023
"Kultur und Wissenschaft","Kultur","Einzel- und Gesamtförderung im Bereich Musik","1010",35000,1,2023
"Kultur und Wissenschaft","Kultur","Einzel- und Gesamtförderung im Bereich Film, Mode und Design","1210",2000,1,2023
"Kultur und Wissenschaft","Kultur","Einzel- und Gesamtförderung im Bereich Film, Mode und Design","1020",4000,1,2023
"Kultur und Wissenschaft","Kultur","Bau- und Investitonskostenzuschuss","1120",65000,1,2023
"Kultur und Wissenschaft","Kultur","Einzel- und Gesamtförderung im Bereich Darstellende Kunst","1200",1675000,1,2023
"Kultur und Wissenschaft","Kultur","Einzel- und Gesamtförderung im Bereich Darstellende Kunst","1200",250000,1,2023
"Kultur und Wissenschaft","Kultur","Einzel- und Gesamtförderung im Bereich Literatur","1010",6000,1,2023
"Kultur und Wissenschaft","Kultur","Einzel- und Gesamtförderung im Bereich Wissenschaft und Forschung","1010",3000,1,2023
"Kultur und Wissenschaft","Kultur","Einzel- und Gesamtförderung im Bereich Musik","1010",3500,1,2023
"Kultur und Wissenschaft","Kultur","Einzel- und Gesamtförderung im Bereich Kulturinitiativen","1020",1e+05,1,2023
"Kultur und Wissenschaft","Kultur","Einzel- und Gesamtförderung im Bereich Film, Mode und Design","1160",8000,1,2023
"Kultur und Wissenschaft","Kultur","Einzel- und Gesamtförderung im Bereich Film, Mode und Design","1220",5000,1,2023
"Kultur und Wissenschaft","Kultur","Einzel- und Gesamtförderung im Bereich Film, Mode und Design","1030",6000,1,2023
"Kultur und Wissenschaft","Kultur","Einzel- und Gesamtförderung im Bereich Film, Mode und Design","1220",5000,1,2023
"Kultur und Wissenschaft","Kultur","Einzel- und Gesamtförderung im Bereich Film, Mode und Design","1070",3000,1,2023
"Kultur und Wissenschaft","Kultur","Einzel- und Gesamtförderung im Bereich Film, Mode und Design","1010",35000,1,2023
"Kultur und Wissenschaft","Kultur","Einzel- und Gesamtförderung im Bereich Film, Mode und Design","1050",3000,1,2023
"Kultur und Wissenschaft","Kultur","Einzel- und Gesamtförderung im Bereich Film, Mode und Design","1050",1000,1,2023
"Kultur und Wissenschaft","Kultur","Einzel- und Gesamtförderung im Bereich Film, Mode und Design","1120",5000,1,2023
"Kultur und Wissenschaft","Kultur","Einzel- und Gesamtförderung im Bereich Film, Mode und Design","1070",9000,1,2023
"Kultur und Wissenschaft","Kultur","Einzel- und Gesamtförderung im Bereich Film, Mode und Design","1170",3000,1,2023
"Kultur und Wissenschaft","Kultur","Einzel- und Gesamtförderung im Bereich Film, Mode und Design","1020",6000,1,2023
"Kultur und Wissenschaft","Kultur","Einzel- und Gesamtförderung im Bereich Film, Mode und Design","1180",10000,1,2023
"Kultur und Wissenschaft","Kultur","Einzel- und Gesamtförderung im Bereich Film, Mode und Design","1090",9000,1,2023
"Kultur und Wissenschaft","Kultur","Einzel- und Gesamtförderung im Bereich Film, Mode und Design","1040",4000,1,2023
"Kultur und Wissenschaft","Kultur","Einzel- und Gesamtförderung im Bereich Film, Mode und Design","1020",6000,1,2023
"Kultur und Wissenschaft","Kultur","Einzel- und Gesamtförderung im Bereich Film, Mode und Design","1050",10000,1,2023
"Kultur und Wissenschaft","Kultur","Einzel- und Gesamtförderung im Bereich Film, Mode und Design","1020",10000,1,2023
"Kultur und Wissenschaft","Kultur","Einzel- und Gesamtförderung im Bereich Film, Mode und Design","1150",4000,1,2023
"Kultur und Wissenschaft","Kultur","Einzel- und Gesamtförderung im Bereich Film, Mode und Design","1070",3000,1,2023
"Kultur und Wissenschaft","Kultur","Einzel- und Gesamtförderung im Bereich Film, Mode und Design","1170",3000,1,2023
"Kultur und Wissenschaft","Kultur","Einzel- und Gesamtförderung im Bereich Film, Mode und Design","1070",4000,1,2023
"Kultur und Wissenschaft","Kultur","Einzel- und Gesamtförderung im Bereich Film, Mode und Design","1130",12000,1,2023
"Kultur und Wissenschaft","Kultur","Einzel- und Gesamtförderung im Bereich Film, Mode und Design","1160",7000,1,2023
"Kultur und Wissenschaft","Kultur","Einzel- und Gesamtförderung im Bereich Film, Mode und Design","1030",1000,1,2023
"Kultur und Wissenschaft","Kultur","Einzel- und Gesamtförderung im Bereich Film, Mode und Design","1150",10000,1,2023
"Kultur und Wissenschaft","Kultur","Einzel- und Gesamtförderung im Bereich Film, Mode und Design","1070",3000,1,2023
"Kultur und Wissenschaft","Kultur","Einzel- und Gesamtförderung im Bereich Film, Mode und Design","1070",10000,1,2023
"Kultur und Wissenschaft","Kultur","Einzel- und Gesamtförderung im Bereich Film, Mode und Design","1160",1000,1,2023
"Kultur und Wissenschaft","Kultur","Einzel- und Gesamtförderung im Bereich Wissenschaft und Forschung","1010",55000,1,2023
"Kultur und Wissenschaft","Kultur","Einzel- und Gesamtförderung im Bereich Bildende Kunst und Medienkunst","1070",5e+05,1,2023
"Kultur und Wissenschaft","Kultur","Einzel- und Gesamtförderung im Bereich Bildende Kunst und Medienkunst","1070",1e+05,1,2023
"Kultur und Wissenschaft","Kultur","Einzel- und Gesamtförderung im Bereich Film, Mode und Design","1130",4000,1,2023
"Kultur und Wissenschaft","Kultur","Wiener Altstadterhaltungsfonds","1010",31896.46,1,2023
"Kultur und Wissenschaft","Kultur","Einzel- und Gesamtförderung im Bereich Kulturinitiativen","1100",1200,1,2023
"Kultur und Wissenschaft","Kultur","Einzel- und Gesamtförderung im Bereich Musik","1050",240000,1,2023
"Kultur und Wissenschaft","Kultur","Einzel- und Gesamtförderung im Bereich Musik","1050",9e+05,1,2023
"Kultur und Wissenschaft","Kultur","Einzel- und Gesamtförderung im Bereich Darstellende Kunst","1170",80000,1,2023
"Kultur und Wissenschaft","Kultur","Einzel- und Gesamtförderung im Bereich Darstellende Kunst","1170",720000,1,2023
"Kultur und Wissenschaft","Kultur","Einzel- und Gesamtförderung im Bereich Musik","1160",283000,1,2023
"Kultur und Wissenschaft","Kultur","Einzel- und Gesamtförderung im Bereich Musik","1160",30000,1,2023
"Kultur und Wissenschaft","Kultur","Einzel- und Gesamtförderung im Bereich Kulturinitiativen","1140",10000,1,2023
"Kultur und Wissenschaft","Kultur","Einzel- und Gesamtförderung im Bereich Kulturinitiativen","1140",135000,1,2023
"Kultur und Wissenschaft","Kultur","Einzel- und Gesamtförderung im Bereich Musik","1010",127000,1,2023
"Kultur und Wissenschaft","Kultur","Einzel- und Gesamtförderung im Bereich Musik","1010",273000,1,2023
"Kultur und Wissenschaft","Kultur","Einzel- und Gesamtförderung im Bereich Darstellende Kunst","1120",250000,1,2023
"Kultur und Wissenschaft","Kultur","Einzel- und Gesamtförderung im Bereich Darstellende Kunst","1120",1100000,1,2023
"Kultur und Wissenschaft","Kultur","Einzel- und Gesamtförderung im Bereich Darstellende Kunst","1120",3e+05,1,2023
"Kultur und Wissenschaft","Kultur","Einzel- und Gesamtförderung im Bereich Darstellende Kunst","1070",57000,1,2023
"Kultur und Wissenschaft","Kultur","Einzel- und Gesamtförderung im Bereich Darstellende Kunst","1010",1e+05,1,2023
"Kultur und Wissenschaft","Kultur","Einzel- und Gesamtförderung im Bereich Darstellende Kunst","1010",7e+05,1,2023
"Kultur und Wissenschaft","Kultur","Einzel- und Gesamtförderung im Bereich Wissenschaft und Forschung","1050",5000,1,2023
"Kultur und Wissenschaft","Kultur","Einzel- und Gesamtförderung im Bereich Kulturinitiativen","1150",2060000,1,2023
"Kultur und Wissenschaft","Kultur","Einzel- und Gesamtförderung im Bereich Kulturinitiativen","1150",1e+05,1,2023
"Kultur und Wissenschaft","Kultur","Einzel- und Gesamtförderung im Bereich Wissenschaft und Forschung","1020",5000,1,2023
"Kultur und Wissenschaft","Kultur","Einzel- und Gesamtförderung im Bereich Musik","1030",5e+05,1,2023
"Kultur und Wissenschaft","Kultur","Einzel- und Gesamtförderung im Bereich Musik","1030",1500000,1,2023
"Kultur und Wissenschaft","Kultur","Buchprämie - Aktion ""Wiener AutorInnen in Wiener Verlagen""","1160",2500,1,2023
"Kultur und Wissenschaft","Kultur","Bau- und Investitonskostenzuschuss","1010",160000,1,2023
"Kultur und Wissenschaft","Kultur","Einzel- und Gesamtförderung im Bereich Wissenschaft und Forschung","1010",5000,1,2023
"Kultur und Wissenschaft","Kultur","Einzel- und Gesamtförderung im Bereich Musik","1100",5500,1,2023
"Kultur und Wissenschaft","Kultur","Würdigungspreise der Stadt Wien","69115",2000,1,2023
"Kultur und Wissenschaft","Kultur","Würdigungspreise der Stadt Wien","2500",2000,1,2023
"Kultur und Wissenschaft","Kultur","Würdigungspreise der Stadt Wien","1050",2000,1,2023
"Kultur und Wissenschaft","Kultur","Würdigungspreise der Stadt Wien","1040",2000,1,2023
"Kultur und Wissenschaft","Kultur","Würdigungspreise der Stadt Wien","3013",2000,1,2023
"Kultur und Wissenschaft","Kultur","Würdigungspreise der Stadt Wien","10179",2000,1,2023
"Kultur und Wissenschaft","Kultur","Würdigungspreise der Stadt Wien","1010",3000,1,2023
"Kultur und Wissenschaft","Kultur","Einzel- und Gesamtförderung im Bereich Darstellende Kunst","1080",80000,1,2023
"Kultur und Wissenschaft","Kultur","Einzel- und Gesamtförderung im Bereich Darstellende Kunst","1080",640000,1,2023
"Kultur und Wissenschaft","Kultur","Einzel- und Gesamtförderung im Bereich Darstellende Kunst","1090",35000,1,2023
"Kultur und Wissenschaft","Kultur","Einzel- und Gesamtförderung im Bereich Darstellende Kunst","1070",1e+05,1,2023
"Kultur und Wissenschaft","Kultur","Einzel- und Gesamtförderung im Bereich Darstellende Kunst","1070",10000,1,2023
"Kultur und Wissenschaft","Kultur","Einzel- und Gesamtförderung im Bereich Bildende Kunst und Medienkunst","1010",1e+05,1,2023
"Kultur und Wissenschaft","Kultur","Einzel- und Gesamtförderung im Bereich Bildende Kunst und Medienkunst","1010",4e+05,1,2023
"Kultur und Wissenschaft","Kultur","Wiener Altstadterhaltungsfonds","1010",404968.94,1,2023
"Kultur und Wissenschaft","Kultur","Kunstankauf","1020",4000,1,2023
"Kultur und Wissenschaft","Kultur","Arbeitsstipendium Dramatik","1150",18000,1,2023
"Kultur und Wissenschaft","Kultur","Einzel- und Gesamtförderung im Bereich Kulturinitiativen","1010",3000,1,2023
"Kultur und Wissenschaft","Kultur","Kunstankauf","1020",8700,1,2023
"Kultur und Wissenschaft","Kultur","Einzel- und Gesamtförderung im Bereich Film, Mode und Design","1050",5000,1,2023
"Kultur und Wissenschaft","Kultur","Arbeitsstipendium Literatur","1030",18000,1,2023
"Kultur und Wissenschaft","Kultur","Einzel- und Gesamtförderung im Bereich Wissenschaft und Forschung","1090",35000,1,2023
"Kultur und Wissenschaft","Kultur","Einzel- und Gesamtförderung im Bereich Wissenschaft und Forschung","1090",350000,1,2023
"Kultur und Wissenschaft","Kultur","Einzel- und Gesamtförderung im Bereich Film, Mode und Design","1030",250000,1,2023
"Kultur und Wissenschaft","Kultur","Einzel- und Gesamtförderung im Bereich Musik","1230",1e+05,1,2023
"Kultur und Wissenschaft","Kultur","Einzel- und Gesamtförderung im Bereich Musik","1170",4500,1,2023
"Kultur und Wissenschaft","Kultur","Einzel- und Gesamtförderung im Bereich Kulturinitiativen","1100",4000,1,2023
"Kultur und Wissenschaft","Kultur","Kunstankauf","1040",12700,1,2023
"Kultur und Wissenschaft","Kultur","Einzel- und Gesamtförderung im Bereich Bildende Kunst und Medienkunst","1070",4e+05,1,2023
"Kultur und Wissenschaft","Kultur","Einzel- und Gesamtförderung im Bereich Bildende Kunst und Medienkunst","1070",4200000,1,2023
"Kultur und Wissenschaft","Kultur","Würdigungspreise der Stadt Wien","1100",10000,1,2023
"Kultur und Wissenschaft","Kultur","Würdigungspreise der Stadt Wien","1140",10000,1,2023
"Kultur und Wissenschaft","Kultur","Würdigungspreise der Stadt Wien","1060",10000,1,2023
"Kultur und Wissenschaft","Kultur","Würdigungspreise der Stadt Wien","1060",10000,1,2023
"Kultur und Wissenschaft","Kultur","Würdigungspreise der Stadt Wien","1130",10000,1,2023
"Kultur und Wissenschaft","Kultur","Würdigungspreise der Stadt Wien","1180",10000,1,2023
"Kultur und Wissenschaft","Kultur","Würdigungspreise der Stadt Wien","3400",10000,1,2023
"Kultur und Wissenschaft","Kultur","Würdigungspreise der Stadt Wien","1020",10000,1,2023
"Kultur und Wissenschaft","Kultur","Würdigungspreise der Stadt Wien","1040",10000,1,2023
"Kultur und Wissenschaft","Kultur","Kunstankauf","1120",5700,1,2023
"Kultur und Wissenschaft","Kultur","Kunstankauf","1020",6000,1,2023
"Kultur und Wissenschaft","Kultur","Kunstankauf","1160",3800,1,2023
"Kultur und Wissenschaft","Kultur","Kunstankauf","1020",4600,1,2023
"Kultur und Wissenschaft","Kultur","Arbeitsstipendium Darstellende Kunst - Theater","1170",18000,1,2023
"Kultur und Wissenschaft","Kultur","Kunstankauf","1120",2800,1,2023
"Kultur und Wissenschaft","Kultur","Kunstankauf","1050",4500,1,2023
"Kultur und Wissenschaft","Kultur","Einzel- und Gesamtförderung im Bereich Film, Mode und Design","1020",5000,1,2023
"Kultur und Wissenschaft","Kultur","Einzel- und Gesamtförderung im Bereich Wissenschaft und Forschung","1080",50000,1,2023
"Kultur und Wissenschaft","Kultur","Einzel- und Gesamtförderung im Bereich Wissenschaft und Forschung","1080",5e+05,1,2023
"Kultur und Wissenschaft","Kultur","Einzel- und Gesamtförderung im Bereich Film, Mode und Design","1070",5000,1,2023
"Kultur und Wissenschaft","Kultur","Kunstankauf","1150",8000,1,2023
"Kultur und Wissenschaft","Kultur","Einzel- und Gesamtförderung im Bereich Darstellende Kunst","1040",30000,1,2023
"Kultur und Wissenschaft","Kultur","Kunstankauf","1020",20000,1,2023
"Kultur und Wissenschaft","Kultur","Einzel- und Gesamtförderung im Bereich Musik","1070",26000,1,2023
"Kultur und Wissenschaft","Kultur","Einzel- und Gesamtförderung im Bereich Musik","1070",4000,1,2023
"Kultur und Wissenschaft","Kultur","Einzel- und Gesamtförderung im Bereich Film, Mode und Design","1150",5000,1,2023
"Kultur und Wissenschaft","Kultur","Einzel- und Gesamtförderung im Bereich Film, Mode und Design","1180",5000,1,2023
"Kultur und Wissenschaft","Kultur","Einzel- und Gesamtförderung im Bereich Kulturinitiativen","1070",3000,1,2023
"Kultur und Wissenschaft","Kultur","Einzel- und Gesamtförderung im Bereich Kulturinitiativen","1140",5000,1,2023
"Kultur und Wissenschaft","Kultur","Einzel- und Gesamtförderung im Bereich Film, Mode und Design","1070",4e+05,1,2023
"Kultur und Wissenschaft","Kultur","Einzel- und Gesamtförderung im Bereich Film, Mode und Design","1180",1000,1,2023
"Kultur und Wissenschaft","Kultur","Einzel- und Gesamtförderung im Bereich Film, Mode und Design","1150",1000,1,2023
"Kultur und Wissenschaft","Kultur","Einzel- und Gesamtförderung im Bereich Film, Mode und Design","1050",4000,1,2023
"Kultur und Wissenschaft","Kultur","Arbeitsstipendium Film","1020",18000,1,2023
"Kultur und Wissenschaft","Kultur","Arbeitsstipendium Literatur","1140",18000,1,2023
"Kultur und Wissenschaft","Kultur","Kunstankauf","1050",9400,1,2023
"Kultur und Wissenschaft","Kultur","Arbeitsstipendium Film","1020",18000,1,2023
"Kultur und Wissenschaft","Kultur","Einzel- und Gesamtförderung im Bereich Film, Mode und Design","1010",1000,1,2023
"Kultur und Wissenschaft","Kultur","Einzel- und Gesamtförderung im Bereich Film, Mode und Design","1040",5000,1,2023
"Kultur und Wissenschaft","Kultur","Einzel- und Gesamtförderung im Bereich Film, Mode und Design","1020",2e+05,1,2023
"Kultur und Wissenschaft","Kultur","Würdigungspreise der Stadt Wien","1230",4000,1,2023
"Kultur und Wissenschaft","Kultur","Kunstankauf","1020",2710,1,2023
"Kultur und Wissenschaft","Kultur","Einzel- und Gesamtförderung im Bereich Film, Mode und Design","1160",1000,1,2023
"Kultur und Wissenschaft","Kultur","Kunstankauf","1060",7345,1,2023
"Kultur und Wissenschaft","Kultur","Arbeitsstipendium Darstellende Kunst - Performance","1170",18000,1,2023
"Kultur und Wissenschaft","Kultur","Würdigungspreise der Stadt Wien","1200",4000,1,2023
"Kultur und Wissenschaft","Kultur","Einzel- und Gesamtförderung im Bereich Bildende Kunst und Medienkunst","1020",10000,1,2023
"Kultur und Wissenschaft","Kultur","Einzel- und Gesamtförderung im Bereich Bildende Kunst und Medienkunst","1040",10000,1,2023
"Kultur und Wissenschaft","Kultur","Arbeitsstipendium Darstellende Kunst - Theater","1080",18000,1,2023
"Kultur und Wissenschaft","Kultur","Einzel- und Gesamtförderung im Bereich Bildende Kunst und Medienkunst","1060",10000,1,2023
"Kultur und Wissenschaft","Kultur","Einzel- und Gesamtförderung im Bereich Film, Mode und Design","1070",1e+05,1,2023
"Kultur und Wissenschaft","Kultur","Einzel- und Gesamtförderung im Bereich Bildende Kunst und Medienkunst","1170",10000,1,2023
"Kultur und Wissenschaft","Kultur","Einzel- und Gesamtförderung im Bereich Bildende Kunst und Medienkunst","1040",10000,1,2023
"Kultur und Wissenschaft","Kultur","Würdigungspreise der Stadt Wien","1230",4000,1,2023
"Kultur und Wissenschaft","Kultur","Kunstankauf","1050",1500,1,2023
"Kultur und Wissenschaft","Kultur","Kunstankauf","1050",7510,1,2023
"Kultur und Wissenschaft","Kultur","Arbeitsstipendium Literatur","1150",18000,1,2023
"Kultur und Wissenschaft","Kultur","Arbeitsstipendium Literatur","1040",18000,1,2023
"Kultur und Wissenschaft","Kultur","Einzel- und Gesamtförderung im Bereich Film, Mode und Design","1030",3000,1,2023
"Kultur und Wissenschaft","Kultur","Arbeitsstipendium Dramatik","1150",18000,1,2023
"Kultur und Wissenschaft","Kultur","Einzel- und Gesamtförderung im Bereich Bildende Kunst und Medienkunst","1020",10000,1,2023
"Kultur und Wissenschaft","Kultur","Einzel- und Gesamtförderung im Bereich Bildende Kunst und Medienkunst","1050",10000,1,2023
"Kultur und Wissenschaft","Kultur","Kunstankauf","1040",4800,1,2023
"Kultur und Wissenschaft","Kultur","Kunstankauf","1040",7700,1,2023
"Kultur und Wissenschaft","Kultur","Einzel- und Gesamtförderung im Bereich Kulturinitiativen","1150",2500,1,2023
"Kultur und Wissenschaft","Kultur","Kunstankauf","1060",6700,1,2023
"Kultur und Wissenschaft","Kultur","Kunstankauf","1170",3360,1,2023
"Kultur und Wissenschaft","Kultur","Arbeitsstipendium Film","1020",18000,1,2023
"Kultur und Wissenschaft","Kultur","Kunstankauf","1160",4800,1,2023
"Kultur und Wissenschaft","Kultur","Arbeitsstipendium Darstellende Kunst - Performance","1150",18000,1,2023
"Kultur und Wissenschaft","Kultur","Einzel- und Gesamtförderung im Bereich Film, Mode und Design","1180",5000,1,2023
"Kultur und Wissenschaft","Kultur","Einzel- und Gesamtförderung im Bereich Film, Mode und Design","1200",5000,1,2023
"Kultur und Wissenschaft","Kultur","Kunstankauf","1040",13500,1,2023
"Kultur und Wissenschaft","Kultur","Einzel- und Gesamtförderung im Bereich Film, Mode und Design","1200",15000,1,2023
"Kultur und Wissenschaft","Kultur","Einzel- und Gesamtförderung im Bereich Kulturinitiativen","1070",1700,1,2023
"Kultur und Wissenschaft","Kultur","Einzel- und Gesamtförderung im Bereich Bildende Kunst und Medienkunst","1090",10000,1,2023
"Kultur und Wissenschaft","Kultur","Einzel- und Gesamtförderung im Bereich Film, Mode und Design","1050",5000,1,2023
"Kultur und Wissenschaft","Kultur","Einzel- und Gesamtförderung im Bereich Film, Mode und Design","1190",5000,1,2023
"Kultur und Wissenschaft","Kultur","Einzel- und Gesamtförderung im Bereich Film, Mode und Design","1070",4000,1,2023
"Kultur und Wissenschaft","Kultur","Arbeitsstipendium Dramatik","1180",18000,1,2023
"Kultur und Wissenschaft","Kultur","Einzel- und Gesamtförderung im Bereich Film, Mode und Design","1170",9000,1,2023
"Kultur und Wissenschaft","Kultur","Einzel- und Gesamtförderung im Bereich Bildende Kunst und Medienkunst","1040",10000,1,2023
"Kultur und Wissenschaft","Kultur","Arbeitsstipendium Film","1170",18000,1,2023
"Kultur und Wissenschaft","Kultur","Einzel- und Gesamtförderung im Bereich Darstellende Kunst","1070",3200000,1,2023
"Kultur und Wissenschaft","Kultur","Einzel- und Gesamtförderung im Bereich Darstellende Kunst","1070",2e+05,1,2023
"Kultur und Wissenschaft","Kultur","Einzel- und Gesamtförderung im Bereich Darstellende Kunst","1080",1e+05,1,2023
"Kultur und Wissenschaft","Kultur","Einzel- und Gesamtförderung im Bereich Darstellende Kunst","1080",20000,1,2023
"Kultur und Wissenschaft","Kultur","Arbeitsstipendium Darstellende Kunst - Theater","1180",18000,1,2023
"Kultur und Wissenschaft","Kultur","Arbeitsstipendium Komposition","1020",18000,1,2023
"Kultur und Wissenschaft","Kultur","Einzel- und Gesamtförderung im Bereich Bildende Kunst und Medienkunst","1030",360000,1,2023
"Kultur und Wissenschaft","Kultur","Einzel- und Gesamtförderung im Bereich Bildende Kunst und Medienkunst","1030",440000,1,2023
"Kultur und Wissenschaft","Kultur","Arbeitsstipendium Darstellende Kunst - Performance","1160",18000,1,2023
"Kultur und Wissenschaft","Kultur","Arbeitsstipendium Darstellende Kunst - Theater","1150",18000,1,2023
"Kultur und Wissenschaft","Kultur","Arbeitsstipendium Dramatik","1140",18000,1,2023
"Kultur und Wissenschaft","Kultur","Einzel- und Gesamtförderung im Bereich Film, Mode und Design","1020",3000,1,2023
"Kultur und Wissenschaft","Kultur","Einzel- und Gesamtförderung im Bereich Film, Mode und Design","1040",7000,1,2023
"Kultur und Wissenschaft","Kultur","Arbeitsstipendium Darstellende Kunst - Theater","1180",18000,1,2023
"Kultur und Wissenschaft","Kultur","Arbeitsstipendium Film","1040",18000,1,2023
"Kultur und Wissenschaft","Kultur","Kunstankauf","1030",10000,1,2023
"Kultur und Wissenschaft","Kultur","Arbeitsstipendium Literatur","1090",18000,1,2023
"Kultur und Wissenschaft","Kultur","Arbeitsstipendium Darstellende Kunst - Performance","1220",18000,1,2023
"Kultur und Wissenschaft","Kultur","Einzel- und Gesamtförderung im Bereich Film, Mode und Design","1040",8000,1,2023
"Kultur und Wissenschaft","Kultur","Arbeitsstipendium Literatur","1040",18000,1,2023
"Kultur und Wissenschaft","Kultur","Arbeitsstipendium Darstellende Kunst - Performance","1020",18000,1,2023
"Kultur und Wissenschaft","Kultur","Kunstankauf","1090",17500,1,2023
"Kultur und Wissenschaft","Kultur","Kunstankauf","1150",7000,1,2023
"Kultur und Wissenschaft","Kultur","Arbeitsstipendium Darstellende Kunst - Performance","1050",18000,1,2023
"Kultur und Wissenschaft","Kultur","Einzel- und Gesamtförderung im Bereich Kino","1070",5e+05,1,2023
"Kultur und Wissenschaft","Kultur","Kunstankauf","1060",22600,1,2023
"Kultur und Wissenschaft","Kultur","Kunstankauf","1050",11000,1,2023
"Kultur und Wissenschaft","Kultur","Einzel- und Gesamtförderung im Bereich Film, Mode und Design","1070",11000,1,2023
"Kultur und Wissenschaft","Kultur","Arbeitsstipendium Bildende Kunst und Medienkunst","1150",18000,1,2023
"Kultur und Wissenschaft","Kultur","Einzel- und Gesamtförderung im Bereich Film, Mode und Design","1130",7000,1,2023
"Kultur und Wissenschaft","Kultur","Kunstankauf","1070",16000,1,2023
"Kultur und Wissenschaft","Kultur","Kunstankauf","1050",6200,1,2023
"Kultur und Wissenschaft","Kultur","Arbeitsstipendium Dramatik","1150",18000,1,2023
"Kultur und Wissenschaft","Kultur","Einzel- und Gesamtförderung im Bereich Film, Mode und Design","1010",875000,1,2023
"Kultur und Wissenschaft","Kultur","Arbeitsstipendium Darstellende Kunst - Theater","1220",18000,1,2023
"Kultur und Wissenschaft","Kultur","Einzel- und Gesamtförderung im Bereich Film, Mode und Design","1020",2000,1,2023
"Kultur und Wissenschaft","Kultur","Arbeitsstipendium Darstellende Kunst - Theater","1060",18000,1,2023
"Kultur und Wissenschaft","Kultur","Einzel- und Gesamtförderung im Bereich Wissenschaft und Forschung","1040",5000,1,2023
"Kultur und Wissenschaft","Kultur","Arbeitsstipendium Film","1040",18000,1,2023
"Kultur und Wissenschaft","Kultur","Arbeitsstipendium Darstellende Kunst - Performance","1150",18000,1,2023
"Kultur und Wissenschaft","Kultur","Arbeitsstipendium Literatur","1180",18000,1,2023
"Kultur und Wissenschaft","Kultur","Arbeitsstipendium Dramatik","1050",18000,1,2023
"Kultur und Wissenschaft","Kultur","Arbeitsstipendium Film","1150",18000,1,2023
"Kultur und Wissenschaft","Kultur","Arbeitsstipendium Literatur","1050",18000,1,2023
"Kultur und Wissenschaft","Kultur","Arbeitsstipendium Komposition","1040",18000,1,2023
"Kultur und Wissenschaft","Kultur","Arbeitsstipendium Darstellende Kunst - Performance","1030",18000,1,2023
"Kultur und Wissenschaft","Kultur","Arbeitsstipendium Bildende Kunst und Medienkunst","1200",18000,1,2023
"Kultur und Wissenschaft","Kultur","Arbeitsstipendium Film","1150",18000,1,2023
"Kultur und Wissenschaft","Kultur","Arbeitsstipendium Komposition","1100",18000,1,2023
"Kultur und Wissenschaft","Kultur","Kunstankauf","1150",3500,1,2023
"Kultur und Wissenschaft","Kultur","Arbeitsstipendium Bildende Kunst und Medienkunst","1060",18000,1,2023
"Kultur und Wissenschaft","Kultur","Arbeitsstipendium Film","1050",18000,1,2023
"Kultur und Wissenschaft","Kultur","Arbeitsstipendium Bildende Kunst und Medienkunst","1070",18000,1,2023
"Kultur und Wissenschaft","Kultur","Arbeitsstipendium Komposition","1050",18000,1,2023
"Kultur und Wissenschaft","Kultur","Arbeitsstipendium Darstellende Kunst - Performance","1060",18000,1,2023
"Kultur und Wissenschaft","Kultur","Arbeitsstipendium Bildende Kunst und Medienkunst","1160",18000,1,2023
"Kultur und Wissenschaft","Kultur","Arbeitsstipendium Darstellende Kunst - Theater","1090",18000,1,2023
"Kultur und Wissenschaft","Kultur","Arbeitsstipendium Bildende Kunst und Medienkunst","1030",18000,1,2023
"Kultur und Wissenschaft","Kultur","Arbeitsstipendium Dramatik","1020",18000,1,2023
"Kultur und Wissenschaft","Kultur","Arbeitsstipendium Komposition","1120",18000,1,2023
"Kultur und Wissenschaft","Kultur","Arbeitsstipendium Literatur","1150",18000,1,2023
"Kultur und Wissenschaft","Kultur","Kunstankauf","1150",2100,1,2023
"Kultur und Wissenschaft","Kultur","Kunstankauf","1030",13000,1,2023
"Kultur und Wissenschaft","Kultur","Arbeitsstipendium Bildende Kunst und Medienkunst","1020",18000,1,2023
"Kultur und Wissenschaft","Kultur","Arbeitsstipendium Dramatik","1060",18000,1,2023
"Kultur und Wissenschaft","Kultur","Arbeitsstipendium Dramatik","1040",18000,1,2023
"Kultur und Wissenschaft","Kultur","Arbeitsstipendium Dramatik","1140",18000,1,2023
"Kultur und Wissenschaft","Kultur","Arbeitsstipendium Bildende Kunst und Medienkunst","1140",18000,1,2023
"Kultur und Wissenschaft","Kultur","Einzel- und Gesamtförderung im Bereich Film, Mode und Design","1070",240000,1,2023
"Kultur und Wissenschaft","Kultur","Einzel- und Gesamtförderung im Bereich Film, Mode und Design","1070",120000,1,2023
"Kultur und Wissenschaft","Kultur","Arbeitsstipendium Film","1020",18000,1,2023
"Kultur und Wissenschaft","Kultur","Arbeitsstipendium Bildende Kunst und Medienkunst","1060",18000,1,2023
"Kultur und Wissenschaft","Kultur","Arbeitsstipendium Komposition","1030",18000,1,2023
"Kultur und Wissenschaft","Kultur","Arbeitsstipendium Film","1070",18000,1,2023
"Kultur und Wissenschaft","Kultur","Arbeitsstipendium Komposition","1180",18000,1,2023
"Kultur und Wissenschaft","Kultur","Arbeitsstipendium Literatur","1030",18000,1,2023
"Kultur und Wissenschaft","Kultur","Arbeitsstipendium Darstellende Kunst - Theater","1210",18000,1,2023
"Kultur und Wissenschaft","Kultur","Arbeitsstipendium Darstellende Kunst - Theater","1090",18000,1,2023
"Kultur und Wissenschaft","Kultur","Arbeitsstipendium Bildende Kunst und Medienkunst","1150",18000,1,2023
"Kultur und Wissenschaft","Kultur","Arbeitsstipendium Komposition","1180",18000,1,2023
"Kultur und Wissenschaft","Kultur","Arbeitsstipendium Bildende Kunst und Medienkunst","1220",18000,1,2023
"Kultur und Wissenschaft","Kultur","Einzel- und Gesamtförderung im Bereich Film, Mode und Design","1040",20000,1,2023
"Kultur und Wissenschaft","Kultur","Arbeitsstipendium Dramatik","1160",18000,1,2023
"Kultur und Wissenschaft","Kultur","Arbeitsstipendium Komposition","1080",18000,1,2023
"Kultur und Wissenschaft","Kultur","Arbeitsstipendium Komposition","1200",18000,1,2023
"Kultur und Wissenschaft","Kultur","Arbeitsstipendium Film","1010",18000,1,2023
"Kultur und Wissenschaft","Kultur","Arbeitsstipendium Komposition","1150",18000,1,2023
"Kultur und Wissenschaft","Kultur","Arbeitsstipendium Darstellende Kunst - Theater","1170",18000,1,2023
"Kultur und Wissenschaft","Kultur","Arbeitsstipendium Bildende Kunst und Medienkunst","1230",18000,1,2023
"Kultur und Wissenschaft","Kultur","Würdigungspreise der Stadt Wien","1090",10000,1,2023
"Kultur und Wissenschaft","Kultur","Arbeitsstipendium Komposition","1190",18000,1,2023
"Kultur und Wissenschaft","Kultur","Einzel- und Gesamtförderung im Bereich Film, Mode und Design","1060",18000,1,2023
"Kultur und Wissenschaft","Kultur","Arbeitsstipendium Darstellende Kunst - Theater","1080",18000,1,2023
"Kultur und Wissenschaft","Kultur","Arbeitsstipendium Literatur","1050",18000,1,2023
"Kultur und Wissenschaft","Kultur","Arbeitsstipendium Literatur","1160",18000,1,2023
"Kultur und Wissenschaft","Kultur","Arbeitsstipendium Darstellende Kunst - Performance","1030",18000,1,2023
"Kultur und Wissenschaft","Kultur","Arbeitsstipendium Darstellende Kunst - Performance","1160",18000,1,2023
"Kultur und Wissenschaft","Kultur","Kunstankauf","1050",6000,1,2023
"Kultur und Wissenschaft","Kultur","Arbeitsstipendium Dramatik","1070",18000,1,2023
"Kultur und Wissenschaft","Kultur","Arbeitsstipendium Darstellende Kunst - Performance","1200",18000,1,2023
"Kultur und Wissenschaft","Kultur","Kunstankauf","1150",4500,1,2023
"Kultur und Wissenschaft","Kultur","Einzel- und Gesamtförderung im Bereich Film, Mode und Design","1090",10000,1,2023
"Kultur und Wissenschaft","Kultur","Einzel- und Gesamtförderung im Bereich Wissenschaft und Forschung","1010",4000,1,2023
"Kultur und Wissenschaft","Kultur","Kunstankauf","1040",30000,1,2023
"Kultur und Wissenschaft","Kultur","Kunstankauf","1080",4800,1,2023
"Kultur und Wissenschaft","Kultur","Kunstankauf","1020",10800,1,2023
"Kultur und Wissenschaft","Kultur","Einzel- und Gesamtförderung im Bereich Film, Mode und Design","1070",3000,1,2023
"Kultur und Wissenschaft","Kultur","Einzel- und Gesamtförderung im Bereich Film, Mode und Design","1060",1000,1,2023
"Kultur und Wissenschaft","Kultur","Kunstankauf","1120",3300,1,2023
"Kultur und Wissenschaft","Kultur","Einzel- und Gesamtförderung im Bereich Film, Mode und Design","1050",7000,1,2023
"Kultur und Wissenschaft","Kultur","Einzel- und Gesamtförderung im Bereich Film, Mode und Design","1150",4000,1,2023
"Kultur und Wissenschaft","Kultur","Einzel- und Gesamtförderung im Bereich Film, Mode und Design","1030",5000,1,2023
"Kultur und Wissenschaft","Kultur","Einzel- und Gesamtförderung im Bereich Film, Mode und Design","1150",5000,1,2023
"Kultur und Wissenschaft","Kultur","Wiener Altstadterhaltungsfonds","1070",165272.13,1,2023
"Kultur und Wissenschaft","Kultur","Einzel- und Gesamtförderung im Bereich Film, Mode und Design","1130",5000,1,2023
"Kultur und Wissenschaft","Kultur","Einzel- und Gesamtförderung im Bereich Film, Mode und Design","1020",3000,1,2023
"Kultur und Wissenschaft","Kultur","Einzel- und Gesamtförderung im Bereich Film, Mode und Design","1080",4000,1,2023
"Kultur und Wissenschaft","Kultur","Einzel- und Gesamtförderung im Bereich Film, Mode und Design","1180",10000,1,2023
"Kultur und Wissenschaft","Kultur","Einzel- und Gesamtförderung im Bereich Film, Mode und Design","1060",10000,1,2023
"Kultur und Wissenschaft","Kultur","Kunstankauf","1020",6200,1,2023
"Kultur und Wissenschaft","Kultur","Einzel- und Gesamtförderung im Bereich Film, Mode und Design","1190",4000,1,2023
"Kultur und Wissenschaft","Kultur","Einzel- und Gesamtförderung im Bereich Film, Mode und Design","1200",4000,1,2023
"Kultur und Wissenschaft","Kultur","Einzel- und Gesamtförderung im Bereich Film, Mode und Design","1030",35000,1,2023
"Kultur und Wissenschaft","Kultur","Kunstankauf","1020",5600,1,2023
"Kultur und Wissenschaft","Kultur","Einzel- und Gesamtförderung im Bereich Film, Mode und Design","1160",1000,1,2023
"Kultur und Wissenschaft","Kultur","Einzel- und Gesamtförderung im Bereich Film, Mode und Design","1020",4000,1,2023
"Kultur und Wissenschaft","Kultur","Bau- und Investitonskostenzuschuss","1090",38000,1,2023
"Kultur und Wissenschaft","Kultur","Einzel- und Gesamtförderung im Bereich Film, Mode und Design","1100",13000,1,2023
"Kultur und Wissenschaft","Kultur","Einzel- und Gesamtförderung im Bereich Kulturinitiativen","1040",4000,1,2023
"Kultur und Wissenschaft","Kultur","Einzel- und Gesamtförderung im Bereich Kulturinitiativen","1130",3000,1,2023
"Kultur und Wissenschaft","Kultur","Einzel- und Gesamtförderung im Bereich Wissenschaft und Forschung","1100",4500,1,2023
"Kultur und Wissenschaft","Kultur","Einzel- und Gesamtförderung im Bereich Bildende Kunst und Medienkunst","1010",2000,1,2023
"Kultur und Wissenschaft","Kultur","Einzel- und Gesamtförderung im Bereich Film, Mode und Design","1100",15000,1,2023
"Kultur und Wissenschaft","Kultur","Bau- und Investitonskostenzuschuss","1180",6000,1,2023
"Kultur und Wissenschaft","Kultur","Wissenschaftsstipendium","1150",4500,1,2023
"Kultur und Wissenschaft","Kultur","Einzel- und Gesamtförderung im Bereich Wissenschaft und Forschung","1030",3000,1,2023
"Kultur und Wissenschaft","Kultur","Einzel- und Gesamtförderung im Bereich Wissenschaft und Forschung","1090",40000,1,2023
"Kultur und Wissenschaft","Kultur","Elias-Canetti-Stipendium","1160",18000,1,2023
"Kultur und Wissenschaft","Kultur","Einzel- und Gesamtförderung im Bereich Kulturinitiativen","1110",450000,1,2023
"Kultur und Wissenschaft","Kultur","Einzel- und Gesamtförderung im Bereich Musik","1040",150000,1,2023
"Kultur und Wissenschaft","Kultur","Einzel- und Gesamtförderung im Bereich Musik","1040",20000,1,2023
"Kultur und Wissenschaft","Kultur","Einzel- und Gesamtförderung im Bereich Darstellende Kunst","1070",1e+06,1,2023
"Kultur und Wissenschaft","Kultur","Einzel- und Gesamtförderung im Bereich Wissenschaft und Forschung","1020",10000,1,2023
"Kultur und Wissenschaft","Kultur","Kompositionsförderung","1200",2000,1,2023
"Kultur und Wissenschaft","Kultur","Einzel- und Gesamtförderung im Bereich Wissenschaft und Forschung","1010",5000,1,2023
"Kultur und Wissenschaft","Kultur","Druckkostenzuschuss","1010",2000,1,2023
"Kultur und Wissenschaft","Kultur","Einzel- und Gesamtförderung im Bereich Kulturinitiativen","1150",1500000,1,2023
"Kultur und Wissenschaft","Kultur","Elias-Canetti-Stipendium","1200",18000,1,2023
"Kultur und Wissenschaft","Kultur","Einzel- und Gesamtförderung im Bereich Kulturinitiativen","1210",4900,1,2023
"Kultur und Wissenschaft","Kultur","Einzel- und Gesamtförderung im Bereich Wissenschaft und Forschung","1090",4000,1,2023
"Kultur und Wissenschaft","Kultur","Einzel- und Gesamtförderung im Bereich Filmfestival und Sommerkinos","1020",60000,1,2023
"Kultur und Wissenschaft","Kultur","Elias-Canetti-Stipendium","1030",18000,1,2023
"Kultur und Wissenschaft","Kultur","Druckkostenzuschuss","1090",1000,1,2023
"Kultur und Wissenschaft","Kultur","Druckkostenzuschuss","1080",1600,1,2023
"Kultur und Wissenschaft","Kultur","Einzel- und Gesamtförderung im Bereich Darstellende Kunst","1180",30000,1,2023
"Kultur und Wissenschaft","Kultur","Einzel- und Gesamtförderung im Bereich Darstellende Kunst","1140",8000,1,2023
"Kultur und Wissenschaft","Kultur","Elias-Canetti-Stipendium","1020",18000,1,2023
"Kultur und Wissenschaft","Kultur","Einzel- und Gesamtförderung im Bereich Filmfestival und Sommerkinos","1020",25000,1,2023
"Kultur und Wissenschaft","Kultur","Einzel- und Gesamtförderung im Bereich Darstellende Kunst","1060",10700000,1,2023
"Kultur und Wissenschaft","Kultur","Einzel- und Gesamtförderung im Bereich Darstellende Kunst","1060",1e+06,1,2023
"Kultur und Wissenschaft","Kultur","Einzel- und Gesamtförderung im Bereich Wissenschaft und Forschung","1160",17000,1,2023
"Kultur und Wissenschaft","Kultur","Einzel- und Gesamtförderung im Bereich Darstellende Kunst","1040",1e+05,1,2023
"Kultur und Wissenschaft","Kultur","Einzel- und Gesamtförderung im Bereich Darstellende Kunst","1040",20000,1,2023
"Kultur und Wissenschaft","Kultur","Kompositionsförderung","1100",1000,1,2023
"Kultur und Wissenschaft","Kultur","Einzel- und Gesamtförderung im Bereich Darstellende Kunst","1020",9500,1,2023
"Kultur und Wissenschaft","Kultur","Wissenschaftsstipendium","1050",5000,1,2023
"Kultur und Wissenschaft","Kultur","Einzel- und Gesamtförderung im Bereich Filmfestival und Sommerkinos","1180",5000,1,2023
"Kultur und Wissenschaft","Kultur","Einzel- und Gesamtförderung im Bereich Filmfestival und Sommerkinos","1030",5000,1,2023
"Kultur und Wissenschaft","Kultur","Kompositionsförderung","1200",2000,1,2023
"Kultur und Wissenschaft","Kultur","Einzel- und Gesamtförderung im Bereich Darstellende Kunst","1050",10000,1,2023
"Kultur und Wissenschaft","Kultur","Einzel- und Gesamtförderung im Bereich Darstellende Kunst","1150",15000,1,2023
"Kultur und Wissenschaft","Kultur","Einzel- und Gesamtförderung im Bereich Darstellende Kunst","1070",30000,1,2023
"Kultur und Wissenschaft","Kultur","Einzel- und Gesamtförderung im Bereich Filmfestival und Sommerkinos","1010",15000,1,2023
"Kultur und Wissenschaft","Kultur","Einzel- und Gesamtförderung im Bereich Kulturinitiativen","1020",3500,1,2023
"Kultur und Wissenschaft","Kultur","Einzel- und Gesamtförderung im Bereich Kulturinitiativen","1070",8000,1,2023
"Kultur und Wissenschaft","Kultur","Einzel- und Gesamtförderung im Bereich Darstellende Kunst","1150",12000,1,2023
"Kultur und Wissenschaft","Kultur","Einzel- und Gesamtförderung im Bereich Darstellende Kunst","1080",11000,1,2023
"Kultur und Wissenschaft","Kultur","Einzel- und Gesamtförderung im Bereich Darstellende Kunst","1150",36000,1,2023
"Kultur und Wissenschaft","Kultur","Einzel- und Gesamtförderung im Bereich Darstellende Kunst","1140",45000,1,2023
"Kultur und Wissenschaft","Kultur","Einzel- und Gesamtförderung im Bereich Filmfestival und Sommerkinos","1140",90000,1,2023
"Kultur und Wissenschaft","Kultur","Einzel- und Gesamtförderung im Bereich Darstellende Kunst","1200",20000,1,2023
"Kultur und Wissenschaft","Kultur","Einzel- und Gesamtförderung im Bereich Darstellende Kunst","1090",50000,1,2023
"Kultur und Wissenschaft","Kultur","Einzel- und Gesamtförderung im Bereich Darstellende Kunst","1090",22000,1,2023
"Kultur und Wissenschaft","Kultur","Einzel- und Gesamtförderung im Bereich Darstellende Kunst","1150",26000,1,2023
"Kultur und Wissenschaft","Kultur","Einzel- und Gesamtförderung im Bereich Darstellende Kunst","1080",34000,1,2023
"Kultur und Wissenschaft","Kultur","Einzel- und Gesamtförderung im Bereich Darstellende Kunst","1070",50000,1,2023
"Kultur und Wissenschaft","Kultur","Einzel- und Gesamtförderung im Bereich Darstellende Kunst","1150",8000,1,2023
"Kultur und Wissenschaft","Kultur","Einzel- und Gesamtförderung im Bereich Darstellende Kunst","1220",8000,1,2023
"Kultur und Wissenschaft","Kultur","Einzel- und Gesamtförderung im Bereich Darstellende Kunst","1040",36000,1,2023
"Kultur und Wissenschaft","Kultur","Einzel- und Gesamtförderung im Bereich Darstellende Kunst","1070",30000,1,2023
"Kultur und Wissenschaft","Kultur","Einzel- und Gesamtförderung im Bereich Darstellende Kunst","1100",35000,1,2023
"Kultur und Wissenschaft","Kultur","Einzel- und Gesamtförderung im Bereich Filmfestival und Sommerkinos","1070",150000,1,2023
"Kultur und Wissenschaft","Kultur","Einzel- und Gesamtförderung im Bereich Darstellende Kunst","1070",90000,1,2023
"Kultur und Wissenschaft","Kultur","Einzel- und Gesamtförderung im Bereich Darstellende Kunst","1070",20000,1,2023
"Kultur und Wissenschaft","Kultur","Einzel- und Gesamtförderung im Bereich Kulturinitiativen","1100",10000,1,2023
"Kultur und Wissenschaft","Kultur","Einzel- und Gesamtförderung im Bereich Darstellende Kunst","1070",40000,1,2023
"Kultur und Wissenschaft","Kultur","Einzel- und Gesamtförderung im Bereich Darstellende Kunst","1060",32000,1,2023
"Kultur und Wissenschaft","Kultur","Einzel- und Gesamtförderung im Bereich Darstellende Kunst","1170",9000,1,2023
"Kultur und Wissenschaft","Kultur","Einzel- und Gesamtförderung im Bereich Darstellende Kunst","1020",8e+05,1,2023
"Kultur und Wissenschaft","Kultur","Einzel- und Gesamtförderung im Bereich Darstellende Kunst","1020",1e+05,1,2023
"Kultur und Wissenschaft","Kultur","Einzel- und Gesamtförderung im Bereich Darstellende Kunst","1210",5000,1,2023
"Kultur und Wissenschaft","Kultur","Einzel- und Gesamtförderung im Bereich Darstellende Kunst","1020",55000,1,2023
"Kultur und Wissenschaft","Kultur","Einzel- und Gesamtförderung im Bereich Filmfestival und Sommerkinos","1080",30000,1,2023
"Kultur und Wissenschaft","Kultur","Einzel- und Gesamtförderung im Bereich Darstellende Kunst","1060",9000,1,2023
"Kultur und Wissenschaft","Kultur","Einzel- und Gesamtförderung im Bereich Filmfestival und Sommerkinos","1070",70000,1,2023
"Kultur und Wissenschaft","Kultur","Einzel- und Gesamtförderung im Bereich Film, Mode und Design","1080",26000,1,2023
"Kultur und Wissenschaft","Kultur","Einzel- und Gesamtförderung im Bereich Darstellende Kunst","1060",8000,1,2023
"Kultur und Wissenschaft","Kultur","Einzel- und Gesamtförderung im Bereich Darstellende Kunst","1220",50000,1,2023
"Kultur und Wissenschaft","Kultur","Einzel- und Gesamtförderung im Bereich Filmfestival und Sommerkinos","1230",19000,1,2023
"Kultur und Wissenschaft","Kultur","Einzel- und Gesamtförderung im Bereich Darstellende Kunst","1050",10000,1,2023
"Kultur und Wissenschaft","Kultur","Einzel- und Gesamtförderung im Bereich Filmfestival und Sommerkinos","1160",1e+05,1,2023
"Kultur und Wissenschaft","Kultur","Einzel- und Gesamtförderung im Bereich Darstellende Kunst","1020",17000,1,2023
"Kultur und Wissenschaft","Kultur","Einzel- und Gesamtförderung im Bereich Filmfestival und Sommerkinos","1030",50000,1,2023
"Kultur und Wissenschaft","Kultur","Einzel- und Gesamtförderung im Bereich Darstellende Kunst","1200",41000,1,2023
"Kultur und Wissenschaft","Kultur","Einzel- und Gesamtförderung im Bereich Darstellende Kunst","1020",48000,1,2023
"Kultur und Wissenschaft","Kultur","Einzel- und Gesamtförderung im Bereich Darstellende Kunst","1030",4500,1,2023
"Kultur und Wissenschaft","Kultur","Einzel- und Gesamtförderung im Bereich Darstellende Kunst","1020",36000,1,2023
"Kultur und Wissenschaft","Kultur","Einzel- und Gesamtförderung im Bereich Darstellende Kunst","1060",55000,1,2023
"Kultur und Wissenschaft","Kultur","Einzel- und Gesamtförderung im Bereich Darstellende Kunst","9020",48000,1,2023
"Kultur und Wissenschaft","Kultur","Einzel- und Gesamtförderung im Bereich Kulturinitiativen","1070",5000,1,2023
"Kultur und Wissenschaft","Kultur","Einzel- und Gesamtförderung im Bereich Darstellende Kunst","1050",45000,1,2023
"Kultur und Wissenschaft","Kultur","Einzel- und Gesamtförderung im Bereich Darstellende Kunst","1060",39597.62,1,2023
"Kultur und Wissenschaft","Kultur","Einzel- und Gesamtförderung im Bereich Darstellende Kunst","1060",30402.38,1,2023
"Kultur und Wissenschaft","Kultur","Einzel- und Gesamtförderung im Bereich Darstellende Kunst","1180",60000,1,2023
"Kultur und Wissenschaft","Kultur","Einzel- und Gesamtförderung im Bereich Darstellende Kunst","1180",5000,1,2023
"Kultur und Wissenschaft","Kultur","Einzel- und Gesamtförderung im Bereich Kulturinitiativen","1190",117000,1,2023
"Kultur und Wissenschaft","Kultur","Einzel- und Gesamtförderung im Bereich Kulturinitiativen","1020",8000,1,2023
"Kultur und Wissenschaft","Kultur","Einzel- und Gesamtförderung im Bereich Kulturinitiativen","1070",7000,1,2023
"Kultur und Wissenschaft","Kultur","Einzel- und Gesamtförderung im Bereich Kulturinitiativen","1010",120000,1,2023
"Kultur und Wissenschaft","Kultur","Einzel- und Gesamtförderung im Bereich Kulturinitiativen","1010",30000,1,2023
"Kultur und Wissenschaft","Kultur","Einzel- und Gesamtförderung im Bereich Musik","1030",7500,1,2023
"Kultur und Wissenschaft","Kultur","Einzel- und Gesamtförderung im Bereich Kulturinitiativen","1220",2500,1,2023
"Kultur und Wissenschaft","Kultur","Einzel- und Gesamtförderung im Bereich Kulturinitiativen","1030",12000,1,2023
"Kultur und Wissenschaft","Kultur","Einzel- und Gesamtförderung im Bereich Wissenschaft und Forschung","1020",10000,1,2023
"Kultur und Wissenschaft","Kultur","Einzel- und Gesamtförderung im Bereich Musik","1010",12000,1,2023
"Kultur und Wissenschaft","Kultur","Einzel- und Gesamtförderung im Bereich Kulturinitiativen","1020",3000,1,2023
"Kultur und Wissenschaft","Kultur","Einzel- und Gesamtförderung im Bereich Kulturinitiativen","1170",150000,1,2023
"Kultur und Wissenschaft","Kultur","Einzel- und Gesamtförderung im Bereich Kulturinitiativen","1170",15000,1,2023
"Kultur und Wissenschaft","Kultur","Einzel- und Gesamtförderung im Bereich Musik","1130",4000,1,2023
"Kultur und Wissenschaft","Kultur","Einzel- und Gesamtförderung im Bereich Kulturinitiativen","1200",210000,1,2023
"Kultur und Wissenschaft","Kultur","Einzel- und Gesamtförderung im Bereich Kulturinitiativen","1200",10000,1,2023
"Kultur und Wissenschaft","Kultur","Einzel- und Gesamtförderung im Bereich Kulturinitiativen","1050",18000,1,2023
"Kultur und Wissenschaft","Kultur","Einzel- und Gesamtförderung im Bereich Kulturinitiativen","1050",2000,1,2023
"Kultur und Wissenschaft","Kultur","Einzel- und Gesamtförderung im Bereich Kulturinitiativen","1140",3000,1,2023
"Kultur und Wissenschaft","Kultur","Einzel- und Gesamtförderung im Bereich Kulturinitiativen","1160",5000,1,2023
"Kultur und Wissenschaft","Kultur","Einzel- und Gesamtförderung im Bereich Kulturinitiativen","1030",4e+06,1,2023
"Kultur und Wissenschaft","Kultur","Einzel- und Gesamtförderung im Bereich Musik","1010",3e+06,1,2023
"Kultur und Wissenschaft","Kultur","Einzel- und Gesamtförderung im Bereich Kulturinitiativen","1150",12000,1,2023
"Kultur und Wissenschaft","Kultur","Einzel- und Gesamtförderung im Bereich Kulturinitiativen","1150",2000,1,2023
"Kultur und Wissenschaft","Kultur","Einzel- und Gesamtförderung im Bereich Kulturinitiativen","1100",40000,1,2023
"Kultur und Wissenschaft","Kultur","Einzel- und Gesamtförderung im Bereich Kulturinitiativen","1100",4000,1,2023
"Kultur und Wissenschaft","Kultur","Einzel- und Gesamtförderung im Bereich Kulturinitiativen","1170",22000,1,2023
"Kultur und Wissenschaft","Kultur","Einzel- und Gesamtförderung im Bereich Kulturinitiativen","1170",3000,1,2023
"Kultur und Wissenschaft","Kultur","Einzel- und Gesamtförderung im Bereich Kulturinitiativen","1120",2500,1,2023
"Kultur und Wissenschaft","Kultur","Einzel- und Gesamtförderung im Bereich Kulturinitiativen","1090",2500,1,2023
"Kultur und Wissenschaft","Kultur","Einzel- und Gesamtförderung im Bereich Kulturinitiativen","1030",140000,1,2023
"Kultur und Wissenschaft","Kultur","Druckkostenzuschuss","1150",1000,1,2023
"Kultur und Wissenschaft","Kultur","Einzel- und Gesamtförderung im Bereich Kulturinitiativen","1030",5000,1,2023
"Kultur und Wissenschaft","Kultur","Einzel- und Gesamtförderung im Bereich Kulturinitiativen","1120",2000,1,2023
"Kultur und Wissenschaft","Kultur","Einzel- und Gesamtförderung im Bereich Musik","1090",10000,1,2023
"Kultur und Wissenschaft","Kultur","Einzel- und Gesamtförderung im Bereich Kulturinitiativen","1090",16000,1,2023
"Kultur und Wissenschaft","Kultur","Einzel- und Gesamtförderung im Bereich Kulturinitiativen","1020",5000,1,2023
"Kultur und Wissenschaft","Kultur","Einzel- und Gesamtförderung im Bereich Musik","1140",25000,1,2023
"Kultur und Wissenschaft","Kultur","Einzel- und Gesamtförderung im Bereich Musik","1020",5000,1,2023
"Kultur und Wissenschaft","Kultur","Einzel- und Gesamtförderung im Bereich Kulturinitiativen","1060",2335000,1,2023
"Kultur und Wissenschaft","Kultur","Einzel- und Gesamtförderung im Bereich Kulturinitiativen","1030",5000,1,2023
"Kultur und Wissenschaft","Kultur","Einzel- und Gesamtförderung im Bereich Musik","1140",8000,1,2023
"Kultur und Wissenschaft","Kultur","Einzel- und Gesamtförderung im Bereich Kulturinitiativen","1020",20000,1,2023
"Kultur und Wissenschaft","Kultur","Einzel- und Gesamtförderung im Bereich Kulturinitiativen","1020",3000,1,2023
"Kultur und Wissenschaft","Kultur","Einzel- und Gesamtförderung im Bereich Kulturinitiativen","1230",2e+05,1,2023
"Kultur und Wissenschaft","Kultur","Einzel- und Gesamtförderung im Bereich Kulturinitiativen","1230",20000,1,2023
"Kultur und Wissenschaft","Kultur","Einzel- und Gesamtförderung im Bereich Kulturinitiativen","1160",2e+05,1,2023
"Kultur und Wissenschaft","Kultur","Einzel- und Gesamtförderung im Bereich Kulturinitiativen","1160",40000,1,2023
"Kultur und Wissenschaft","Kultur","Einzel- und Gesamtförderung im Bereich Kulturinitiativen","1030",3000,1,2023
"Kultur und Wissenschaft","Kultur","Einzel- und Gesamtförderung im Bereich Musik","1090",3000,1,2023
"Kultur und Wissenschaft","Kultur","Einzel- und Gesamtförderung im Bereich Kulturinitiativen","1220",7000,1,2023
"Kultur und Wissenschaft","Kultur","Einzel- und Gesamtförderung im Bereich Kulturinitiativen","1090",20000,1,2023
"Kultur und Wissenschaft","Kultur","Einzel- und Gesamtförderung im Bereich Kulturinitiativen","1090",2000,1,2023
"Kultur und Wissenschaft","Kultur","Einzel- und Gesamtförderung im Bereich Kulturinitiativen","1210",50000,1,2023
"Kultur und Wissenschaft","Kultur","Einzel- und Gesamtförderung im Bereich Kulturinitiativen","1210",20000,1,2023
"Kultur und Wissenschaft","Kultur","Einzel- und Gesamtförderung im Bereich Kulturinitiativen","1160",3000,1,2023
"Kultur und Wissenschaft","Kultur","Einzel- und Gesamtförderung im Bereich Kulturinitiativen","1190",5000,1,2023
"Kultur und Wissenschaft","Kultur","Einzel- und Gesamtförderung im Bereich Kulturinitiativen","1150",20000,1,2023
"Kultur und Wissenschaft","Kultur","Einzel- und Gesamtförderung im Bereich Kulturinitiativen","1150",2000,1,2023
"Kultur und Wissenschaft","Kultur","Einzel- und Gesamtförderung im Bereich Kulturinitiativen","1070",7000,1,2023
"Kultur und Wissenschaft","Kultur","Einzel- und Gesamtförderung im Bereich Kulturinitiativen","1070",1500,1,2023
"Kultur und Wissenschaft","Kultur","Einzel- und Gesamtförderung im Bereich Kulturinitiativen","1030",45000,1,2023
"Kultur und Wissenschaft","Kultur","Einzel- und Gesamtförderung im Bereich Kulturinitiativen","1030",10000,1,2023
"Kultur und Wissenschaft","Kultur","Einzel- und Gesamtförderung im Bereich Kulturinitiativen","1020",40000,1,2023
"Kultur und Wissenschaft","Kultur","Einzel- und Gesamtförderung im Bereich Kulturinitiativen","1030",2000,1,2023
"Kultur und Wissenschaft","Kultur","Einzel- und Gesamtförderung im Bereich Kulturinitiativen","1040",15000,1,2023
"Kultur und Wissenschaft","Kultur","Einzel- und Gesamtförderung im Bereich Kulturinitiativen","1140",5000,1,2023
"Kultur und Wissenschaft","Kultur","Einzel- und Gesamtförderung im Bereich Kulturinitiativen","1150",15000,1,2023
"Kultur und Wissenschaft","Kultur","Einzel- und Gesamtförderung im Bereich Kulturinitiativen","1150",2000,1,2023
"Kultur und Wissenschaft","Kultur","Einzel- und Gesamtförderung im Bereich Kulturinitiativen","1070",25000,1,2023
"Kultur und Wissenschaft","Kultur","Einzel- und Gesamtförderung im Bereich Kulturinitiativen","1170",70000,1,2023
"Kultur und Wissenschaft","Kultur","Einzel- und Gesamtförderung im Bereich Kulturinitiativen","1170",10000,1,2023
"Kultur und Wissenschaft","Kultur","Einzel- und Gesamtförderung im Bereich Kulturinitiativen","1050",10000,1,2023
"Kultur und Wissenschaft","Kultur","Einzel- und Gesamtförderung im Bereich Kulturinitiativen","1030",5000,1,2023
"Kultur und Wissenschaft","Kultur","Einzel- und Gesamtförderung im Bereich Kulturinitiativen","1150",460000,1,2023
"Kultur und Wissenschaft","Kultur","Einzel- und Gesamtförderung im Bereich Kulturinitiativen","1100",50000,1,2023
"Kultur und Wissenschaft","Kultur","Einzel- und Gesamtförderung im Bereich Kulturinitiativen","1100",50000,1,2023
"Kultur und Wissenschaft","Kultur","Einzel- und Gesamtförderung im Bereich Kulturinitiativen","1040",25000,1,2023
"Kultur und Wissenschaft","Kultur","Einzel- und Gesamtförderung im Bereich Kulturinitiativen","1040",3000,1,2023
"Kultur und Wissenschaft","Kultur","Einzel- und Gesamtförderung im Bereich Kulturinitiativen","1210",5000,1,2023
"Kultur und Wissenschaft","Kultur","Einzel- und Gesamtförderung im Bereich Kulturinitiativen","1160",10000,1,2023
"Kultur und Wissenschaft","Kultur","Einzel- und Gesamtförderung im Bereich Kulturinitiativen","1160",27000,1,2023
"Kultur und Wissenschaft","Kultur","Einzel- und Gesamtförderung im Bereich Kulturinitiativen","1020",8000,1,2023
"Kultur und Wissenschaft","Kultur","Einzel- und Gesamtförderung im Bereich Kulturinitiativen","1020",1000,1,2023
"Kultur und Wissenschaft","Kultur","Einzel- und Gesamtförderung im Bereich Kulturinitiativen","1150",13000,1,2023
"Kultur und Wissenschaft","Kultur","Einzel- und Gesamtförderung im Bereich Kulturinitiativen","1080",22000,1,2023
"Kultur und Wissenschaft","Kultur","Einzel- und Gesamtförderung im Bereich Kulturinitiativen","1080",3000,1,2023
"Kultur und Wissenschaft","Kultur","Einzel- und Gesamtförderung im Bereich Kulturinitiativen","1170",5000,1,2023
"Kultur und Wissenschaft","Kultur","Einzel- und Gesamtförderung im Bereich Kulturinitiativen","1180",40000,1,2023
"Kultur und Wissenschaft","Kultur","Einzel- und Gesamtförderung im Bereich Kulturinitiativen","1180",4000,1,2023
"Kultur und Wissenschaft","Kultur","Einzel- und Gesamtförderung im Bereich Kulturinitiativen","1030",7000,1,2023
"Kultur und Wissenschaft","Kultur","Einzel- und Gesamtförderung im Bereich Kulturinitiativen","1150",20000,1,2023
"Kultur und Wissenschaft","Kultur","Einzel- und Gesamtförderung im Bereich Kulturinitiativen","1150",2000,1,2023
"Kultur und Wissenschaft","Kultur","Einzel- und Gesamtförderung im Bereich Musik","1150",10000,1,2023
"Kultur und Wissenschaft","Kultur","Einzel- und Gesamtförderung im Bereich Kulturinitiativen","1040",125000,1,2023
"Kultur und Wissenschaft","Kultur","Einzel- und Gesamtförderung im Bereich Kulturinitiativen","1150",7000,1,2023
"Kultur und Wissenschaft","Kultur","Einzel- und Gesamtförderung im Bereich Kulturinitiativen","1040",18000,1,2023
"Kultur und Wissenschaft","Kultur","Einzel- und Gesamtförderung im Bereich Kulturinitiativen","1040",2000,1,2023
"Kultur und Wissenschaft","Kultur","Einzel- und Gesamtförderung im Bereich Kulturinitiativen","1120",2000,1,2023
"Kultur und Wissenschaft","Kultur","Einzel- und Gesamtförderung im Bereich Kulturinitiativen","1050",35000,1,2023
"Kultur und Wissenschaft","Kultur","Einzel- und Gesamtförderung im Bereich Kulturinitiativen","1050",3500,1,2023
"Kultur und Wissenschaft","Kultur","Einzel- und Gesamtförderung im Bereich Kulturinitiativen","1070",32000,1,2023
"Kultur und Wissenschaft","Kultur","Einzel- und Gesamtförderung im Bereich Kulturinitiativen","1050",14200,1,2023
"Kultur und Wissenschaft","Kultur","Einzel- und Gesamtförderung im Bereich Kulturinitiativen","1160",2500,1,2023
"Kultur und Wissenschaft","Kultur","Einzel- und Gesamtförderung im Bereich Kulturinitiativen","1160",2e+05,1,2023
"Kultur und Wissenschaft","Kultur","Einzel- und Gesamtförderung im Bereich Kulturinitiativen","1160",10000,1,2023
"Kultur und Wissenschaft","Kultur","Einzel- und Gesamtförderung im Bereich Kulturinitiativen","1060",130000,1,2023
"Kultur und Wissenschaft","Kultur","Einzel- und Gesamtförderung im Bereich Kulturinitiativen","1060",20000,1,2023
"Kultur und Wissenschaft","Kultur","Einzel- und Gesamtförderung im Bereich Kulturinitiativen","1090",2000,1,2023
"Kultur und Wissenschaft","Kultur","Einzel- und Gesamtförderung im Bereich Kulturinitiativen","1090",20000,1,2023
"Kultur und Wissenschaft","Kultur","Einzel- und Gesamtförderung im Bereich Kulturinitiativen","1040",80000,1,2023
"Kultur und Wissenschaft","Kultur","Einzel- und Gesamtförderung im Bereich Kulturinitiativen","1080",30000,1,2023
"Kultur und Wissenschaft","Kultur","Einzel- und Gesamtförderung im Bereich Kulturinitiativen","1080",8000,1,2023
"Kultur und Wissenschaft","Kultur","Einzel- und Gesamtförderung im Bereich Kulturinitiativen","1020",140000,1,2023
"Kultur und Wissenschaft","Kultur","Einzel- und Gesamtförderung im Bereich Kulturinitiativen","1020",15000,1,2023
"Kultur und Wissenschaft","Kultur","Einzel- und Gesamtförderung im Bereich Musik","1050",12000,1,2023
"Kultur und Wissenschaft","Kultur","Einzel- und Gesamtförderung im Bereich Kulturinitiativen","1060",10000,1,2023
"Kultur und Wissenschaft","Kultur","Einzel- und Gesamtförderung im Bereich Kulturinitiativen","1060",2000,1,2023
"Kultur und Wissenschaft","Kultur","Einzel- und Gesamtförderung im Bereich Kulturinitiativen","1120",6000,1,2023
"Kultur und Wissenschaft","Kultur","Einzel- und Gesamtförderung im Bereich Kulturinitiativen","1050",6000,1,2023
"Kultur und Wissenschaft","Kultur","Einzel- und Gesamtförderung im Bereich Kulturinitiativen","1160",20000,1,2023
"Kultur und Wissenschaft","Kultur","Einzel- und Gesamtförderung im Bereich Kulturinitiativen","1170",7000,1,2023
"Kultur und Wissenschaft","Kultur","Einzel- und Gesamtförderung im Bereich Kulturinitiativen","1090",30000,1,2023
"Kultur und Wissenschaft","Kultur","Einzel- und Gesamtförderung im Bereich Kulturinitiativen","1090",3000,1,2023
"Kultur und Wissenschaft","Kultur","Einzel- und Gesamtförderung im Bereich Kulturinitiativen","1030",3000,1,2023
"Kultur und Wissenschaft","Kultur","Einzel- und Gesamtförderung im Bereich Kulturinitiativen","1040",30000,1,2023
"Kultur und Wissenschaft","Kultur","Einzel- und Gesamtförderung im Bereich Kulturinitiativen","1150",20000,1,2023
"Kultur und Wissenschaft","Kultur","Einzel- und Gesamtförderung im Bereich Kulturinitiativen","1050",3500,1,2023
"Kultur und Wissenschaft","Kultur","Einzel- und Gesamtförderung im Bereich Kulturinitiativen","1030",5500,1,2023
"Kultur und Wissenschaft","Kultur","Einzel- und Gesamtförderung im Bereich Kulturinitiativen","1180",5000,1,2023
"Kultur und Wissenschaft","Kultur","Einzel- und Gesamtförderung im Bereich Kulturinitiativen","1020",45000,1,2023
"Kultur und Wissenschaft","Kultur","Einzel- und Gesamtförderung im Bereich Kulturinitiativen","1020",4500,1,2023
"Kultur und Wissenschaft","Kultur","Einzel- und Gesamtförderung im Bereich Kulturinitiativen","1020",17000,1,2023
"Kultur und Wissenschaft","Kultur","Einzel- und Gesamtförderung im Bereich Bildende Kunst und Medienkunst","1150",8000,1,2023
"Kultur und Wissenschaft","Kultur","Einzel- und Gesamtförderung im Bereich Musik","1090",15000,1,2023
"Kultur und Wissenschaft","Kultur","Einzel- und Gesamtförderung im Bereich Musik","1010",420000,1,2023
"Kultur und Wissenschaft","Kultur","Einzel- und Gesamtförderung im Bereich Musik","1010",50000,1,2023
"Kultur und Wissenschaft","Kultur","Druckkostenzuschuss","1100",2100,1,2023
"Kultur und Wissenschaft","Kultur","Einzel- und Gesamtförderung im Bereich Filmfestival und Sommerkinos","1030",95000,1,2023
"Kultur und Wissenschaft","Kultur","Einzel- und Gesamtförderung im Bereich Darstellende Kunst","1030",50000,1,2023
"Kultur und Wissenschaft","Kultur","Einzel- und Gesamtförderung im Bereich Darstellende Kunst","1030",10000,1,2023
"Kultur und Wissenschaft","Kultur","Einzel- und Gesamtförderung im Bereich Wissenschaft und Forschung","1020",140000,1,2023
"Kultur und Wissenschaft","Kultur","Einzel- und Gesamtförderung im Bereich Musik","1170",90000,1,2023
"Kultur und Wissenschaft","Kultur","Einzel- und Gesamtförderung im Bereich Musik","1010",5000,1,2023
"Kultur und Wissenschaft","Kultur","Einzel- und Gesamtförderung im Bereich Darstellende Kunst","1070",190000,1,2023
"Kultur und Wissenschaft","Kultur","Einzel- und Gesamtförderung im Bereich Darstellende Kunst","1070",90000,1,2023
"Kultur und Wissenschaft","Kultur","Einzel- und Gesamtförderung im Bereich Film, Mode und Design","1070",1610000,1,2023
"Kultur und Wissenschaft","Kultur","Einzel- und Gesamtförderung im Bereich Musik","1140",20000,1,2023
"Kultur und Wissenschaft","Kultur","Einzel- und Gesamtförderung im Bereich Musik","1190",10000,1,2023
"Kultur und Wissenschaft","Kultur","Einzel- und Gesamtförderung im Bereich Darstellende Kunst","1070",120000,1,2023
"Kultur und Wissenschaft","Kultur","Einzel- und Gesamtförderung im Bereich Musik","1030",20000,1,2023
"Kultur und Wissenschaft","Kultur","Einzel- und Gesamtförderung im Bereich Musik","1010",1350000,1,2023
"Kultur und Wissenschaft","Kultur","Einzel- und Gesamtförderung im Bereich Musik","1010",1e+05,1,2023
"Kultur und Wissenschaft","Kultur","Einzel- und Gesamtförderung im Bereich Musik","1160",5000,1,2023
"Kultur und Wissenschaft","Kultur","Einzel- und Gesamtförderung im Bereich Bildende Kunst und Medienkunst","1030",3000,1,2023
"Kultur und Wissenschaft","Kultur","Einzel- und Gesamtförderung im Bereich Darstellende Kunst","1210",620000,1,2023
"Kultur und Wissenschaft","Kultur","Einzel- und Gesamtförderung im Bereich Darstellende Kunst","1210",80000,1,2023
"Kultur und Wissenschaft","Kultur","Einzel- und Gesamtförderung im Bereich Musik","1020",8000,1,2023
"Kultur und Wissenschaft","Kultur","Einzel- und Gesamtförderung im Bereich Kulturinitiativen","1030",4400,1,2023
"Kultur und Wissenschaft","Kultur","Einzel- und Gesamtförderung im Bereich Kulturinitiativen","1030",1000,1,2023
"Kultur und Wissenschaft","Kultur","Einzel- und Gesamtförderung im Bereich Musik","1020",15000,1,2023
"Kultur und Wissenschaft","Kultur","Einzel- und Gesamtförderung im Bereich Musik","1020",2000,1,2023
"Kultur und Wissenschaft","Kultur","Einzel- und Gesamtförderung im Bereich Musik","1140",45000,1,2023
"Kultur und Wissenschaft","Kultur","Einzel- und Gesamtförderung im Bereich Musik","1140",5000,1,2023
"Kultur und Wissenschaft","Kultur","Einzel- und Gesamtförderung im Bereich Musik","1120",1000,1,2023
"Kultur und Wissenschaft","Kultur","Einzel- und Gesamtförderung im Bereich Musik","1030",50000,1,2023
"Kultur und Wissenschaft","Kultur","Einzel- und Gesamtförderung im Bereich Musik","1030",5000,1,2023
"Kultur und Wissenschaft","Kultur","Einzel- und Gesamtförderung im Bereich Film, Mode und Design","1040",10000,1,2023
"Kultur und Wissenschaft","Kultur","Bau- und Investitonskostenzuschuss","1070",25000,1,2023
"Kultur und Wissenschaft","Kultur","Einzel- und Gesamtförderung im Bereich Musik","1020",15000,1,2023
"Kultur und Wissenschaft","Kultur","Einzel- und Gesamtförderung im Bereich Musik","1150",1e+05,1,2023
"Kultur und Wissenschaft","Kultur","Einzel- und Gesamtförderung im Bereich Musik","1150",10000,1,2023
"Kultur und Wissenschaft","Kultur","Einzel- und Gesamtförderung im Bereich Musik","1010",2000,1,2023
"Kultur und Wissenschaft","Kultur","Einzel- und Gesamtförderung im Bereich Bildende Kunst und Medienkunst","1020",8000,1,2023
"Kultur und Wissenschaft","Kultur","Einzel- und Gesamtförderung im Bereich Musik","1180",3000,1,2023
"Kultur und Wissenschaft","Kultur","Einzel- und Gesamtförderung im Bereich Wissenschaft und Forschung","1010",40000,1,2023
"Kultur und Wissenschaft","Kultur","Einzel- und Gesamtförderung im Bereich Musik","1150",6500,1,2023
"Kultur und Wissenschaft","Kultur","Einzel- und Gesamtförderung im Bereich Kulturinitiativen","1100",4500,1,2023
"Kultur und Wissenschaft","Kultur","Einzel- und Gesamtförderung im Bereich Filmfestival und Sommerkinos","1050",10000,1,2023
"Kultur und Wissenschaft","Kultur","Einzel- und Gesamtförderung im Bereich Musik","1040",11000,1,2023
"Kultur und Wissenschaft","Kultur","Einzel- und Gesamtförderung im Bereich Wissenschaft und Forschung","1010",3000,1,2023
"Kultur und Wissenschaft","Kultur","Einzel- und Gesamtförderung im Bereich Musik","1050",22000,1,2023
"Kultur und Wissenschaft","Kultur","Einzel- und Gesamtförderung im Bereich Musik","1050",3000,1,2023
"Kultur und Wissenschaft","Kultur","Einzel- und Gesamtförderung im Bereich Wissenschaft und Forschung","1010",22000,1,2023
"Kultur und Wissenschaft","Kultur","Einzel- und Gesamtförderung im Bereich Musik","1040",4000,1,2023
"Kultur und Wissenschaft","Kultur","Kompositionsförderung","1160",3000,1,2023
"Kultur und Wissenschaft","Kultur","Einzel- und Gesamtförderung im Bereich Musik","1030",18000,1,2023
"Kultur und Wissenschaft","Kultur","Einzel- und Gesamtförderung im Bereich Kulturinitiativen","1120",2500,1,2023
"Kultur und Wissenschaft","Kultur","Einzel- und Gesamtförderung im Bereich Musik","1040",9000,1,2023
"Kultur und Wissenschaft","Kultur","Einzel- und Gesamtförderung im Bereich Musik","1030",5000,1,2023
"Kultur und Wissenschaft","Kultur","Einzel- und Gesamtförderung im Bereich Musik","1030",19000,1,2023
"Kultur und Wissenschaft","Kultur","Einzel- und Gesamtförderung im Bereich Musik","1030",1000,1,2023
"Kultur und Wissenschaft","Kultur","Einzel- und Gesamtförderung im Bereich Wissenschaft und Forschung","1030",9500,1,2023
"Kultur und Wissenschaft","Kultur","Einzel- und Gesamtförderung im Bereich Musik","1030",17085000,1,2023
"Kultur und Wissenschaft","Kultur","Einzel- und Gesamtförderung im Bereich Musik","1030",1108000,1,2023
"Kultur und Wissenschaft","Kultur","Einzel- und Gesamtförderung im Bereich Musik","1040",6000,1,2023
"Kultur und Wissenschaft","Kultur","Einzel- und Gesamtförderung im Bereich Musik","1070",10000,1,2023
"Kultur und Wissenschaft","Kultur","Einzel- und Gesamtförderung im Bereich Bildende Kunst und Medienkunst","1050",10000,1,2023
"Kultur und Wissenschaft","Kultur","Einzel- und Gesamtförderung im Bereich Musik","1220",60000,1,2023
"Kultur und Wissenschaft","Kultur","Einzel- und Gesamtförderung im Bereich Musik","1220",10000,1,2023
"Kultur und Wissenschaft","Kultur","Einzel- und Gesamtförderung im Bereich Bildende Kunst und Medienkunst","1050",10000,1,2023
"Kultur und Wissenschaft","Kultur","Einzel- und Gesamtförderung im Bereich Musik","1180",5000,1,2023
"Kultur und Wissenschaft","Kultur","Einzel- und Gesamtförderung im Bereich Musik","1030",9500,1,2023
"Kultur und Wissenschaft","Kultur","Einzel- und Gesamtförderung im Bereich Musik","1040",10000,1,2023
"Kultur und Wissenschaft","Kultur","Einzel- und Gesamtförderung im Bereich Musik","1050",5000,1,2023
"Kultur und Wissenschaft","Kultur","Einzel- und Gesamtförderung im Bereich Bildende Kunst und Medienkunst","1070",12000,1,2023
"Kultur und Wissenschaft","Kultur","Einzel- und Gesamtförderung im Bereich Wissenschaft und Forschung","1090",37000,1,2023
"Kultur und Wissenschaft","Kultur","Einzel- und Gesamtförderung im Bereich Musik","1150",90000,1,2023
"Kultur und Wissenschaft","Kultur","Einzel- und Gesamtförderung im Bereich Musik","1150",40000,1,2023
"Kultur und Wissenschaft","Kultur","Einzel- und Gesamtförderung im Bereich Musik","1020",4000,1,2023
"Kultur und Wissenschaft","Kultur","Einzel- und Gesamtförderung im Bereich Musik","1170",20000,1,2023
"Kultur und Wissenschaft","Kultur","Einzel- und Gesamtförderung im Bereich Musik","1030",20500,1,2023
"Kultur und Wissenschaft","Kultur","Einzel- und Gesamtförderung im Bereich Musik","1090",26000,1,2023
"Kultur und Wissenschaft","Kultur","Einzel- und Gesamtförderung im Bereich Musik","1090",5000,1,2023
"Kultur und Wissenschaft","Kultur","Einzel- und Gesamtförderung im Bereich Musik","1050",4000,1,2023
"Kultur und Wissenschaft","Kultur","Einzel- und Gesamtförderung im Bereich Musik","1080",10000,1,2023
"Kultur und Wissenschaft","Kultur","Einzel- und Gesamtförderung im Bereich Musik","1050",1000,1,2023
"Kultur und Wissenschaft","Kultur","Einzel- und Gesamtförderung im Bereich Musik","1110",212000,1,2023
"Kultur und Wissenschaft","Kultur","Einzel- und Gesamtförderung im Bereich Musik","1060",5000,1,2023
"Kultur und Wissenschaft","Kultur","Einzel- und Gesamtförderung im Bereich Musik","1160",4000,1,2023
"Kultur und Wissenschaft","Kultur","Einzel- und Gesamtförderung im Bereich Musik","1100",15000,1,2023
"Kultur und Wissenschaft","Kultur","Einzel- und Gesamtförderung im Bereich Musik","1030",3500,1,2023
"Kultur und Wissenschaft","Kultur","Einzel- und Gesamtförderung im Bereich Musik","1070",65000,1,2023
"Kultur und Wissenschaft","Kultur","Einzel- und Gesamtförderung im Bereich Musik","1080",6500,1,2023
"Kultur und Wissenschaft","Kultur","Einzel- und Gesamtförderung im Bereich Musik","1070",128000,1,2023
"Kultur und Wissenschaft","Kultur","Einzel- und Gesamtförderung im Bereich Musik","1070",32000,1,2023
"Kultur und Wissenschaft","Kultur","Einzel- und Gesamtförderung im Bereich Musik","1010",4000,1,2023
"Kultur und Wissenschaft","Kultur","Einzel- und Gesamtförderung im Bereich Musik","1100",3500,1,2023
"Kultur und Wissenschaft","Kultur","Einzel- und Gesamtförderung im Bereich Musik","1170",8000,1,2023
"Kultur und Wissenschaft","Kultur","Einzel- und Gesamtförderung im Bereich Musik","1150",75000,1,2023
"Kultur und Wissenschaft","Kultur","Einzel- und Gesamtförderung im Bereich Musik","1150",10000,1,2023
"Kultur und Wissenschaft","Kultur","Einzel- und Gesamtförderung im Bereich Musik","1010",3500,1,2023
"Kultur und Wissenschaft","Kultur","Einzel- und Gesamtförderung im Bereich Musik","1070",13000,1,2023
"Kultur und Wissenschaft","Kultur","Kompositionsförderung","1050",2500,1,2023
"Kultur und Wissenschaft","Kultur","Einzel- und Gesamtförderung im Bereich Musik","1040",220000,1,2023
"Kultur und Wissenschaft","Kultur","Einzel- und Gesamtförderung im Bereich Musik","1040",40000,1,2023
"Kultur und Wissenschaft","Kultur","Einzel- und Gesamtförderung im Bereich Musik","1160",10000,1,2023
"Kultur und Wissenschaft","Kultur","Einzel- und Gesamtförderung im Bereich Bildende Kunst und Medienkunst","1020",3000,1,2023
"Kultur und Wissenschaft","Kultur","Einzel- und Gesamtförderung im Bereich Musik","3411",70000,1,2023
"Kultur und Wissenschaft","Kultur","Einzel- und Gesamtförderung im Bereich Darstellende Kunst","1070",170000,1,2023
"Kultur und Wissenschaft","Kultur","Einzel- und Gesamtförderung im Bereich Darstellende Kunst","1070",50000,1,2023
"Kultur und Wissenschaft","Kultur","Einzel- und Gesamtförderung im Bereich Wissenschaft und Forschung","1190",10000,1,2023
"Kultur und Wissenschaft","Kultur","Einzel- und Gesamtförderung im Bereich Kulturinitiativen","1180",5000,1,2023
"Kultur und Wissenschaft","Kultur","Einzel- und Gesamtförderung im Bereich Musik","1180",10000,1,2023
"Kultur und Wissenschaft","Kultur","Einzel- und Gesamtförderung im Bereich Musik","1200",4000,1,2023
"Kultur und Wissenschaft","Kultur","Einzel- und Gesamtförderung im Bereich Musik","1080",25000,1,2023
"Kultur und Wissenschaft","Kultur","Einzel- und Gesamtförderung im Bereich Musik","1190",10000,1,2023
"Kultur und Wissenschaft","Kultur","Einzel- und Gesamtförderung im Bereich Musik","1150",50000,1,2023
"Kultur und Wissenschaft","Kultur","Einzel- und Gesamtförderung im Bereich Musik","1150",15000,1,2023
"Kultur und Wissenschaft","Kultur","Einzel- und Gesamtförderung im Bereich Wissenschaft und Forschung","1090",8500,1,2023
"Kultur und Wissenschaft","Kultur","Einzel- und Gesamtförderung im Bereich Musik","1120",8000,1,2023
"Kultur und Wissenschaft","Kultur","Einzel- und Gesamtförderung im Bereich Musik","1030",15000,1,2023
"Kultur und Wissenschaft","Kultur","Einzel- und Gesamtförderung im Bereich Musik","1030",2000,1,2023
"Kultur und Wissenschaft","Kultur","Einzel- und Gesamtförderung im Bereich Musik","1190",9000,1,2023
"Kultur und Wissenschaft","Kultur","Einzel- und Gesamtförderung im Bereich Musik","1160",15000,1,2023
"Kultur und Wissenschaft","Kultur","Einzel- und Gesamtförderung im Bereich Wissenschaft und Forschung","1010",8000,1,2023
"Kultur und Wissenschaft","Kultur","Einzel- und Gesamtförderung im Bereich Musik","1090",4000,1,2023
"Kultur und Wissenschaft","Kultur","Einzel- und Gesamtförderung im Bereich Musik","1130",12000,1,2023
"Kultur und Wissenschaft","Kultur","Einzel- und Gesamtförderung im Bereich Musik","1230",11500,1,2023
"Kultur und Wissenschaft","Kultur","Einzel- und Gesamtförderung im Bereich Musik","1200",50000,1,2023
"Kultur und Wissenschaft","Kultur","Einzel- und Gesamtförderung im Bereich Musik","1200",20000,1,2023
"Kultur und Wissenschaft","Kultur","Wissenschaftsstipendium","1130",8000,1,2023
"Kultur und Wissenschaft","Kultur","Einzel- und Gesamtförderung im Bereich Musik","1150",6000,1,2023
"Kultur und Wissenschaft","Kultur","Einzel- und Gesamtförderung im Bereich Musik","1140",24000,1,2023
"Kultur und Wissenschaft","Kultur","Einzel- und Gesamtförderung im Bereich Musik","1130",50000,1,2023
"Kultur und Wissenschaft","Kultur","Einzel- und Gesamtförderung im Bereich Musik","1130",5000,1,2023
"Kultur und Wissenschaft","Kultur","Einzel- und Gesamtförderung im Bereich Musik","1150",4000,1,2023
"Kultur und Wissenschaft","Kultur","Einzel- und Gesamtförderung im Bereich Musik","1050",10000,1,2023
"Kultur und Wissenschaft","Kultur","Einzel- und Gesamtförderung im Bereich Musik","1050",20000,1,2023
"Kultur und Wissenschaft","Kultur","Einzel- und Gesamtförderung im Bereich Musik","1050",10000,1,2023
"Kultur und Wissenschaft","Kultur","Einzel- und Gesamtförderung im Bereich Musik","1070",13000,1,2023
"Kultur und Wissenschaft","Kultur","Einzel- und Gesamtförderung im Bereich Musik","1070",3000,1,2023
"Kultur und Wissenschaft","Kultur","Einzel- und Gesamtförderung im Bereich Musik","1050",8000,1,2023
"Kultur und Wissenschaft","Kultur","Einzel- und Gesamtförderung im Bereich Musik","1050",8000,1,2023
"Kultur und Wissenschaft","Kultur","Einzel- und Gesamtförderung im Bereich Musik","1020",17000,1,2023
"Kultur und Wissenschaft","Kultur","Einzel- und Gesamtförderung im Bereich Musik","1060",8000,1,2023
"Kultur und Wissenschaft","Kultur","Wissenschaftsstipendium","1100",9000,1,2023
"Kultur und Wissenschaft","Kultur","Einzel- und Gesamtförderung im Bereich Musik","1180",4500,1,2023
"Kultur und Wissenschaft","Kultur","Einzel- und Gesamtförderung im Bereich Musik","1070",8000,1,2023
"Kultur und Wissenschaft","Kultur","Einzel- und Gesamtförderung im Bereich Musik","1150",4000,1,2023
"Kultur und Wissenschaft","Kultur","Einzel- und Gesamtförderung im Bereich Musik","1170",5000,1,2023
"Kultur und Wissenschaft","Kultur","Einzel- und Gesamtförderung im Bereich Wissenschaft und Forschung","1210",10000,1,2023
"Kultur und Wissenschaft","Kultur","Einzel- und Gesamtförderung im Bereich Musik","1080",10000,1,2023
"Kultur und Wissenschaft","Kultur","Einzel- und Gesamtförderung im Bereich Musik","1030",12000,1,2023
"Kultur und Wissenschaft","Kultur","Einzel- und Gesamtförderung im Bereich Musik","1190",4000,1,2023
"Kultur und Wissenschaft","Kultur","Einzel- und Gesamtförderung im Bereich Musik","1020",20000,1,2023
"Kultur und Wissenschaft","Kultur","Einzel- und Gesamtförderung im Bereich Musik","1020",4000,1,2023
"Kultur und Wissenschaft","Kultur","Einzel- und Gesamtförderung im Bereich Musik","1050",20000,1,2023
"Kultur und Wissenschaft","Kultur","Einzel- und Gesamtförderung im Bereich Musik","1150",1000,1,2023
"Kultur und Wissenschaft","Kultur","Einzel- und Gesamtförderung im Bereich Musik","1140",10000,1,2023
"Kultur und Wissenschaft","Kultur","Einzel- und Gesamtförderung im Bereich Musik","1040",2000,1,2023
"Kultur und Wissenschaft","Kultur","Einzel- und Gesamtförderung im Bereich Bildende Kunst und Medienkunst","1060",60000,1,2023
"Kultur und Wissenschaft","Kultur","Einzel- und Gesamtförderung im Bereich Bildende Kunst und Medienkunst","1020",3800,1,2023
"Kultur und Wissenschaft","Kultur","Einzel- und Gesamtförderung im Bereich Musik","1070",10000,1,2023
"Kultur und Wissenschaft","Kultur","Einzel- und Gesamtförderung im Bereich Musik","1070",3000,1,2023
"Kultur und Wissenschaft","Kultur","Einzel- und Gesamtförderung im Bereich Literatur","1030",12000,1,2023
"Kultur und Wissenschaft","Kultur","Druckkostenzuschuss","1040",3500,1,2023
"Kultur und Wissenschaft","Kultur","Einzel- und Gesamtförderung im Bereich Bildende Kunst und Medienkunst","1010",40000,1,2023
"Kultur und Wissenschaft","Kultur","Einzel- und Gesamtförderung im Bereich Bildende Kunst und Medienkunst","1020",8000,1,2023
"Kultur und Wissenschaft","Kultur","Einzel- und Gesamtförderung im Bereich Kulturinitiativen","1200",3500,1,2023
"Kultur und Wissenschaft","Kultur","Einzel- und Gesamtförderung im Bereich Bildende Kunst und Medienkunst","1070",80000,1,2023
"Kultur und Wissenschaft","Kultur","Einzel- und Gesamtförderung im Bereich Darstellende Kunst","1020",30000,1,2023
"Kultur und Wissenschaft","Kultur","Einzel- und Gesamtförderung im Bereich Bildende Kunst und Medienkunst","1070",50000,1,2023
"Kultur und Wissenschaft","Kultur","Einzel- und Gesamtförderung im Bereich Bildende Kunst und Medienkunst","1070",10000,1,2023
"Kultur und Wissenschaft","Kultur","Einzel- und Gesamtförderung im Bereich Bildende Kunst und Medienkunst","1020",6000,1,2023
"Kultur und Wissenschaft","Kultur","Einzel- und Gesamtförderung im Bereich Literatur","1230",12000,1,2023
"Kultur und Wissenschaft","Kultur","Einzel- und Gesamtförderung im Bereich Bildende Kunst und Medienkunst","1070",1062000,1,2023
"Kultur und Wissenschaft","Kultur","Einzel- und Gesamtförderung im Bereich Bildende Kunst und Medienkunst","1160",5000,1,2023
"Kultur und Wissenschaft","Kultur","Einzel- und Gesamtförderung im Bereich Bildende Kunst und Medienkunst","1090",31000,1,2023
"Kultur und Wissenschaft","Kultur","Einzel- und Gesamtförderung im Bereich Bildende Kunst und Medienkunst","1010",50000,1,2023
"Kultur und Wissenschaft","Kultur","Einzel- und Gesamtförderung im Bereich Bildende Kunst und Medienkunst","1010",20000,1,2023
"Kultur und Wissenschaft","Kultur","Einzel- und Gesamtförderung im Bereich Musik","1070",150000,1,2023
"Kultur und Wissenschaft","Kultur","Einzel- und Gesamtförderung im Bereich Musik","1070",10000,1,2023
"Kultur und Wissenschaft","Kultur","Einzel- und Gesamtförderung im Bereich Literatur","1190",3380,1,2023
"Kultur und Wissenschaft","Kultur","Einzel- und Gesamtförderung im Bereich Musik","1030",7000,1,2023
"Kultur und Wissenschaft","Kultur","Einzel- und Gesamtförderung im Bereich Bildende Kunst und Medienkunst","1160",3000,1,2023
"Kultur und Wissenschaft","Kultur","Einzel- und Gesamtförderung im Bereich Bildende Kunst und Medienkunst","1060",10000,1,2023
"Kultur und Wissenschaft","Kultur","Einzel- und Gesamtförderung im Bereich Bildende Kunst und Medienkunst","1070",6000,1,2023
"Kultur und Wissenschaft","Kultur","Einzel- und Gesamtförderung im Bereich Bildende Kunst und Medienkunst","1060",10000,1,2023
"Kultur und Wissenschaft","Kultur","Einzel- und Gesamtförderung im Bereich Bildende Kunst und Medienkunst","1160",5000,1,2023
"Kultur und Wissenschaft","Kultur","Einzel- und Gesamtförderung im Bereich Wissenschaft und Forschung","1020",12000,1,2023
"Kultur und Wissenschaft","Kultur","Einzel- und Gesamtförderung im Bereich Bildende Kunst und Medienkunst","1030",12000,1,2023
"Kultur und Wissenschaft","Kultur","Einzel- und Gesamtförderung im Bereich Bildende Kunst und Medienkunst","1070",22000,1,2023
"Kultur und Wissenschaft","Kultur","Einzel- und Gesamtförderung im Bereich Bildende Kunst und Medienkunst","1090",45000,1,2023
"Kultur und Wissenschaft","Kultur","Einzel- und Gesamtförderung im Bereich Kulturinitiativen","1160",7000,1,2023
"Kultur und Wissenschaft","Kultur","Einzel- und Gesamtförderung im Bereich Bildende Kunst und Medienkunst","1090",1400,1,2023
"Kultur und Wissenschaft","Kultur","Einzel- und Gesamtförderung im Bereich Bildende Kunst und Medienkunst","1090",5000,1,2023
"Kultur und Wissenschaft","Kultur","Einzel- und Gesamtförderung im Bereich Film, Mode und Design","1070",11500000,1,2023
"Kultur und Wissenschaft","Kultur","Einzel- und Gesamtförderung im Bereich Bildende Kunst und Medienkunst","1070",5000,1,2023
"Kultur und Wissenschaft","Kultur","Einzel- und Gesamtförderung im Bereich Bildende Kunst und Medienkunst","1070",9000,1,2023
"Kultur und Wissenschaft","Kultur","Einzel- und Gesamtförderung im Bereich Wissenschaft und Forschung","1200",5000,1,2023
"Kultur und Wissenschaft","Kultur","Einzel- und Gesamtförderung im Bereich Bildende Kunst und Medienkunst","1010",25000,1,2023
"Kultur und Wissenschaft","Kultur","Einzel- und Gesamtförderung im Bereich Literatur","1020",900,1,2023
"Kultur und Wissenschaft","Kultur","Einzel- und Gesamtförderung im Bereich Bildende Kunst und Medienkunst","1100",5000,1,2023
"Kultur und Wissenschaft","Kultur","Einzel- und Gesamtförderung im Bereich Bildende Kunst und Medienkunst","1010",15000,1,2023
"Kultur und Wissenschaft","Kultur","Einzel- und Gesamtförderung im Bereich Wissenschaft und Forschung","1010",3900000,1,2023
"Kultur und Wissenschaft","Kultur","Einzel- und Gesamtförderung im Bereich Wissenschaft und Forschung","1010",350000,1,2023
"Kultur und Wissenschaft","Kultur","Einzel- und Gesamtförderung im Bereich Bildende Kunst und Medienkunst","1010",25000,1,2023
"Kultur und Wissenschaft","Kultur","Einzel- und Gesamtförderung im Bereich Bildende Kunst und Medienkunst","1010",5e+05,1,2023
"Kultur und Wissenschaft","Kultur","Einzel- und Gesamtförderung im Bereich Bildende Kunst und Medienkunst","1190",9800,1,2023
"Kultur und Wissenschaft","Kultur","Einzel- und Gesamtförderung im Bereich Bildende Kunst und Medienkunst","1050",4000,1,2023
"Kultur und Wissenschaft","Kultur","Einzel- und Gesamtförderung im Bereich Bildende Kunst und Medienkunst","1050",20000,1,2023
"Kultur und Wissenschaft","Kultur","Einzel- und Gesamtförderung im Bereich Bildende Kunst und Medienkunst","1180",1500,1,2023
"Kultur und Wissenschaft","Kultur","Einzel- und Gesamtförderung im Bereich Bildende Kunst und Medienkunst","1160",7500,1,2023
"Kultur und Wissenschaft","Kultur","Einzel- und Gesamtförderung im Bereich Bildende Kunst und Medienkunst","1180",1500,1,2023
"Kultur und Wissenschaft","Kultur","Einzel- und Gesamtförderung im Bereich Bildende Kunst und Medienkunst","6020",3000,1,2023
"Kultur und Wissenschaft","Kultur","Wissenschaftsstipendium","1160",5000,1,2023
"Kultur und Wissenschaft","Kultur","Einzel- und Gesamtförderung im Bereich Bildende Kunst und Medienkunst","1060",30000,1,2023
"Kultur und Wissenschaft","Kultur","Einzel- und Gesamtförderung im Bereich Bildende Kunst und Medienkunst","1070",20000,1,2023
"Kultur und Wissenschaft","Kultur","Einzel- und Gesamtförderung im Bereich Bildende Kunst und Medienkunst","1170",3000,1,2023
"Kultur und Wissenschaft","Kultur","Einzel- und Gesamtförderung im Bereich Kulturinitiativen","1030",2000,1,2023
"Kultur und Wissenschaft","Kultur","Einzel- und Gesamtförderung im Bereich Bildende Kunst und Medienkunst","1120",8000,1,2023
"Kultur und Wissenschaft","Kultur","Einzel- und Gesamtförderung im Bereich Bildende Kunst und Medienkunst","1070",3000,1,2023
"Kultur und Wissenschaft","Kultur","Einzel- und Gesamtförderung im Bereich Bildende Kunst und Medienkunst","1020",12000,1,2023
"Kultur und Wissenschaft","Kultur","Einzel- und Gesamtförderung im Bereich Bildende Kunst und Medienkunst","1030",4500,1,2023
"Kultur und Wissenschaft","Kultur","Einzel- und Gesamtförderung im Bereich Bildende Kunst und Medienkunst","1200",12000,1,2023
"Kultur und Wissenschaft","Kultur","Einzel- und Gesamtförderung im Bereich Bildende Kunst und Medienkunst","1070",12000,1,2023
"Kultur und Wissenschaft","Kultur","Einzel- und Gesamtförderung im Bereich Bildende Kunst und Medienkunst","1040",4000,1,2023
"Kultur und Wissenschaft","Kultur","Einzel- und Gesamtförderung im Bereich Bildende Kunst und Medienkunst","1040",1500,1,2023
"Kultur und Wissenschaft","Kultur","Einzel- und Gesamtförderung im Bereich Bildende Kunst und Medienkunst","1090",3000,1,2023
"Kultur und Wissenschaft","Kultur","Einzel- und Gesamtförderung im Bereich Bildende Kunst und Medienkunst","1040",8000,1,2023
"Kultur und Wissenschaft","Kultur","Einzel- und Gesamtförderung im Bereich Bildende Kunst und Medienkunst","1100",3000,1,2023
"Kultur und Wissenschaft","Kultur","Einzel- und Gesamtförderung im Bereich Bildende Kunst und Medienkunst","1050",45000,1,2023
"Kultur und Wissenschaft","Kultur","Einzel- und Gesamtförderung im Bereich Literatur","1200",1400,1,2023
"Kultur und Wissenschaft","Kultur","Einzel- und Gesamtförderung im Bereich Bildende Kunst und Medienkunst","1220",9000,1,2023
"Kultur und Wissenschaft","Kultur","Einzel- und Gesamtförderung im Bereich Wissenschaft und Forschung","1150",4000,1,2023
"Kultur und Wissenschaft","Kultur","Einzel- und Gesamtförderung im Bereich Bildende Kunst und Medienkunst","1180",7500,1,2023
"Kultur und Wissenschaft","Kultur","Einzel- und Gesamtförderung im Bereich Bildende Kunst und Medienkunst","1010",35000,1,2023
"Kultur und Wissenschaft","Kultur","Einzel- und Gesamtförderung im Bereich Darstellende Kunst","1050",4e+05,1,2023
"Kultur und Wissenschaft","Kultur","Einzel- und Gesamtförderung im Bereich Darstellende Kunst","1050",40000,1,2023
"Kultur und Wissenschaft","Kultur","Einzel- und Gesamtförderung im Bereich Bildende Kunst und Medienkunst","1050",4000,1,2023
"Kultur und Wissenschaft","Kultur","Einzel- und Gesamtförderung im Bereich Bildende Kunst und Medienkunst","1050",17000,1,2023
"Kultur und Wissenschaft","Kultur","Einzel- und Gesamtförderung im Bereich Bildende Kunst und Medienkunst","1020",8000,1,2023
"Kultur und Wissenschaft","Kultur","Einzel- und Gesamtförderung im Bereich Bildende Kunst und Medienkunst","1070",4000,1,2023
"Kultur und Wissenschaft","Kultur","Einzel- und Gesamtförderung im Bereich Bildende Kunst und Medienkunst","1020",15000,1,2023
"Kultur und Wissenschaft","Kultur","Einzel- und Gesamtförderung im Bereich Bildende Kunst und Medienkunst","1010",24000,1,2023
"Kultur und Wissenschaft","Kultur","Einzel- und Gesamtförderung im Bereich Bildende Kunst und Medienkunst","1120",4000,1,2023
"Kultur und Wissenschaft","Kultur","Einzel- und Gesamtförderung im Bereich Bildende Kunst und Medienkunst","1040",12500,1,2023
"Kultur und Wissenschaft","Kultur","Einzel- und Gesamtförderung im Bereich Wissenschaft und Forschung","1010",4e+05,1,2023
"Kultur und Wissenschaft","Kultur","Einzel- und Gesamtförderung im Bereich Wissenschaft und Forschung","1010",4e+05,1,2023
"Kultur und Wissenschaft","Kultur","Einzel- und Gesamtförderung im Bereich Kulturinitiativen","1110",25000,1,2023
"Kultur und Wissenschaft","Kultur","Einzel- und Gesamtförderung im Bereich Bildende Kunst und Medienkunst","1020",10000,1,2023
"Kultur und Wissenschaft","Kultur","Einzel- und Gesamtförderung im Bereich Bildende Kunst und Medienkunst","1010",15000,1,2023
"Kultur und Wissenschaft","Kultur","Einzel- und Gesamtförderung im Bereich Bildende Kunst und Medienkunst","1060",50000,1,2023
"Kultur und Wissenschaft","Kultur","Einzel- und Gesamtförderung im Bereich Bildende Kunst und Medienkunst","1060",10000,1,2023
"Kultur und Wissenschaft","Kultur","Einzel- und Gesamtförderung im Bereich Bildende Kunst und Medienkunst","1160",3000,1,2023
"Kultur und Wissenschaft","Kultur","Einzel- und Gesamtförderung im Bereich Bildende Kunst und Medienkunst","1020",4000,1,2023
"Kultur und Wissenschaft","Kultur","Einzel- und Gesamtförderung im Bereich Bildende Kunst und Medienkunst","1200",15000,1,2023
"Kultur und Wissenschaft","Kultur","Druckkostenzuschuss","1020",4300,1,2023
"Kultur und Wissenschaft","Kultur","Einzel- und Gesamtförderung im Bereich Bildende Kunst und Medienkunst","1120",4500,1,2023
"Kultur und Wissenschaft","Kultur","Einzel- und Gesamtförderung im Bereich Bildende Kunst und Medienkunst","1060",10000,1,2023
"Kultur und Wissenschaft","Kultur","Einzel- und Gesamtförderung im Bereich Literatur","1010",1120000,1,2023
"Kultur und Wissenschaft","Kultur","Einzel- und Gesamtförderung im Bereich Literatur","1010",50000,1,2023
"Kultur und Wissenschaft","Kultur","Einzel- und Gesamtförderung im Bereich Bildende Kunst und Medienkunst","1040",7000,1,2023
"Kultur und Wissenschaft","Kultur","Einzel- und Gesamtförderung im Bereich Bildende Kunst und Medienkunst","1060",6000,1,2023
"Kultur und Wissenschaft","Kultur","Einzel- und Gesamtförderung im Bereich Bildende Kunst und Medienkunst","1020",6500,1,2023
"Kultur und Wissenschaft","Kultur","Einzel- und Gesamtförderung im Bereich Bildende Kunst und Medienkunst","1020",2500,1,2023
"Kultur und Wissenschaft","Kultur","Einzel- und Gesamtförderung im Bereich Kulturinitiativen","1170",30000,1,2023
"Kultur und Wissenschaft","Kultur","Einzel- und Gesamtförderung im Bereich Kulturinitiativen","1170",5000,1,2023
"Kultur und Wissenschaft","Kultur","Einzel- und Gesamtförderung im Bereich Bildende Kunst und Medienkunst","1020",2500,1,2023
"Kultur und Wissenschaft","Kultur","Einzel- und Gesamtförderung im Bereich Bildende Kunst und Medienkunst","1030",4000,1,2023
"Kultur und Wissenschaft","Kultur","Einzel- und Gesamtförderung im Bereich Bildende Kunst und Medienkunst","1080",3000,1,2023
"Kultur und Wissenschaft","Kultur","Einzel- und Gesamtförderung im Bereich Bildende Kunst und Medienkunst","1180",4000,1,2023
"Kultur und Wissenschaft","Kultur","Einzel- und Gesamtförderung im Bereich Bildende Kunst und Medienkunst","1150",3000,1,2023
"Kultur und Wissenschaft","Kultur","Einzel- und Gesamtförderung im Bereich Wissenschaft und Forschung","1070",1550000,1,2023
"Kultur und Wissenschaft","Kultur","Einzel- und Gesamtförderung im Bereich Wissenschaft und Forschung","1070",2e+05,1,2023
"Kultur und Wissenschaft","Kultur","Einzel- und Gesamtförderung im Bereich Darstellende Kunst","1010",50000,1,2023
"Kultur und Wissenschaft","Kultur","Einzel- und Gesamtförderung im Bereich Darstellende Kunst","1010",15000,1,2023
"Kultur und Wissenschaft","Kultur","Einzel- und Gesamtförderung im Bereich Bildende Kunst und Medienkunst","1010",5000,1,2023
"Kultur und Wissenschaft","Kultur","Kompositionsförderung","1030",2000,1,2023
"Kultur und Wissenschaft","Kultur","Einzel- und Gesamtförderung im Bereich Kulturinitiativen","1100",17000,1,2023
"Kultur und Wissenschaft","Kultur","Einzel- und Gesamtförderung im Bereich Kulturinitiativen","1100",2500,1,2023
"Kultur und Wissenschaft","Kultur","Druckkostenzuschuss","1040",3500,1,2023
"Kultur und Wissenschaft","Kultur","Druckkostenzuschuss","1190",1000,1,2023
"Kultur und Wissenschaft","Kultur","Einzel- und Gesamtförderung im Bereich Literatur","1030",5000,1,2023
"Kultur und Wissenschaft","Kultur","Druckkostenzuschuss","9020",4000,1,2023
"Kultur und Wissenschaft","Kultur","Druckkostenzuschuss","9020",8000,1,2023
"Kultur und Wissenschaft","Kultur","Einzel- und Gesamtförderung im Bereich Bildende Kunst und Medienkunst","1030",5e+05,1,2023
"Kultur und Wissenschaft","Kultur","Einzel- und Gesamtförderung im Bereich Wissenschaft und Forschung","1090",8000,1,2023
"Kultur und Wissenschaft","Kultur","Einzel- und Gesamtförderung im Bereich Wissenschaft und Forschung","1020",1000,1,2023
"Kultur und Wissenschaft","Kultur","Kompositionsförderung","1050",1000,1,2023
"Kultur und Wissenschaft","Kultur","Einzel- und Gesamtförderung im Bereich Kulturinitiativen","1210",1500,1,2023
"Kultur und Wissenschaft","Kultur","Einzel- und Gesamtförderung im Bereich Literatur","1070",60000,1,2023
"Kultur und Wissenschaft","Kultur","Einzel- und Gesamtförderung im Bereich Literatur","1210",3500,1,2023
"Kultur und Wissenschaft","Kultur","Druckkostenzuschuss","1180",9000,1,2023
"Kultur und Wissenschaft","Kultur","Einzel- und Gesamtförderung im Bereich Wissenschaft und Forschung","1050",95000,1,2023
"Kultur und Wissenschaft","Kultur","Einzel- und Gesamtförderung im Bereich Literatur","1010",5300,1,2023
"Kultur und Wissenschaft","Kultur","Druckkostenzuschuss","1010",1300,1,2023
"Kultur und Wissenschaft","Kultur","Einzel- und Gesamtförderung im Bereich Literatur","1040",180000,1,2023
"Kultur und Wissenschaft","Kultur","Einzel- und Gesamtförderung im Bereich Kulturinitiativen","1010",129000,1,2023
"Kultur und Wissenschaft","Kultur","Einzel- und Gesamtförderung im Bereich Literatur","1080",1200,1,2023
"Kultur und Wissenschaft","Kultur","Einzel- und Gesamtförderung im Bereich Kulturinitiativen","1040",3000,1,2023
"Kultur und Wissenschaft","Kultur","Einzel- und Gesamtförderung im Bereich Literatur","1030",32000,1,2023
"Kultur und Wissenschaft","Kultur","Einzel- und Gesamtförderung im Bereich Darstellende Kunst","1040",75000,1,2023
"Kultur und Wissenschaft","Kultur","Einzel- und Gesamtförderung im Bereich Darstellende Kunst","1040",10000,1,2023
"Kultur und Wissenschaft","Kultur","Einzel- und Gesamtförderung im Bereich Kulturinitiativen","1140",1500,1,2023
"Kultur und Wissenschaft","Kultur","Einzel- und Gesamtförderung im Bereich Wissenschaft und Forschung","1090",10000,1,2023
"Kultur und Wissenschaft","Kultur","Einzel- und Gesamtförderung im Bereich Wissenschaft und Forschung","1020",4000,1,2023
"Kultur und Wissenschaft","Kultur","Einzel- und Gesamtförderung im Bereich Darstellende Kunst","1060",49900000,1,2023
"Kultur und Wissenschaft","Kultur","Einzel- und Gesamtförderung im Bereich Darstellende Kunst","1060",3100000,1,2023
"Kultur und Wissenschaft","Kultur","Einzel- und Gesamtförderung im Bereich Wissenschaft und Forschung","1090",14000,1,2023
"Kultur und Wissenschaft","Kultur","Einzel- und Gesamtförderung im Bereich Darstellende Kunst","1090",110000,1,2023
"Kultur und Wissenschaft","Kultur","Einzel- und Gesamtförderung im Bereich Darstellende Kunst","1090",40000,1,2023
"Kultur und Wissenschaft","Kultur","Einzel- und Gesamtförderung im Bereich Filmfestival und Sommerkinos","1080",30000,1,2023
"Kultur und Wissenschaft","Kultur","Kompositionsförderung","1030",2000,1,2023
"Kultur und Wissenschaft","Kultur","Kompositionsförderung","1100",4000,1,2023
"Kultur und Wissenschaft","Kultur","Druckkostenzuschuss","5020",7000,1,2023
"Kultur und Wissenschaft","Kultur","Kompositionsförderung","1030",2000,1,2023
"Kultur und Wissenschaft","Kultur","Kompositionsförderung","1050",1000,1,2023
"Kultur und Wissenschaft","Kultur","Einzel- und Gesamtförderung im Bereich Wissenschaft und Forschung","1020",19000,1,2023
"Kultur und Wissenschaft","Kultur","Einzel- und Gesamtförderung im Bereich Literatur","1020",23000,1,2023
"Kultur und Wissenschaft","Kultur","Druckkostenzuschuss","1150",10000,1,2023
"Kultur und Wissenschaft","Kultur","Einzel- und Gesamtförderung im Bereich Wissenschaft und Forschung","3100",15000,1,2023
"Kultur und Wissenschaft","Kultur","Einzel- und Gesamtförderung im Bereich Wissenschaft und Forschung","1090",36000,1,2023
"Kultur und Wissenschaft","Kultur","Kompositionsförderung","1030",2000,1,2023
"Kultur und Wissenschaft","Kultur","Einzel- und Gesamtförderung im Bereich Literatur","1120",2500,1,2023
"Kultur und Wissenschaft","Kultur","Einzel- und Gesamtförderung im Bereich Wissenschaft und Forschung","1040",4500,1,2023
"Kultur und Wissenschaft","Kultur","Einzel- und Gesamtförderung im Bereich Filmfestival und Sommerkinos","1030",25000,1,2023
"Kultur und Wissenschaft","Kultur","Einzel- und Gesamtförderung im Bereich Filmfestival und Sommerkinos","1140",165000,1,2023
"Kultur und Wissenschaft","Kultur","Kompositionsförderung","1030",1000,1,2023
"Kultur und Wissenschaft","Kultur","Druckkostenzuschuss","1010",2000,1,2023
"Kultur und Wissenschaft","Kultur","Kompositionsförderung","1030",2000,1,2023
"Kultur und Wissenschaft","Kultur","Einzel- und Gesamtförderung im Bereich Wissenschaft und Forschung","1160",4000,1,2023
"Kultur und Wissenschaft","Kultur","Einzel- und Gesamtförderung im Bereich Wissenschaft und Forschung","1060",20000,1,2023
"Kultur und Wissenschaft","Kultur","Einzel- und Gesamtförderung im Bereich Wissenschaft und Forschung","1040",2e+05,1,2023
"Kultur und Wissenschaft","Kultur","Einzel- und Gesamtförderung im Bereich Wissenschaft und Forschung","1040",20000,1,2023
"Kultur und Wissenschaft","Kultur","Einzel- und Gesamtförderung im Bereich Literatur","1010",5000,1,2023
"Kultur und Wissenschaft","Kultur","Kompositionsförderung","1100",2000,1,2023
"Kultur und Wissenschaft","Kultur","Würdigungspreise der Stadt Wien","1030",10000,1,2023
"Kultur und Wissenschaft","Kultur","Einzel- und Gesamtförderung im Bereich Literatur","1020",5000,1,2023
"Kultur und Wissenschaft","Kultur","Druckkostenzuschuss","9020",8000,1,2023
"Kultur und Wissenschaft","Kultur","Kompositionsförderung","1110",1000,1,2023
"Kultur und Wissenschaft","Kultur","Kompositionsförderung","1220",2000,1,2023
"Kultur und Wissenschaft","Kultur","Einzel- und Gesamtförderung im Bereich Literatur","1170",2500,1,2023
"Kultur und Wissenschaft","Kultur","Einzel- und Gesamtförderung im Bereich Literatur","1200",2500,1,2023
"Kultur und Wissenschaft","Kultur","Einzel- und Gesamtförderung im Bereich Wissenschaft und Forschung","1010",5000,1,2023
"Kultur und Wissenschaft","Kultur","Einzel- und Gesamtförderung im Bereich Literatur","1140",4000,1,2023
"Kultur und Wissenschaft","Kultur","Kompositionsförderung","1120",1000,1,2023
"Kultur und Wissenschaft","Kultur","Einzel- und Gesamtförderung im Bereich Wissenschaft und Forschung","1010",180000,1,2023
"Kultur und Wissenschaft","Kultur","Einzel- und Gesamtförderung im Bereich Wissenschaft und Forschung","1010",10000,1,2023
"Kultur und Wissenschaft","Kultur","Kompositionsförderung","1120",1500,1,2023
"Kultur und Wissenschaft","Kultur","Kompositionsförderung","1030",1000,1,2023
"Kultur und Wissenschaft","Kultur","Einzel- und Gesamtförderung im Bereich Literatur","1100",6000,1,2023
"Kultur und Wissenschaft","Kultur","Einzel- und Gesamtförderung im Bereich Literatur","1120",9000,1,2023
"Kultur und Wissenschaft","Kultur","Kompositionsförderung","1170",2000,1,2023
"Kultur und Wissenschaft","Kultur","Einzel- und Gesamtförderung im Bereich Wissenschaft und Forschung","1010",401400,1,2023
"Kultur und Wissenschaft","Kultur","Einzel- und Gesamtförderung im Bereich Wissenschaft und Forschung","1010",218000,1,2023
"Kultur und Wissenschaft","Kultur","Einzel- und Gesamtförderung im Bereich Wissenschaft und Forschung","1010",33600,1,2023
"Kultur und Wissenschaft","Kultur","Einzel- und Gesamtförderung im Bereich Wissenschaft und Forschung","1010",1e+05,1,2023
"Kultur und Wissenschaft","Kultur","Einzel- und Gesamtförderung im Bereich Wissenschaft und Forschung","1010",10000,1,2023
"Kultur und Wissenschaft","Kultur","Druckkostenzuschuss","1010",5000,1,2023
"Kultur und Wissenschaft","Kultur","Kompositionsförderung","1120",1000,1,2023
"Kultur und Wissenschaft","Kultur","Druckkostenzuschuss","1030",32000,1,2023
"Kultur und Wissenschaft","Kultur","Einzel- und Gesamtförderung im Bereich Wissenschaft und Forschung","1040",47000,1,2023
"Kultur und Wissenschaft","Kultur","Einzel- und Gesamtförderung im Bereich Wissenschaft und Forschung","1070",15000,1,2023
"Kultur und Wissenschaft","Kultur","Kompositionsförderung","1160",2500,1,2023
"Kultur und Wissenschaft","Kultur","Kompositionsförderung","1020",2000,1,2023
"Kultur und Wissenschaft","Kultur","Einzel- und Gesamtförderung im Bereich Wissenschaft und Forschung","1190",4500,1,2023
"Kultur und Wissenschaft","Kultur","Kompositionsförderung","1030",1500,1,2023
"Kultur und Wissenschaft","Kultur","Einzel- und Gesamtförderung im Bereich Literatur","1020",32800,1,2023
"Kultur und Wissenschaft","Kultur","Kompositionsförderung","1200",1500,1,2023
"Kultur und Wissenschaft","Kultur","Kompositionsförderung","1060",2000,1,2023
"Kultur und Wissenschaft","Kultur","Wissenschaftsstipendium","1220",3000,1,2023
"Kultur und Wissenschaft","Kultur","Einzel- und Gesamtförderung im Bereich Wissenschaft und Forschung","1110",30000,1,2023
"Kultur und Wissenschaft","Kultur","Einzel- und Gesamtförderung im Bereich Wissenschaft und Forschung","1120",5000,1,2023
"Kultur und Wissenschaft","Kultur","Einzel- und Gesamtförderung im Bereich Wissenschaft und Forschung","1090",10000,1,2023
"Kultur und Wissenschaft","Kultur","Kompositionsförderung","1060",2500,1,2023
"Kultur und Wissenschaft","Kultur","Druckkostenzuschuss","1090",4000,1,2023
"Kultur und Wissenschaft","Kultur","Einzel- und Gesamtförderung im Bereich Literatur","1040",3000,1,2023
"Kultur und Wissenschaft","Kultur","Einzel- und Gesamtförderung im Bereich Wissenschaft und Forschung","1010",4000,1,2023
"Kultur und Wissenschaft","Kultur","Einzel- und Gesamtförderung im Bereich Wissenschaft und Forschung","1060",2000,1,2023
"Kultur und Wissenschaft","Kultur","Kompositionsförderung","1030",2000,1,2023
"Kultur und Wissenschaft","Kultur","Einzel- und Gesamtförderung im Bereich Wissenschaft und Forschung","1200",40000,1,2023
"Kultur und Wissenschaft","Kultur","Kompositionsförderung","1170",2000,1,2023
"Kultur und Wissenschaft","Kultur","Kompositionsförderung","1150",2500,1,2023
"Kultur und Wissenschaft","Kultur","Einzel- und Gesamtförderung im Bereich Wissenschaft und Forschung","1010",5000,1,2023
"Kultur und Wissenschaft","Kultur","Einzel- und Gesamtförderung im Bereich Literatur","1010",5000,1,2023
"Kultur und Wissenschaft","Kultur","Einzel- und Gesamtförderung im Bereich Wissenschaft und Forschung","1090",22000,1,2023
"Kultur und Wissenschaft","Kultur","Kompositionsförderung","1160",2000,1,2023
"Kultur und Wissenschaft","Kultur","Druckkostenzuschuss","1010",16000,1,2023
"Kultur und Wissenschaft","Kultur","Einzel- und Gesamtförderung im Bereich Literatur","1150",1500,1,2023
"Kultur und Wissenschaft","Kultur","Wissenschaftsstipendium","1220",5000,1,2023
"Kultur und Wissenschaft","Kultur","Kompositionsförderung","1170",1500,1,2023
"Kultur und Wissenschaft","Kultur","Einzel- und Gesamtförderung im Bereich Literatur","1040",8000,1,2023
"Kultur und Wissenschaft","Kultur","Kompositionsförderung","1170",1500,1,2023
"Kultur und Wissenschaft","Kultur","Kompositionsförderung","1050",3000,1,2023
"Kultur und Wissenschaft","Kultur","Einzel- und Gesamtförderung im Bereich Wissenschaft und Forschung","1010",12000,1,2023
"Kultur und Wissenschaft","Kultur","Einzel- und Gesamtförderung im Bereich Wissenschaft und Forschung","1050",10000,1,2023
"Kultur und Wissenschaft","Kultur","Kompositionsförderung","1020",1500,1,2023
"Kultur und Wissenschaft","Kultur","Einzel- und Gesamtförderung im Bereich Wissenschaft und Forschung","1010",12000,1,2023
"Kultur und Wissenschaft","Kultur","Kompositionsförderung","1150",1000,1,2023
"Kultur und Wissenschaft","Kultur","Einzel- und Gesamtförderung im Bereich Kulturinitiativen","1080",3500,1,2023
"Kultur und Wissenschaft","Kultur","Einzel- und Gesamtförderung im Bereich Musik","1140",94000,1,2023
"Kultur und Wissenschaft","Kultur","Einzel- und Gesamtförderung im Bereich Musik","1140",11000,1,2023
"Kultur und Wissenschaft","Kultur","Einzel- und Gesamtförderung im Bereich Wissenschaft und Forschung","1060",16000,1,2023
"Kultur und Wissenschaft","Kultur","Kompositionsförderung","1120",2000,1,2023
"Kultur und Wissenschaft","Kultur","Einzel- und Gesamtförderung im Bereich Literatur","1050",8000,1,2023
"Kultur und Wissenschaft","Kultur","Einzel- und Gesamtförderung im Bereich Literatur","1190",1500,1,2023
"Kultur und Wissenschaft","Kultur","Kompositionsförderung","1050",1200,1,2023
"Kultur und Wissenschaft","Kultur","Einzel- und Gesamtförderung im Bereich Wissenschaft und Forschung","1170",25000,1,2023
"Kultur und Wissenschaft","Kultur","Einzel- und Gesamtförderung im Bereich Literatur","1070",1e+05,1,2023
"Kultur und Wissenschaft","Kultur","Einzel- und Gesamtförderung im Bereich Literatur","1070",20000,1,2023
"Kultur und Wissenschaft","Kultur","Einzel- und Gesamtförderung im Bereich Wissenschaft und Forschung","1100",14000,1,2023
"Kultur und Wissenschaft","Kultur","Einzel- und Gesamtförderung im Bereich Wissenschaft und Forschung","1010",4500,1,2023
"Kultur und Wissenschaft","Kultur","Einzel- und Gesamtförderung im Bereich Literatur","1010",15000,1,2023
"Kultur und Wissenschaft","Kultur","Einzel- und Gesamtförderung im Bereich Wissenschaft und Forschung","1090",12000,1,2023
"Kultur und Wissenschaft","Kultur","Kompositionsförderung","1070",2500,1,2023
"Kultur und Wissenschaft","Kultur","Kompositionsförderung","1020",2000,1,2023
"Kultur und Wissenschaft","Kultur","Einzel- und Gesamtförderung im Bereich Wissenschaft und Forschung","1010",560000,1,2023
"Kultur und Wissenschaft","Kultur","Einzel- und Gesamtförderung im Bereich Wissenschaft und Forschung","1010",55000,1,2023
"Kultur und Wissenschaft","Kultur","Einzel- und Gesamtförderung im Bereich Wissenschaft und Forschung","1050",45000,1,2023
"Kultur und Wissenschaft","Kultur","Einzel- und Gesamtförderung im Bereich Literatur","1090",1500,1,2023
"Kultur und Wissenschaft","Kultur","Druckkostenzuschuss","6020",4000,1,2023
"Kultur und Wissenschaft","Kultur","Kompositionsförderung","1160",2000,1,2023
"Kultur und Wissenschaft","Kultur","Kompositionsförderung","1210",1500,1,2023
"Kultur und Wissenschaft","Kultur","Kompositionsförderung","1080",1500,1,2023
"Kultur und Wissenschaft","Kultur","Einzel- und Gesamtförderung im Bereich Literatur","1070",35000,1,2023
"Kultur und Wissenschaft","Kultur","Kompositionsförderung","1120",1500,1,2023
"Kultur und Wissenschaft","Kultur","Kompositionsförderung","1100",2500,1,2023
"Kultur und Wissenschaft","Kultur","Kompositionsförderung","1020",3500,1,2023
"Kultur und Wissenschaft","Kultur","Druckkostenzuschuss","3950",13000,1,2023
"Kultur und Wissenschaft","Kultur","Einzel- und Gesamtförderung im Bereich Literatur","1090",6000,1,2023
"Kultur und Wissenschaft","Kultur","Kompositionsförderung","1050",1800,1,2023
"Kultur und Wissenschaft","Kultur","Einzel- und Gesamtförderung im Bereich Wissenschaft und Forschung","1082",6000,1,2023
"Kultur und Wissenschaft","Kultur","Einzel- und Gesamtförderung im Bereich Literatur","1090",10000,1,2023
"Kultur und Wissenschaft","Kultur","Einzel- und Gesamtförderung im Bereich Wissenschaft und Forschung","1160",16000,1,2023
"Kultur und Wissenschaft","Kultur","Kompositionsförderung","1050",1000,1,2023
"Kultur und Wissenschaft","Kultur","Einzel- und Gesamtförderung im Bereich Kulturinitiativen","1210",10000,1,2023
"Kultur und Wissenschaft","Kultur","Einzel- und Gesamtförderung im Bereich Kulturinitiativen","1210",1500,1,2023
"Kultur und Wissenschaft","Kultur","Einzel- und Gesamtförderung im Bereich Literatur","1150",5000,1,2023
"Kultur und Wissenschaft","Kultur","Kompositionsförderung","1170",2000,1,2023
"Kultur und Wissenschaft","Kultur","Kompositionsförderung","1020",1000,1,2023
"Kultur und Wissenschaft","Kultur","Kompositionsförderung","1140",2000,1,2023
"Kultur und Wissenschaft","Kultur","Einzel- und Gesamtförderung im Bereich Literatur","1120",20000,1,2023
"Kultur und Wissenschaft","Kultur","Einzel- und Gesamtförderung im Bereich Wissenschaft und Forschung","1050",4000,1,2023
"Kultur und Wissenschaft","Kultur","Druckkostenzuschuss","1100",3900,1,2023
"Kultur und Wissenschaft","Kultur","Einzel- und Gesamtförderung im Bereich Darstellende Kunst","1010",42000,1,2023
"Kultur und Wissenschaft","Kultur","Einzel- und Gesamtförderung im Bereich Darstellende Kunst","1010",155550,1,2023
"Kultur und Wissenschaft","Kultur","Wissenschaftsstipendium","1030",5000,1,2023
"Kultur und Wissenschaft","Kultur","Druckkostenzuschuss","1040",4500,1,2023
"Kultur und Wissenschaft","Kultur","Einzel- und Gesamtförderung im Bereich Filmfestival und Sommerkinos","1040",5000,1,2023
"Kultur und Wissenschaft","Kultur","Druckkostenzuschuss","1030",4000,1,2023
"Kultur und Wissenschaft","Kultur","Einzel- und Gesamtförderung im Bereich Wissenschaft und Forschung","1050",25000,1,2023
"Kultur und Wissenschaft","Kultur","Druckkostenzuschuss","1080",8000,1,2023
"Kultur und Wissenschaft","Kultur","Einzel- und Gesamtförderung im Bereich Wissenschaft und Forschung","1050",12000,1,2023
"Kultur und Wissenschaft","Kultur","Druckkostenzuschuss","1050",6000,1,2023
"Kultur und Wissenschaft","Kultur","Einzel- und Gesamtförderung im Bereich Wissenschaft und Forschung","1060",4500,1,2023
"Kultur und Wissenschaft","Kultur","Druckkostenzuschuss","1080",18000,1,2023
"Kultur und Wissenschaft","Kultur","Einzel- und Gesamtförderung im Bereich Literatur","1020",5000,1,2023
"Kultur und Wissenschaft","Kultur","Einzel- und Gesamtförderung im Bereich Darstellende Kunst","1010",750000,1,2023
"Kultur und Wissenschaft","Kultur","Einzel- und Gesamtförderung im Bereich Darstellende Kunst","1010",80000,1,2023
"Kultur und Wissenschaft","Kultur","Druckkostenzuschuss","1090",10000,1,2023
"Kultur und Wissenschaft","Kultur","Druckkostenzuschuss","6020",8000,1,2023
"Kultur und Wissenschaft","Kultur","Druckkostenzuschuss","1060",10000,1,2023
"Kultur und Wissenschaft","Kultur","Druckkostenzuschuss","1090",1000,1,2023
"Kultur und Wissenschaft","Kultur","Einzel- und Gesamtförderung im Bereich Wissenschaft und Forschung","1020",4000,1,2023
"Kultur und Wissenschaft","Kultur","Einzel- und Gesamtförderung im Bereich Literatur","1050",20000,1,2023
"Kultur und Wissenschaft","Kultur","Druckkostenzuschuss","1020",17000,1,2023
"Kultur und Wissenschaft","Kultur","Einzel- und Gesamtförderung im Bereich Darstellende Kunst","1070",167000,1,2023
"Kultur und Wissenschaft","Kultur","Einzel- und Gesamtförderung im Bereich Wissenschaft und Forschung","1090",10000,1,2023
"Kultur und Wissenschaft","Kultur","Druckkostenzuschuss","1030",4800,1,2023
"Kultur und Wissenschaft","Kultur","Einzel- und Gesamtförderung im Bereich Kulturinitiativen","1050",1000,1,2023
"Kultur und Wissenschaft","Kultur","Druckkostenzuschuss","8043",4000,1,2023
"Kultur und Wissenschaft","Kultur","Druckkostenzuschuss","1080",2000,1,2023
"Kultur und Wissenschaft","Kultur","Druckkostenzuschuss","1090",4000,1,2023
"Kultur und Wissenschaft","Kultur","Druckkostenzuschuss","1040",5000,1,2023
"Kultur und Wissenschaft","Kultur","Druckkostenzuschuss","1190",6000,1,2023
"Kultur und Wissenschaft","Kultur","Druckkostenzuschuss","1080",1500,1,2023
"Kultur und Wissenschaft","Kultur","Druckkostenzuschuss","1050",4000,1,2023
"Kultur und Wissenschaft","Kultur","Druckkostenzuschuss","8020",12000,1,2023
"Kultur und Wissenschaft","Kultur","Druckkostenzuschuss","1010",3500,1,2023
"Kultur und Wissenschaft","Kultur","Einzel- und Gesamtförderung im Bereich Filmfestival und Sommerkinos","1040",90000,1,2023
"Kultur und Wissenschaft","Kultur","Druckkostenzuschuss","1020",9000,1,2023
"Kultur und Wissenschaft","Kultur","Einzel- und Gesamtförderung im Bereich Wissenschaft und Forschung","1010",3000,1,2023
"Kultur und Wissenschaft","Kultur","Druckkostenzuschuss","1080",3000,1,2023
"Kultur und Wissenschaft","Kultur","Einzel- und Gesamtförderung im Bereich Filmfestival und Sommerkinos","1230",5000,1,2023
"Kultur und Wissenschaft","Kultur","Einzel- und Gesamtförderung im Bereich Wissenschaft und Forschung","1030",5000,1,2023
"Kultur und Wissenschaft","Kultur","Druckkostenzuschuss","1170",3000,1,2023
"Kultur und Wissenschaft","Kultur","Druckkostenzuschuss","5023",10000,1,2023
"Kultur und Wissenschaft","Kultur","Einzel- und Gesamtförderung im Bereich Filmfestival und Sommerkinos","1160",10000,1,2023
"Kultur und Wissenschaft","Kultur","Druckkostenzuschuss","1080",10000,1,2023
"Kultur und Wissenschaft","Kultur","Einzel- und Gesamtförderung im Bereich Film, Mode und Design","1060",15000,1,2023
"Kultur und Wissenschaft","Kultur","Druckkostenzuschuss","1200",2000,1,2023
"Kultur und Wissenschaft","Kultur","Druckkostenzuschuss","1010",3200,1,2023
"Kultur und Wissenschaft","Kultur","Druckkostenzuschuss","1010",500,1,2023
"Kultur und Wissenschaft","Kultur","Druckkostenzuschuss","1030",2000,1,2023
"Kultur und Wissenschaft","Kultur","Druckkostenzuschuss","1010",19400,1,2023
"Kultur und Wissenschaft","Kultur","Einzel- und Gesamtförderung im Bereich Wissenschaft und Forschung","1230",1500,1,2023
"Kultur und Wissenschaft","Kultur","Druckkostenzuschuss","1010",11000,1,2023
"Kultur und Wissenschaft","Kultur","Druckkostenzuschuss","1030",4000,1,2023
"Kultur und Wissenschaft","Kultur","Druckkostenzuschuss","1090",4000,1,2023
"Kultur und Wissenschaft","Kultur","Druckkostenzuschuss","1040",18000,1,2023
"Kultur und Wissenschaft","Kultur","Druckkostenzuschuss","1010",6000,1,2023
"Kultur und Wissenschaft","Kultur","Druckkostenzuschuss","1140",4700,1,2023
"Kultur und Wissenschaft","Kultur","Druckkostenzuschuss","1010",14500,1,2023
"Kultur und Wissenschaft","Kultur","Druckkostenzuschuss","1090",5000,1,2023
"Kultur und Wissenschaft","Kultur","Druckkostenzuschuss","1170",6000,1,2023
"Kultur und Wissenschaft","Kultur","Einzel- und Gesamtförderung im Bereich Wissenschaft und Forschung","1090",5000,1,2023
"Kultur und Wissenschaft","Kultur","Druckkostenzuschuss","1140",2000,1,2023
"Kultur und Wissenschaft","Kultur","Druckkostenzuschuss","1020",4000,1,2023
"Kultur und Wissenschaft","Kultur","Druckkostenzuschuss","1060",4000,1,2023
"Kultur und Wissenschaft","Kultur","Einzel- und Gesamtförderung im Bereich Wissenschaft und Forschung","1030",1e+05,1,2023
"Kultur und Wissenschaft","Kultur","Einzel- und Gesamtförderung im Bereich Wissenschaft und Forschung","1030",50000,1,2023
"Kultur und Wissenschaft","Kultur","Druckkostenzuschuss","1020",8900,1,2023
"Kultur und Wissenschaft","Kultur","Einzel- und Gesamtförderung im Bereich Wissenschaft und Forschung","1110",3000,1,2023
"Kultur und Wissenschaft","Kultur","Einzel- und Gesamtförderung im Bereich Literatur","5020",1400,1,2023
"Kultur und Wissenschaft","Kultur","Einzel- und Gesamtförderung im Bereich Wissenschaft und Forschung","1090",38000,1,2023
"Kultur und Wissenschaft","Kultur","Einzel- und Gesamtförderung im Bereich Literatur","1070",25000,1,2023
"Kultur und Wissenschaft","Kultur","Einzel- und Gesamtförderung im Bereich Wissenschaft und Forschung","1170",1000,1,2023
"Kultur und Wissenschaft","Kultur","Einzel- und Gesamtförderung im Bereich Kulturinitiativen","1050",5000,1,2023
"Kultur und Wissenschaft","Kultur","Einzel- und Gesamtförderung im Bereich Literatur","1010",12000,1,2023
"Kultur und Wissenschaft","Kultur","Einzel- und Gesamtförderung im Bereich Literatur","1010",5000,1,2023
"Kultur und Wissenschaft","Kultur","Druckkostenzuschuss","1020",2000,1,2023
"Kultur und Wissenschaft","Kultur","Einzel- und Gesamtförderung im Bereich Musik","1080",10000,1,2023
"Kultur und Wissenschaft","Kultur","Einzel- und Gesamtförderung im Bereich Literatur","1050",4000,1,2023
"Kultur und Wissenschaft","Kultur","Einzel- und Gesamtförderung im Bereich Wissenschaft und Forschung","1160",150000,1,2023
"Kultur und Wissenschaft","Kultur","Einzel- und Gesamtförderung im Bereich Wissenschaft und Forschung","1160",15000,1,2023
"Kultur und Wissenschaft","Kultur","Druckkostenzuschuss","1050",5500,1,2023
"Kultur und Wissenschaft","Kultur","Einzel- und Gesamtförderung im Bereich Kulturinitiativen","1100",3000,1,2023
"Kultur und Wissenschaft","Kultur","Druckkostenzuschuss","1020",8000,1,2023
"Kultur und Wissenschaft","Kultur","Einzel- und Gesamtförderung im Bereich Wissenschaft und Forschung","1090",650000,1,2023
"Kultur und Wissenschaft","Kultur","Einzel- und Gesamtförderung im Bereich Wissenschaft und Forschung","1090",65000,1,2023
"Kultur und Wissenschaft","Kultur","Einzel- und Gesamtförderung im Bereich Darstellende Kunst","1060",50000,1,2023
"Kultur und Wissenschaft","Kultur","Einzel- und Gesamtförderung im Bereich Darstellende Kunst","1060",10000,1,2023
"Kultur und Wissenschaft","Kultur","Einzel- und Gesamtförderung im Bereich Wissenschaft und Forschung","1010",4500,1,2023
"Kultur und Wissenschaft","Kultur","Einzel- und Gesamtförderung im Bereich Wissenschaft und Forschung","1080",5000,1,2023
"Kultur und Wissenschaft","Kultur","Einzel- und Gesamtförderung im Bereich Darstellende Kunst","1020",75000,1,2023
"Kultur und Wissenschaft","Kultur","Einzel- und Gesamtförderung im Bereich Musik","1030",1230000,1,2023
"Kultur und Wissenschaft","Kultur","Einzel- und Gesamtförderung im Bereich Musik","1030",72860,1,2023
"Kultur und Wissenschaft","Kultur","Kunstankauf","1200",3400,1,2023
"Kultur und Wissenschaft","Kultur","Einzel- und Gesamtförderung im Bereich Kulturinitiativen","1020",5000,1,2023
"Kultur und Wissenschaft","Kultur","Einzel- und Gesamtförderung im Bereich Kulturinitiativen","1120",3500,1,2023
"Kultur und Wissenschaft","Kultur","Bau- und Investitonskostenzuschuss","1010",40000,1,2023
"Kultur und Wissenschaft","Kultur","Einzel- und Gesamtförderung im Bereich Musik","1190",40000,1,2023
"Kultur und Wissenschaft","Kultur","Einzel- und Gesamtförderung im Bereich Musik","1190",5000,1,2023
"Kultur und Wissenschaft","Kultur","Einzel- und Gesamtförderung im Bereich Wissenschaft und Forschung","1010",3500,1,2023
"Kultur und Wissenschaft","Kultur","Einzel- und Gesamtförderung im Bereich Wissenschaft und Forschung","1050",3000,1,2023
"Kultur und Wissenschaft","Kultur","Einzel- und Gesamtförderung im Bereich Wissenschaft und Forschung","1010",4000,1,2023
"Kultur und Wissenschaft","Kultur","Einzel- und Gesamtförderung im Bereich Wissenschaft und Forschung","1020",20000,1,2023
"Kultur und Wissenschaft","Kultur","Einzel- und Gesamtförderung im Bereich Kulturinitiativen","1140",35000,1,2023
"Kultur und Wissenschaft","Kultur","Einzel- und Gesamtförderung im Bereich Bildende Kunst und Medienkunst","1030",1830000,1,2023
"Kultur und Wissenschaft","Kultur","Einzel- und Gesamtförderung im Bereich Literatur","1010",15000,1,2023
"Kultur und Wissenschaft","Kultur","Einzel- und Gesamtförderung im Bereich Wissenschaft und Forschung","1090",4000,1,2023
"Kultur und Wissenschaft","Kultur","Einzel- und Gesamtförderung im Bereich Wissenschaft und Forschung","1010",5000,1,2023
"Kultur und Wissenschaft","Kultur","Wiener Altstadterhaltungsfonds","3400",38873.33,1,2023
"Kultur und Wissenschaft","Kultur","Einzel- und Gesamtförderung im Bereich Film, Mode und Design","1070",20000,1,2023
"Kultur und Wissenschaft","Kultur","Einzel- und Gesamtförderung im Bereich Wissenschaft und Forschung","1010",4000,1,2023
"Kultur und Wissenschaft","Kultur","Einzel- und Gesamtförderung im Bereich Wissenschaft und Forschung","1060",4500,1,2023
"Kultur und Wissenschaft","Kultur","Einzel- und Gesamtförderung im Bereich Kulturinitiativen","1050",2000,1,2023
"Kultur und Wissenschaft","Kultur","Einzel- und Gesamtförderung im Bereich Wissenschaft und Forschung","1010",10000,1,2023
"Kultur und Wissenschaft","Kultur","Einzel- und Gesamtförderung im Bereich Kulturinitiativen","1220",2000,1,2023
"Kultur und Wissenschaft","Kultur","Wissenschaftsstipendium","1020",5000,1,2023
"Kultur und Wissenschaft","Kultur","Einzel- und Gesamtförderung im Bereich Bildende Kunst und Medienkunst","1060",10000,1,2023
"Kultur und Wissenschaft","Kultur","Einzel- und Gesamtförderung im Bereich Kulturinitiativen","1180",7000,1,2023
"Kultur und Wissenschaft","Kultur","Einzel- und Gesamtförderung im Bereich Kulturinitiativen","1120",5000,1,2023
"Kultur und Wissenschaft","Kultur","Einzel- und Gesamtförderung im Bereich Wissenschaft und Forschung","1020",2500,1,2023
"Kultur und Wissenschaft","Kultur","Wiener Altstadterhaltungsfonds","1090",13461,1,2023
"Kultur und Wissenschaft","Kultur","Einzel- und Gesamtförderung im Bereich Wissenschaft und Forschung","1090",120000,1,2023
"Kultur und Wissenschaft","Kultur","Einzel- und Gesamtförderung im Bereich Darstellende Kunst","1060",125000,1,2023
"Kultur und Wissenschaft","Kultur","Einzel- und Gesamtförderung im Bereich Wissenschaft und Forschung","1010",30000,1,2023
"Kultur und Wissenschaft","Kultur","Einzel- und Gesamtförderung im Bereich Darstellende Kunst","1090",25000,1,2023
"Kultur und Wissenschaft","Kultur","Einzel- und Gesamtförderung im Bereich Wissenschaft und Forschung","1070",3000,1,2023
"Kultur und Wissenschaft","Kultur","Einzel- und Gesamtförderung im Bereich Wissenschaft und Forschung","1010",90000,1,2023
"Kultur und Wissenschaft","Kultur","Einzel- und Gesamtförderung im Bereich Kulturinitiativen","1210",4000,1,2023
"Kultur und Wissenschaft","Kultur","Einzel- und Gesamtförderung im Bereich Kulturinitiativen","1040",28000,1,2023
"Kultur und Wissenschaft","Kultur","Einzel- und Gesamtförderung im Bereich Kulturinitiativen","1040",2500,1,2023
"Kultur und Wissenschaft","Kultur","Bau- und Investitonskostenzuschuss","1150",70000,1,2023
"Kultur und Wissenschaft","Kultur","Einzel- und Gesamtförderung im Bereich Kulturinitiativen","1020",3500,1,2023
"Kultur und Wissenschaft","Kultur","Einzel- und Gesamtförderung im Bereich Kulturinitiativen","1150",9000,1,2023
"Kultur und Wissenschaft","Kultur","Einzel- und Gesamtförderung im Bereich Wissenschaft und Forschung","1080",5000,1,2023
"Kultur und Wissenschaft","Kultur","Einzel- und Gesamtförderung im Bereich Kulturinitiativen","1080",5000,1,2023
"Kultur und Wissenschaft","Kultur","Förderungspreise der Stadt Wien","1200",4000,1,2023
"Kultur und Wissenschaft","Kultur","Einzel- und Gesamtförderung im Bereich Wissenschaft und Forschung","1090",5000,1,2023
"Kultur und Wissenschaft","Kultur","Einzel- und Gesamtförderung im Bereich Wissenschaft und Forschung","1090",30000,1,2023
"Kultur und Wissenschaft","Kultur","Einzel- und Gesamtförderung im Bereich Kulturinitiativen","1170",2000,1,2023
"Kultur und Wissenschaft","Kultur","Einzel- und Gesamtförderung im Bereich Kulturinitiativen","1050",3000,1,2023
"Kultur und Wissenschaft","Kultur","Einzel- und Gesamtförderung im Bereich Kulturinitiativen","1100",5000,1,2023
"Kultur und Wissenschaft","Kultur","Einzel- und Gesamtförderung im Bereich Wissenschaft und Forschung","1180",2500,1,2023
"Kultur und Wissenschaft","Kultur","Einzel- und Gesamtförderung im Bereich Kulturinitiativen","1020",12000,1,2023
"Kultur und Wissenschaft","Kultur","Einzel- und Gesamtförderung im Bereich Kulturinitiativen","1020",2000,1,2023
"Kultur und Wissenschaft","Kultur","Einzel- und Gesamtförderung im Bereich Kulturinitiativen","1030",5000,1,2023
"Kultur und Wissenschaft","Kultur","Wiener Altstadterhaltungsfonds","1220",124429.68,1,2023
"Kultur und Wissenschaft","Kultur","Einzel- und Gesamtförderung im Bereich Kulturinitiativen","1020",40000,1,2023
"Kultur und Wissenschaft","Kultur","Einzel- und Gesamtförderung im Bereich Kulturinitiativen","1180",5000,1,2023
"Kultur und Wissenschaft","Kultur","Einzel- und Gesamtförderung im Bereich Kulturinitiativen","1070",10000,1,2023
"Kultur und Wissenschaft","Kultur","Einzel- und Gesamtförderung im Bereich Kulturinitiativen","1230",3500,1,2023
"Kultur und Wissenschaft","Kultur","Einzel- und Gesamtförderung im Bereich Kulturinitiativen","1230",1500,1,2023
"Kultur und Wissenschaft","Kultur","Kompositionsförderung","1030",1000,1,2023
"Kultur und Wissenschaft","Kultur","Einzel- und Gesamtförderung im Bereich Kulturinitiativen","1220",10000,1,2023
"Kultur und Wissenschaft","Kultur","Einzel- und Gesamtförderung im Bereich Kulturinitiativen","1150",7000,1,2023
"Kultur und Wissenschaft","Kultur","Einzel- und Gesamtförderung im Bereich Kulturinitiativen","1050",7000,1,2023
"Kultur und Wissenschaft","Kultur","Einzel- und Gesamtförderung im Bereich Kulturinitiativen","1020",20000,1,2023
"Kultur und Wissenschaft","Kultur","Einzel- und Gesamtförderung im Bereich Kulturinitiativen","1060",8000,1,2023
"Kultur und Wissenschaft","Kultur","Einzel- und Gesamtförderung im Bereich Wissenschaft und Forschung","1020",3500,1,2023
"Kultur und Wissenschaft","Kultur","Einzel- und Gesamtförderung im Bereich Musik","1160",5000,1,2023
"Kultur und Wissenschaft","Kultur","Einzel- und Gesamtförderung im Bereich Wissenschaft und Forschung","1020",5000,1,2023
"Kultur und Wissenschaft","Kultur","Kompositionsförderung","1030",1200,1,2023
"Kultur und Wissenschaft","Kultur","Einzel- und Gesamtförderung im Bereich Kulturinitiativen","1220",4000,1,2023
"Kultur und Wissenschaft","Kultur","Einzel- und Gesamtförderung im Bereich Wissenschaft und Forschung","1180",4000,1,2023
"Kultur und Wissenschaft","Kultur","Einzel- und Gesamtförderung im Bereich Kulturinitiativen","1120",3500,1,2023
"Kultur und Wissenschaft","Kultur","Einzel- und Gesamtförderung im Bereich Kulturinitiativen","1040",4500,1,2023
"Kultur und Wissenschaft","Kultur","Einzel- und Gesamtförderung im Bereich Wissenschaft und Forschung","1080",3000,1,2023
"Kultur und Wissenschaft","Kultur","Einzel- und Gesamtförderung im Bereich Kulturinitiativen","1030",5000,1,2023
"Kultur und Wissenschaft","Kultur","Druckkostenzuschuss","1030",3000,1,2023
"Kultur und Wissenschaft","Kultur","Einzel- und Gesamtförderung im Bereich Wissenschaft und Forschung","1070",1000,1,2023
"Kultur und Wissenschaft","Kultur","Einzel- und Gesamtförderung im Bereich Wissenschaft und Forschung","1050",4000,1,2023
"Kultur und Wissenschaft","Kultur","Einzel- und Gesamtförderung im Bereich Darstellende Kunst","1100",8000,1,2023
"Kultur und Wissenschaft","Kultur","Einzel- und Gesamtförderung im Bereich Darstellende Kunst","1100",80000,1,2023
"Kultur und Wissenschaft","Kultur","Einzel- und Gesamtförderung im Bereich Literatur","1220",2500,1,2023
"Kultur und Wissenschaft","Kultur","Einzel- und Gesamtförderung im Bereich Literatur","1080",15000,1,2023
"Kultur und Wissenschaft","Kultur","Einzel- und Gesamtförderung im Bereich Film, Mode und Design","1200",105000,1,2023
"Kultur und Wissenschaft","Kultur","Einzel- und Gesamtförderung im Bereich Wissenschaft und Forschung","1030",2500,1,2023
"Kultur und Wissenschaft","Kultur","Einzel- und Gesamtförderung im Bereich Wissenschaft und Forschung","1180",2000,1,2023
"Kultur und Wissenschaft","Kultur","Einzel- und Gesamtförderung im Bereich Wissenschaft und Forschung","1080",3000,1,2023
"Kultur und Wissenschaft","Kultur","Einzel- und Gesamtförderung im Bereich Film, Mode und Design","1070",10000,1,2023
"Kultur und Wissenschaft","Kultur","Einzel- und Gesamtförderung im Bereich Wissenschaft und Forschung","1120",2000,1,2023
"Kultur und Wissenschaft","Kultur","Einzel- und Gesamtförderung im Bereich Film, Mode und Design","1230",5000,1,2023
"Kultur und Wissenschaft","Kultur","Einzel- und Gesamtförderung im Bereich Film, Mode und Design","1010",175000,1,2023
"Kultur und Wissenschaft","Kultur","Einzel- und Gesamtförderung im Bereich Musik","1140",5000,1,2023
"Kultur und Wissenschaft","Kultur","Einzel- und Gesamtförderung im Bereich Wissenschaft und Forschung","1070",4000,1,2023
"Kultur und Wissenschaft","Kultur","Einzel- und Gesamtförderung im Bereich Darstellende Kunst","1030",50000,1,2023
"Kultur und Wissenschaft","Kultur","Einzel- und Gesamtförderung im Bereich Darstellende Kunst","1030",250000,1,2023
"Kultur und Wissenschaft","Kultur","Einzel- und Gesamtförderung im Bereich Musik","1230",3000,1,2023
"Kultur und Wissenschaft","Kultur","Einzel- und Gesamtförderung im Bereich Musik","1100",2000,1,2023
"Kultur und Wissenschaft","Kultur","Einzel- und Gesamtförderung im Bereich Darstellende Kunst","1060",2551814.65,1,2023
"Kultur und Wissenschaft","Kultur","Einzel- und Gesamtförderung im Bereich Kulturinitiativen","1220",3500,1,2023
"Kultur und Wissenschaft","Kultur","Einzel- und Gesamtförderung im Bereich Darstellende Kunst","1090",150000,1,2023
"Kultur und Wissenschaft","Kultur","Einzel- und Gesamtförderung im Bereich Darstellende Kunst","1090",30000,1,2023
"Kultur und Wissenschaft","Kultur","Kompositionsförderung","1080",1000,1,2023
"Kultur und Wissenschaft","Kultur","Druckkostenzuschuss","1170",1000,1,2023
"Kultur und Wissenschaft","Kultur","Einzel- und Gesamtförderung im Bereich Musik","1220",3500,1,2023
"Kultur und Wissenschaft","Kultur","Einzel- und Gesamtförderung im Bereich Musik","1030",5000,1,2023
"Kultur und Wissenschaft","Kultur","Einzel- und Gesamtförderung im Bereich Literatur","1140",2000,1,2023
"Kultur und Wissenschaft","Kultur","Förderungspreise der Stadt Wien","1120",4000,1,2023
"Kultur und Wissenschaft","Kultur","Einzel- und Gesamtförderung im Bereich Wissenschaft und Forschung","1040",4000,1,2023
"Kultur und Wissenschaft","Kultur","Einzel- und Gesamtförderung im Bereich Musik","1190",6000,1,2023
"Kultur und Wissenschaft","Kultur","Einzel- und Gesamtförderung im Bereich Musik","1010",4000,1,2023
"Kultur und Wissenschaft","Kultur","Einzel- und Gesamtförderung im Bereich Musik","1210",9000,1,2023
"Kultur und Wissenschaft","Kultur","Einzel- und Gesamtförderung im Bereich Wissenschaft und Forschung","1090",4000,1,2023
"Kultur und Wissenschaft","Kultur","Einzel- und Gesamtförderung im Bereich Musik","1020",15000,1,2023
"Kultur und Wissenschaft","Kultur","Einzel- und Gesamtförderung im Bereich Kulturinitiativen","1030",1000,1,2023
"Kultur und Wissenschaft","Kultur","Einzel- und Gesamtförderung im Bereich Darstellende Kunst","1160",50000,1,2023
"Kultur und Wissenschaft","Kultur","Einzel- und Gesamtförderung im Bereich Darstellende Kunst","1160",1e+05,1,2023
"Kultur und Wissenschaft","Kultur","Einzel- und Gesamtförderung im Bereich Darstellende Kunst","1160",20000,1,2023
"Kultur und Wissenschaft","Kultur","Einzel- und Gesamtförderung im Bereich Kulturinitiativen","1100",3000,1,2023
"Kultur und Wissenschaft","Kultur","Einzel- und Gesamtförderung im Bereich Darstellende Kunst","1170",7000,1,2023
"Kultur und Wissenschaft","Kultur","Einzel- und Gesamtförderung im Bereich Musik","1070",10000,1,2023
"Kultur und Wissenschaft","Kultur","Einzel- und Gesamtförderung im Bereich Musik","1150",4000,1,2023
"Kultur und Wissenschaft","Kultur","Einzel- und Gesamtförderung im Bereich Musik","1090",5000,1,2023
"Kultur und Wissenschaft","Kultur","Kompositionsförderung","1170",2700,1,2023
"Kultur und Wissenschaft","Kultur","Einzel- und Gesamtförderung im Bereich Kulturinitiativen","1020",10000,1,2023
"Kultur und Wissenschaft","Kultur","Einzel- und Gesamtförderung im Bereich Kulturinitiativen","1020",2000,1,2023
"Kultur und Wissenschaft","Kultur","Wissenschaftsstipendium","1190",4500,1,2023
"Kultur und Wissenschaft","Kultur","Einzel- und Gesamtförderung im Bereich Musik","1170",1000,1,2023
"Kultur und Wissenschaft","Kultur","Einzel- und Gesamtförderung im Bereich Musik","1130",3000,1,2023
"Kultur und Wissenschaft","Kultur","Einzel- und Gesamtförderung im Bereich Literatur","1060",41000,1,2023
"Kultur und Wissenschaft","Kultur","Einzel- und Gesamtförderung im Bereich Musik","1050",5000,1,2023
"Kultur und Wissenschaft","Kultur","Druckkostenzuschuss","1190",1500,1,2023
"Kultur und Wissenschaft","Kultur","Einzel- und Gesamtförderung im Bereich Kulturinitiativen","1040",503000,1,2023
"Kultur und Wissenschaft","Kultur","Einzel- und Gesamtförderung im Bereich Musik","1060",3000,1,2023
"Kultur und Wissenschaft","Kultur","Einzel- und Gesamtförderung im Bereich Musik","1040",8000,1,2023
"Kultur und Wissenschaft","Kultur","Einzel- und Gesamtförderung im Bereich Musik","1190",8000,1,2023
"Kultur und Wissenschaft","Kultur","Einzel- und Gesamtförderung im Bereich Musik","1160",15000,1,2023
"Kultur und Wissenschaft","Kultur","Einzel- und Gesamtförderung im Bereich Musik","1060",10000,1,2023
"Kultur und Wissenschaft","Kultur","Einzel- und Gesamtförderung im Bereich Film, Mode und Design","1090",5000,1,2023
"Kultur und Wissenschaft","Kultur","Kompositionsförderung","1150",1500,1,2023
"Kultur und Wissenschaft","Kultur","Einzel- und Gesamtförderung im Bereich Wissenschaft und Forschung","1180",22000,1,2023
"Kultur und Wissenschaft","Kultur","Einzel- und Gesamtförderung im Bereich Musik","1090",5000,1,2023
"Kultur und Wissenschaft","Kultur","Einzel- und Gesamtförderung im Bereich Musik","1060",5000,1,2023
"Kultur und Wissenschaft","Kultur","Einzel- und Gesamtförderung im Bereich Musik","1190",8000,1,2023
"Kultur und Wissenschaft","Kultur","Einzel- und Gesamtförderung im Bereich Musik","1100",4000,1,2023
"Kultur und Wissenschaft","Kultur","Einzel- und Gesamtförderung im Bereich Musik","1020",7000,1,2023
"Kultur und Wissenschaft","Kultur","Einzel- und Gesamtförderung im Bereich Wissenschaft und Forschung","1120",3000,1,2023
"Kultur und Wissenschaft","Kultur","Einzel- und Gesamtförderung im Bereich Musik","1070",5500,1,2023
"Kultur und Wissenschaft","Kultur","Einzel- und Gesamtförderung im Bereich Musik","1080",4000,1,2023
"Kultur und Wissenschaft","Kultur","Einzel- und Gesamtförderung im Bereich Musik","1020",10000,1,2023
"Kultur und Wissenschaft","Kultur","Einzel- und Gesamtförderung im Bereich Musik","1020",3000,1,2023
"Kultur und Wissenschaft","Kultur","Einzel- und Gesamtförderung im Bereich Musik","1070",8000,1,2023
"Kultur und Wissenschaft","Kultur","Einzel- und Gesamtförderung im Bereich Musik","1180",4500,1,2023
"Kultur und Wissenschaft","Kultur","Einzel- und Gesamtförderung im Bereich Musik","1170",5000,1,2023
"Kultur und Wissenschaft","Kultur","Einzel- und Gesamtförderung im Bereich Musik","1050",10000,1,2023
"Kultur und Wissenschaft","Kultur","Einzel- und Gesamtförderung im Bereich Musik","1170",5000,1,2023
"Kultur und Wissenschaft","Kultur","Einzel- und Gesamtförderung im Bereich Musik","1160",5000,1,2023
"Kultur und Wissenschaft","Kultur","Einzel- und Gesamtförderung im Bereich Musik","1050",2000,1,2023
"Kultur und Wissenschaft","Kultur","Einzel- und Gesamtförderung im Bereich Musik","1050",10000,1,2023
"Kultur und Wissenschaft","Kultur","Einzel- und Gesamtförderung im Bereich Musik","1080",15000,1,2023
"Kultur und Wissenschaft","Kultur","Einzel- und Gesamtförderung im Bereich Musik","1180",8000,1,2023
"Kultur und Wissenschaft","Kultur","Einzel- und Gesamtförderung im Bereich Musik","1030",5000,1,2023
"Kultur und Wissenschaft","Kultur","Einzel- und Gesamtförderung im Bereich Musik","1090",5000,1,2023
"Kultur und Wissenschaft","Kultur","Einzel- und Gesamtförderung im Bereich Musik","1060",3500,1,2023
"Kultur und Wissenschaft","Kultur","Einzel- und Gesamtförderung im Bereich Musik","1160",20000,1,2023
"Kultur und Wissenschaft","Kultur","Einzel- und Gesamtförderung im Bereich Musik","1160",15000,1,2023
"Kultur und Wissenschaft","Kultur","Einzel- und Gesamtförderung im Bereich Musik","1160",10000,1,2023
"Kultur und Wissenschaft","Kultur","Einzel- und Gesamtförderung im Bereich Musik","1010",8000,1,2023
"Kultur und Wissenschaft","Kultur","Einzel- und Gesamtförderung im Bereich Musik","1050",13000,1,2023
"Kultur und Wissenschaft","Kultur","Einzel- und Gesamtförderung im Bereich Musik","1180",3000,1,2023
"Kultur und Wissenschaft","Kultur","Einzel- und Gesamtförderung im Bereich Musik","1030",2000,1,2023
"Kultur und Wissenschaft","Kultur","Einzel- und Gesamtförderung im Bereich Musik","1080",13000,1,2023
"Kultur und Wissenschaft","Kultur","Einzel- und Gesamtförderung im Bereich Musik","1180",57000,1,2023
"Kultur und Wissenschaft","Kultur","Einzel- und Gesamtförderung im Bereich Musik","1020",2500,1,2023
"Kultur und Wissenschaft","Kultur","Einzel- und Gesamtförderung im Bereich Musik","1030",7000,1,2023
"Kultur und Wissenschaft","Kultur","Einzel- und Gesamtförderung im Bereich Musik","1160",2000,1,2023
"Kultur und Wissenschaft","Kultur","Einzel- und Gesamtförderung im Bereich Musik","1090",8000,1,2023
"Kultur und Wissenschaft","Kultur","Einzel- und Gesamtförderung im Bereich Musik","1150",5000,1,2023
"Kultur und Wissenschaft","Kultur","Einzel- und Gesamtförderung im Bereich Darstellende Kunst","1090",1550000,1,2023
"Kultur und Wissenschaft","Kultur","Einzel- und Gesamtförderung im Bereich Darstellende Kunst","1090",550000,1,2023
"Kultur und Wissenschaft","Kultur","Einzel- und Gesamtförderung im Bereich Wissenschaft und Forschung","1090",2500,1,2023
"Kultur und Wissenschaft","Kultur","Druckkostenzuschuss","1190",1500,1,2023
"Kultur und Wissenschaft","Kultur","Förderungspreise der Stadt Wien","1180",4000,1,2023
"Kultur und Wissenschaft","Kultur","Einzel- und Gesamtförderung im Bereich Literatur","1010",20000,1,2023
"Kultur und Wissenschaft","Kultur","Einzel- und Gesamtförderung im Bereich Darstellende Kunst","1070",1450000,1,2023
"Kultur und Wissenschaft","Kultur","Einzel- und Gesamtförderung im Bereich Darstellende Kunst","1070",350000,1,2023
"Kultur und Wissenschaft","Kultur","Druckkostenzuschuss","1010",1500,1,2023
"Kultur und Wissenschaft","Kultur","Einzel- und Gesamtförderung im Bereich Wissenschaft und Forschung","1090",4000,1,2023
"Kultur und Wissenschaft","Kultur","Einzel- und Gesamtförderung im Bereich Darstellende Kunst","1180",24000,1,2023
"Kultur und Wissenschaft","Kultur","Einzel- und Gesamtförderung im Bereich Darstellende Kunst","1100",45000,1,2023
"Kultur und Wissenschaft","Kultur","Einzel- und Gesamtförderung im Bereich Wissenschaft und Forschung","1200",4000,1,2023
"Kultur und Wissenschaft","Kultur","Einzel- und Gesamtförderung im Bereich Darstellende Kunst","1190",35000,1,2023
"Kultur und Wissenschaft","Kultur","Einzel- und Gesamtförderung im Bereich Darstellende Kunst","1020",28000,1,2023
"Kultur und Wissenschaft","Kultur","Einzel- und Gesamtförderung im Bereich Darstellende Kunst","1150",13000,1,2023
"Kultur und Wissenschaft","Kultur","Wissenschaftsstipendium","1160",4500,1,2023
"Kultur und Wissenschaft","Kultur","Einzel- und Gesamtförderung im Bereich Darstellende Kunst","1200",30000,1,2023
"Kultur und Wissenschaft","Kultur","Einzel- und Gesamtförderung im Bereich Darstellende Kunst","1020",50000,1,2023
"Kultur und Wissenschaft","Kultur","Einzel- und Gesamtförderung im Bereich Darstellende Kunst","1020",35000,1,2023
"Kultur und Wissenschaft","Kultur","Einzel- und Gesamtförderung im Bereich Darstellende Kunst","1060",1549000,1,2023
"Kultur und Wissenschaft","Kultur","Einzel- und Gesamtförderung im Bereich Kino","1050",12000,1,2023
"Kultur und Wissenschaft","Kultur","Kinoreferenzförderung","1050",15000,1,2023
"Kultur und Wissenschaft","Kultur","Einzel- und Gesamtförderung im Bereich Kino","1050",12000,1,2023
"Kultur und Wissenschaft","Kultur","Kinoreferenzförderung","1050",15000,1,2023
"Kultur und Wissenschaft","Kultur","Wissenschaftsstipendium","1040",4500,1,2023
"Kultur und Wissenschaft","Kultur","Einzel- und Gesamtförderung im Bereich Musik","1010",182000,1,2023
"Kultur und Wissenschaft","Kultur","Einzel- und Gesamtförderung im Bereich Musik","1010",18000,1,2023
"Kultur und Wissenschaft","Kultur","Einzel- und Gesamtförderung im Bereich Darstellende Kunst","1060",25000,1,2023
"Kultur und Wissenschaft","Kultur","Einzel- und Gesamtförderung im Bereich Wissenschaft und Forschung","1050",4000,1,2023
"Kultur und Wissenschaft","Kultur","Einzel- und Gesamtförderung im Bereich Darstellende Kunst","1110",13000,1,2023
"Kultur und Wissenschaft","Kultur","Einzel- und Gesamtförderung im Bereich Darstellende Kunst","1170",40000,1,2023
"Kultur und Wissenschaft","Kultur","Einzel- und Gesamtförderung im Bereich Darstellende Kunst","1040",38000,1,2023
"Kultur und Wissenschaft","Kultur","Einzel- und Gesamtförderung im Bereich Darstellende Kunst","1040",15000,1,2023
"Kultur und Wissenschaft","Kultur","Einzel- und Gesamtförderung im Bereich Darstellende Kunst","1070",8e+05,1,2023
"Kultur und Wissenschaft","Kultur","Einzel- und Gesamtförderung im Bereich Darstellende Kunst","1070",9e+06,1,2023
"Kultur und Wissenschaft","Kultur","Einzel- und Gesamtförderung im Bereich Darstellende Kunst","1150",35000,1,2023
"Kultur und Wissenschaft","Kultur","Einzel- und Gesamtförderung im Bereich Wissenschaft und Forschung","1180",4000,1,2023
"Kultur und Wissenschaft","Kultur","Einzel- und Gesamtförderung im Bereich Darstellende Kunst","1100",34000,1,2023
"Kultur und Wissenschaft","Kultur","Einzel- und Gesamtförderung im Bereich Darstellende Kunst","1080",9500000,1,2023
"Kultur und Wissenschaft","Kultur","Einzel- und Gesamtförderung im Bereich Darstellende Kunst","1150",7000,1,2023
"Kultur und Wissenschaft","Kultur","Einzel- und Gesamtförderung im Bereich Darstellende Kunst","1020",5000,1,2023
"Kultur und Wissenschaft","Kultur","Druckkostenzuschuss","5020",3000,1,2023
"Kultur und Wissenschaft","Kultur","Einzel- und Gesamtförderung im Bereich Darstellende Kunst","1100",37000,1,2023
"Kultur und Wissenschaft","Kultur","Einzel- und Gesamtförderung im Bereich Darstellende Kunst","1020",8000,1,2023
"Kultur und Wissenschaft","Kultur","Einzel- und Gesamtförderung im Bereich Wissenschaft und Forschung","1030",4000,1,2023
"Kultur und Wissenschaft","Kultur","Einzel- und Gesamtförderung im Bereich Kino","1040",12000,1,2023
"Kultur und Wissenschaft","Kultur","Wissenschaftsstipendium","1150",10000,1,2023
"Kultur und Wissenschaft","Kultur","Kinoreferenzförderung","1040",15000,1,2023
"Kultur und Wissenschaft","Kultur","Einzel- und Gesamtförderung im Bereich Kino","1040",12000,1,2023
"Kultur und Wissenschaft","Kultur","Kinoreferenzförderung","1040",15000,1,2023
"Kultur und Wissenschaft","Kultur","Einzel- und Gesamtförderung im Bereich Wissenschaft und Forschung","1110",4500,1,2023
"Kultur und Wissenschaft","Kultur","Einzel- und Gesamtförderung im Bereich Wissenschaft und Forschung","1050",4000,1,2023
"Kultur und Wissenschaft","Kultur","Einzel- und Gesamtförderung im Bereich Darstellende Kunst","1080",46000,1,2023
"Kultur und Wissenschaft","Kultur","Einzel- und Gesamtförderung im Bereich Darstellende Kunst","1160",40000,1,2023
"Kultur und Wissenschaft","Kultur","Einzel- und Gesamtförderung im Bereich Darstellende Kunst","1060",9000,1,2023
"Kultur und Wissenschaft","Kultur","Einzel- und Gesamtförderung im Bereich Darstellende Kunst","1070",5e+06,1,2023
"Kultur und Wissenschaft","Kultur","Einzel- und Gesamtförderung im Bereich Darstellende Kunst","1070",5e+05,1,2023
"Kultur und Wissenschaft","Kultur","Einzel- und Gesamtförderung im Bereich Darstellende Kunst","1030",21000,1,2023
"Kultur und Wissenschaft","Kultur","Einzel- und Gesamtförderung im Bereich Wissenschaft und Forschung","1090",4000,1,2023
"Kultur und Wissenschaft","Kultur","Sonstige Förderungen","1070",416000,1,2023
"Kultur und Wissenschaft","Kultur","Förderungspreise der Stadt Wien","1220",4000,1,2023
"Kultur und Wissenschaft","Kultur","Einzel- und Gesamtförderung im Bereich Darstellende Kunst","1010",28000,1,2023
"Kultur und Wissenschaft","Kultur","Einzel- und Gesamtförderung im Bereich Darstellende Kunst","1120",30000,1,2023
"Kultur und Wissenschaft","Kultur","Einzel- und Gesamtförderung im Bereich Darstellende Kunst","1170",29000,1,2023
"Kultur und Wissenschaft","Kultur","Einzel- und Gesamtförderung im Bereich Darstellende Kunst","2700",40000,1,2023
"Kultur und Wissenschaft","Kultur","Einzel- und Gesamtförderung im Bereich Darstellende Kunst","1030",11000,1,2023
"Kultur und Wissenschaft","Kultur","Einzel- und Gesamtförderung im Bereich Darstellende Kunst","1160",26000,1,2023
"Kultur und Wissenschaft","Kultur","Einzel- und Gesamtförderung im Bereich Darstellende Kunst","1060",945000,1,2023
"Kultur und Wissenschaft","Kultur","Einzel- und Gesamtförderung im Bereich Darstellende Kunst","1060",155000,1,2023
"Kultur und Wissenschaft","Kultur","Einzel- und Gesamtförderung im Bereich Darstellende Kunst","1020",30000,1,2023
"Kultur und Wissenschaft","Kultur","Einzel- und Gesamtförderung im Bereich Kulturinitiativen","1060",4000,1,2023
"Kultur und Wissenschaft","Kultur","Einzel- und Gesamtförderung im Bereich Literatur","1010",6000,1,2023
"Kultur und Wissenschaft","Kultur","Kompositionsförderung","1160",1000,1,2023
"Kultur und Wissenschaft","Kultur","Kinoreferenzförderung","1060",15000,1,2023
"Kultur und Wissenschaft","Kultur","Kompositionsförderung","1190",1000,1,2023
"Kultur und Wissenschaft","Kultur","Buchprämie - Aktion ""Wiener AutorInnen in Wiener Verlagen""","1080",2500,1,2023
"Kultur und Wissenschaft","Kultur","Einzel- und Gesamtförderung im Bereich Wissenschaft und Forschung","1080",50000,1,2023
"Kultur und Wissenschaft","Kultur","Kompositionsförderung","1160",1000,1,2023
"Kultur und Wissenschaft","Kultur","Einzel- und Gesamtförderung im Bereich Kulturinitiativen","1120",2000,1,2023
"Kultur und Wissenschaft","Kultur","Druckkostenzuschuss","1160",1500,1,2023
"Kultur und Wissenschaft","Kultur","Einzel- und Gesamtförderung im Bereich Darstellende Kunst","1140",40000,1,2023
"Kultur und Wissenschaft","Kultur","Einzel- und Gesamtförderung im Bereich Darstellende Kunst","1210",40000,1,2023
"Kultur und Wissenschaft","Kultur","Wissenschaftsstipendium","1160",3500,1,2023
"Kultur und Wissenschaft","Kultur","Kunstankauf","1050",4000,1,2023
"Kultur und Wissenschaft","Kultur","Einzel- und Gesamtförderung im Bereich Darstellende Kunst","1200",77000,1,2023
"Kultur und Wissenschaft","Kultur","Einzel- und Gesamtförderung im Bereich Literatur","1160",1800,1,2023
"Kultur und Wissenschaft","Kultur","Einzel- und Gesamtförderung im Bereich Darstellende Kunst","1020",50000,1,2023
"Kultur und Wissenschaft","Kultur","Einzel- und Gesamtförderung im Bereich Darstellende Kunst","1020",5e+05,1,2023
"Kultur und Wissenschaft","Kultur","Kompositionsförderung","1160",1000,1,2023
"Kultur und Wissenschaft","Kultur","Einzel- und Gesamtförderung im Bereich Wissenschaft und Forschung","1050",12000,1,2023
"Kultur und Wissenschaft","Kultur","Kompositionsförderung","1130",1000,1,2023
"Kultur und Wissenschaft","Kultur","Einzel- und Gesamtförderung im Bereich Kulturinitiativen","1150",2500,1,2023
"Kultur und Wissenschaft","Kultur","Einzel- und Gesamtförderung im Bereich Kulturinitiativen","1150",2500,1,2023
"Kultur und Wissenschaft","Kultur","Einzel- und Gesamtförderung im Bereich Literatur","1070",40000,1,2023
"Kultur und Wissenschaft","Kultur","Kompositionsförderung","1120",1000,1,2023
"Kultur und Wissenschaft","Kultur","Einzel- und Gesamtförderung im Bereich Kulturinitiativen","1010",50000,1,2023
"Kultur und Wissenschaft","Kultur","Förderungspreise der Stadt Wien","1170",4000,1,2023
"Kultur und Wissenschaft","Kultur","Kinoreferenzförderung","1070",15000,1,2023
"Kultur und Wissenschaft","Kultur","Einzel- und Gesamtförderung im Bereich Kino","1070",12000,1,2023
"Kultur und Wissenschaft","Kultur","Kinoreferenzförderung","1070",15000,1,2023
"Kultur und Wissenschaft","Kultur","Bau- und Investitonskostenzuschuss","1070",10000,1,2023
"Kultur und Wissenschaft","Kultur","Einzel- und Gesamtförderung im Bereich Kino","1070",12000,1,2023
"Kultur und Wissenschaft","Kultur","Kinoreferenzförderung","1070",15000,1,2023
"Kultur und Wissenschaft","Kultur","Einzel- und Gesamtförderung im Bereich Film, Mode und Design","1150",1e+05,1,2023
"Kultur und Wissenschaft","Kultur","Druckkostenzuschuss","1040",3000,1,2023
"Kultur und Wissenschaft","Kultur","Einzel- und Gesamtförderung im Bereich Literatur","1040",32000,1,2023
"Kultur und Wissenschaft","Kultur","Förderungspreise der Stadt Wien","1160",4000,1,2023
"Kultur und Wissenschaft","Kultur","Einzel- und Gesamtförderung im Bereich Wissenschaft und Forschung","1060",4000,1,2023
"Kultur und Wissenschaft","Kultur","Einzel- und Gesamtförderung im Bereich Literatur","1020",5000,1,2023
"Kultur und Wissenschaft","Kultur","Einzel- und Gesamtförderung im Bereich Darstellende Kunst","1090",190000,1,2023
"Kultur und Wissenschaft","Kultur","Einzel- und Gesamtförderung im Bereich Darstellende Kunst","1090",150000,1,2023
"Kultur und Wissenschaft","Kultur","Einzel- und Gesamtförderung im Bereich Darstellende Kunst","1090",15000,1,2023
"Kultur und Wissenschaft","Kultur","Kunstankauf","1150",4972,1,2023
"Kultur und Wissenschaft","Kultur","Einzel- und Gesamtförderung im Bereich Darstellende Kunst","1010",7e+05,1,2023
"Kultur und Wissenschaft","Kultur","Einzel- und Gesamtförderung im Bereich Darstellende Kunst","1010",80000,1,2023
"Kultur und Wissenschaft","Kultur","Druckkostenzuschuss","1150",1000,1,2023
"Kultur und Wissenschaft","Kultur","Förderungspreise der Stadt Wien","1030",4000,1,2023
"Kultur und Wissenschaft","Kultur","Einzel- und Gesamtförderung im Bereich Darstellende Kunst","1070",260000,1,2023
"Kultur und Wissenschaft","Kultur","Einzel- und Gesamtförderung im Bereich Darstellende Kunst","1070",26000,1,2023
"Kultur und Wissenschaft","Kultur","Einzel- und Gesamtförderung im Bereich Literatur","1070",31000,1,2023
"Kultur und Wissenschaft","Kultur","Kinoreferenzförderung","1010",15000,1,2023
"Kultur und Wissenschaft","Kultur","Einzel- und Gesamtförderung im Bereich Kino","1010",12000,1,2023
"Kultur und Wissenschaft","Kultur","Einzel- und Gesamtförderung im Bereich Darstellende Kunst","1070",740000,1,2023
"Kultur und Wissenschaft","Kultur","Einzel- und Gesamtförderung im Bereich Darstellende Kunst","1070",80000,1,2023
"Kultur und Wissenschaft","Kultur","Einzel- und Gesamtförderung im Bereich Darstellende Kunst","1040",80000,1,2023
"Kultur und Wissenschaft","Kultur","Einzel- und Gesamtförderung im Bereich Darstellende Kunst","1040",8000,1,2023
"Kultur und Wissenschaft","Kultur","Kinoreferenzförderung","1100",15000,1,2023
"Kultur und Wissenschaft","Kultur","Förderungspreise der Stadt Wien","1020",4000,1,2023
"Kultur und Wissenschaft","Kultur","Kinoreferenzförderung","1100",15000,1,2023
"Kultur und Wissenschaft","Kultur","Kinoreferenzförderung","1070",15000,1,2023
"Kultur und Wissenschaft","Kultur","Einzel- und Gesamtförderung im Bereich Bildende Kunst und Medienkunst","1010",2500,1,2023
"Kultur und Wissenschaft","Kultur","Einzel- und Gesamtförderung im Bereich Darstellende Kunst","1070",1e+05,1,2023
"Kultur und Wissenschaft","Kultur","Einzel- und Gesamtförderung im Bereich Darstellende Kunst","1070",10000,1,2023
"Kultur und Wissenschaft","Kultur","Einzel- und Gesamtförderung im Bereich Kino","1070",12000,1,2023
"Kultur und Wissenschaft","Kultur","Einzel- und Gesamtförderung im Bereich Kino","1070",17000,1,2023
"Kultur und Wissenschaft","Kultur","Einzel- und Gesamtförderung im Bereich Darstellende Kunst","1090",90000,1,2023
"Kultur und Wissenschaft","Kultur","Einzel- und Gesamtförderung im Bereich Darstellende Kunst","1090",10000,1,2023
"Kultur und Wissenschaft","Kultur","Einzel- und Gesamtförderung im Bereich Wissenschaft und Forschung","1160",4000,1,2023
"Kultur und Wissenschaft","Kultur","Förderungspreise der Stadt Wien","1050",4000,1,2023
"Kultur und Wissenschaft","Kultur","Einzel- und Gesamtförderung im Bereich Kino","1140",12000,1,2023
"Kultur und Wissenschaft","Kultur","Kinoreferenzförderung","1140",15000,1,2023
"Kultur und Wissenschaft","Kultur","Kompositionsförderung","1150",2500,1,2023
"Kultur und Wissenschaft","Kultur","Einzel- und Gesamtförderung im Bereich Darstellende Kunst","1090",250000,1,2023
"Kultur und Wissenschaft","Kultur","Einzel- und Gesamtförderung im Bereich Darstellende Kunst","1090",25000,1,2023
"Kultur und Wissenschaft","Kultur","Förderungspreise der Stadt Wien","1040",4000,1,2023
"Kultur und Wissenschaft","Kultur","Einzel- und Gesamtförderung im Bereich Wissenschaft und Forschung","1220",5000,1,2023
"Kultur und Wissenschaft","Kultur","Einzel- und Gesamtförderung im Bereich Bildende Kunst und Medienkunst","1150",1400,1,2023
"Kultur und Wissenschaft","Kultur","Einzel- und Gesamtförderung im Bereich Kulturinitiativen","1070",5000,1,2023
"Kultur und Wissenschaft","Kultur","Bau- und Investitonskostenzuschuss","1010",80000,1,2023
"Kultur und Wissenschaft","Kultur","Einzel- und Gesamtförderung im Bereich Darstellende Kunst","1040",150000,1,2023
"Kultur und Wissenschaft","Kultur","Einzel- und Gesamtförderung im Bereich Darstellende Kunst","1040",15000,1,2023
"Kultur und Wissenschaft","Kultur","Einzel- und Gesamtförderung im Bereich Wissenschaft und Forschung","1010",6000,1,2023
"Kultur und Wissenschaft","Kultur","Einzel- und Gesamtförderung im Bereich Literatur","1010",2000,1,2023
"Kultur und Wissenschaft","Kultur","Einzel- und Gesamtförderung im Bereich Darstellende Kunst","1050",240000,1,2023
"Kultur und Wissenschaft","Kultur","Einzel- und Gesamtförderung im Bereich Darstellende Kunst","1050",24000,1,2023
"Kultur und Wissenschaft","Kultur","Einzel- und Gesamtförderung im Bereich Wissenschaft und Forschung","1030",3000,1,2023
"Kultur und Wissenschaft","Kultur","Kunstankauf","1120",9000,1,2023
"Kultur und Wissenschaft","Kultur","Einzel- und Gesamtförderung im Bereich Kulturinitiativen","1100",4000,1,2023
"Kultur und Wissenschaft","Kultur","Einzel- und Gesamtförderung im Bereich Darstellende Kunst","1160",3e+05,1,2023
"Kultur und Wissenschaft","Kultur","Einzel- und Gesamtförderung im Bereich Darstellende Kunst","1160",80000,1,2023
"Kultur und Wissenschaft","Kultur","Einzel- und Gesamtförderung im Bereich Darstellende Kunst","1060",1e+05,1,2023
"Kultur und Wissenschaft","Kultur","Einzel- und Gesamtförderung im Bereich Darstellende Kunst","1060",10000,1,2023
"Kultur und Wissenschaft","Kultur","Einzel- und Gesamtförderung im Bereich Darstellende Kunst","1020",140000,1,2023
"Kultur und Wissenschaft","Kultur","Einzel- und Gesamtförderung im Bereich Darstellende Kunst","1020",14000,1,2023
"Kultur und Wissenschaft","Kultur","Einzel- und Gesamtförderung im Bereich Kulturinitiativen","1020",2000,1,2023
"Kultur und Wissenschaft","Kultur","Einzel- und Gesamtförderung im Bereich Bildende Kunst und Medienkunst","1020",4500,1,2023
"Kultur und Wissenschaft","Kultur","Einzel- und Gesamtförderung im Bereich Film, Mode und Design","1070",3000,1,2023
"Kultur und Wissenschaft","Kultur","Einzel- und Gesamtförderung im Bereich Darstellende Kunst","1120",20000,1,2023
"Kultur und Wissenschaft","Kultur","Einzel- und Gesamtförderung im Bereich Darstellende Kunst","1120",2e+05,1,2023
"Kultur und Wissenschaft","Kultur","Einzel- und Gesamtförderung im Bereich Darstellende Kunst","1070",320000,1,2023
"Kultur und Wissenschaft","Kultur","Einzel- und Gesamtförderung im Bereich Darstellende Kunst","1070",32000,1,2023
"Kultur und Wissenschaft","Kultur","Einzel- und Gesamtförderung im Bereich Musik","1040",8000,1,2023
"Kultur und Wissenschaft","Kultur","Einzel- und Gesamtförderung im Bereich Wissenschaft und Forschung","1010",2500,1,2023
"Kultur und Wissenschaft","Kultur","Kunstankauf","1090",3600,1,2023
"Kultur und Wissenschaft","Kultur","Einzel- und Gesamtförderung im Bereich Darstellende Kunst","1190",190000,1,2023
"Kultur und Wissenschaft","Kultur","Einzel- und Gesamtförderung im Bereich Darstellende Kunst","1190",19000,1,2023
"Kultur und Wissenschaft","Kultur","Einzel- und Gesamtförderung im Bereich Darstellende Kunst","1070",220000,1,2023
"Kultur und Wissenschaft","Kultur","Einzel- und Gesamtförderung im Bereich Darstellende Kunst","1070",22000,1,2023
"Kultur und Wissenschaft","Kultur","Einzel- und Gesamtförderung im Bereich Darstellende Kunst","1180",130000,1,2023
"Kultur und Wissenschaft","Kultur","Einzel- und Gesamtförderung im Bereich Darstellende Kunst","1180",13000,1,2023
"Kultur und Wissenschaft","Kultur","Einzel- und Gesamtförderung im Bereich Bildende Kunst und Medienkunst","1110",1500,1,2023
"Kultur und Wissenschaft","Kultur","Einzel- und Gesamtförderung im Bereich Darstellende Kunst","1050",150000,1,2023
"Kultur und Wissenschaft","Kultur","Einzel- und Gesamtförderung im Bereich Darstellende Kunst","1050",15000,1,2023
"Kultur und Wissenschaft","Kultur","Einzel- und Gesamtförderung im Bereich Darstellende Kunst","1120",120000,1,2023
"Kultur und Wissenschaft","Kultur","Einzel- und Gesamtförderung im Bereich Darstellende Kunst","1120",12000,1,2023
"Kultur und Wissenschaft","Kultur","Einzel- und Gesamtförderung im Bereich Darstellende Kunst","1090",130000,1,2023
"Kultur und Wissenschaft","Kultur","Einzel- und Gesamtförderung im Bereich Darstellende Kunst","1090",13000,1,2023
"Kultur und Wissenschaft","Kultur","Einzel- und Gesamtförderung im Bereich Darstellende Kunst","1090",290000,1,2023
"Kultur und Wissenschaft","Kultur","Einzel- und Gesamtförderung im Bereich Darstellende Kunst","1090",29000,1,2023
"Kultur und Wissenschaft","Kultur","Einzel- und Gesamtförderung im Bereich Wissenschaft und Forschung","1020",4000,1,2023
"Kultur und Wissenschaft","Kultur","Einzel- und Gesamtförderung im Bereich Literatur","1090",3310,1,2023
"Kultur und Wissenschaft","Kultur","Einzel- und Gesamtförderung im Bereich Wissenschaft und Forschung","1010",4000,1,2023
"Kultur und Wissenschaft","Kultur","Einzel- und Gesamtförderung im Bereich Bildende Kunst und Medienkunst","1040",216000,1,2023
"Kultur und Wissenschaft","Kultur","Druckkostenzuschuss","9020",4300,1,2023
"Kultur und Wissenschaft","Kultur","Einzel- und Gesamtförderung im Bereich Bildende Kunst und Medienkunst","1100",40000,1,2023
"Kultur und Wissenschaft","Kultur","Kompositionsförderung","1140",1000,1,2023
"Kultur und Wissenschaft","Kultur","Einzel- und Gesamtförderung im Bereich Wissenschaft und Forschung","1080",4000,1,2023
"Kultur und Wissenschaft","Kultur","Einzel- und Gesamtförderung im Bereich Bildende Kunst und Medienkunst","1170",6000,1,2023
"Kultur und Wissenschaft","Kultur","Einzel- und Gesamtförderung im Bereich Film, Mode und Design","1020",50000,1,2023
"Kultur und Wissenschaft","Kultur","Einzel- und Gesamtförderung im Bereich Wissenschaft und Forschung","1020",1000,1,2023
"Kultur und Wissenschaft","Kultur","Einzel- und Gesamtförderung im Bereich Literatur","1020",2400,1,2023
"Kultur und Wissenschaft","Kultur","Kompositionsförderung","1190",1000,1,2023
"Kultur und Wissenschaft","Kultur","Einzel- und Gesamtförderung im Bereich Bildende Kunst und Medienkunst","1100",4000,1,2023
"Kultur und Wissenschaft","Kultur","Kompositionsförderung","1040",2000,1,2023
"Kultur und Wissenschaft","Kultur","Einzel- und Gesamtförderung im Bereich Film, Mode und Design","1080",10000,1,2023
"Kultur und Wissenschaft","Kultur","Wiener Altstadterhaltungsfonds","1010",180280.6,1,2023
"Kultur und Wissenschaft","Kultur","Bau- und Investitonskostenzuschuss","1070",15000,1,2023
"Kultur und Wissenschaft","Kultur","Einzel- und Gesamtförderung im Bereich Film, Mode und Design","1060",30000,1,2023
"Kultur und Wissenschaft","Kultur","Kompositionsförderung","1160",1500,1,2023
"Kultur und Wissenschaft","Kultur","Einzel- und Gesamtförderung im Bereich Filmfestival und Sommerkinos","1070",20000,1,2023
"Kultur und Wissenschaft","Kultur","Kompositionsförderung","1170",1000,1,2023
"Kultur und Wissenschaft","Kultur","Kompositionsförderung","1160",1500,1,2023
"Kultur und Wissenschaft","Kultur","Einzel- und Gesamtförderung im Bereich Literatur","1020",2000,1,2023
"Kultur und Wissenschaft","Kultur","Einzel- und Gesamtförderung im Bereich Wissenschaft und Forschung","1010",3000,1,2023
"Kultur und Wissenschaft","Kultur","Druckkostenzuschuss","8043",3500,1,2023
"Kultur und Wissenschaft","Kultur","Einzel- und Gesamtförderung im Bereich Kino","1070",20000,1,2023
"Kultur und Wissenschaft","Kultur","Kompositionsförderung","1100",1500,1,2023
"Kultur und Wissenschaft","Kultur","Kompositionsförderung","1060",2000,1,2023
"Kultur und Wissenschaft","Kultur","Kompositionsförderung","1030",5000,1,2023
"Kultur und Wissenschaft","Kultur","Kompositionsförderung","1030",2000,1,2023
"Kultur und Wissenschaft","Kultur","Kompositionsförderung","1150",2500,1,2023
"Kultur und Wissenschaft","Kultur","Druckkostenzuschuss","1050",6000,1,2023
"Kultur und Wissenschaft","Kultur","Kompositionsförderung","1120",1000,1,2023
"Kultur und Wissenschaft","Kultur","Einzel- und Gesamtförderung im Bereich Kulturinitiativen","1090",3000,1,2023
"Kultur und Wissenschaft","Kultur","Einzel- und Gesamtförderung im Bereich Kulturinitiativen","1190",5000,1,2023
"Kultur und Wissenschaft","Kultur","Einzel- und Gesamtförderung im Bereich Kino","1070",50000,1,2023
"Kultur und Wissenschaft","Kultur","Kompositionsförderung","1200",2500,1,2023
"Kultur und Wissenschaft","Kultur","Kompositionsförderung","1100",1000,1,2023
"Kultur und Wissenschaft","Kultur","Einzel- und Gesamtförderung im Bereich Bildende Kunst und Medienkunst","1190",4000,1,2023
"Kultur und Wissenschaft","Kultur","Kompositionsförderung","1040",1500,1,2023
"Kultur und Wissenschaft","Kultur","Kompositionsförderung","1030",1000,1,2023
"Kultur und Wissenschaft","Kultur","Kompositionsförderung","1150",1500,1,2023
"Kultur und Wissenschaft","Kultur","Kompositionsförderung","1030",1000,1,2023
"Kultur und Wissenschaft","Kultur","Einzel- und Gesamtförderung im Bereich Kulturinitiativen","1050",1000,1,2023
"Kultur und Wissenschaft","Kultur","Einzel- und Gesamtförderung im Bereich Film, Mode und Design","1020",5000,1,2023
"Kultur und Wissenschaft","Kultur","Druckkostenzuschuss","6020",4500,1,2023
"Kultur und Wissenschaft","Kultur","Einzel- und Gesamtförderung im Bereich Literatur","1090",2000,1,2023
"Kultur und Wissenschaft","Kultur","Druckkostenzuschuss","1010",2500,1,2023
"Kultur und Wissenschaft","Kultur","Einzel- und Gesamtförderung im Bereich Darstellende Kunst","1030",1100000,1,2023
"Kultur und Wissenschaft","Kultur","Einzel- und Gesamtförderung im Bereich Darstellende Kunst","1030",2e+05,1,2023
"Kultur und Wissenschaft","Kultur","Kompositionsförderung","1020",1500,1,2023
"Kultur und Wissenschaft","Kultur","Kompositionsförderung","1170",1000,1,2023
"Kultur und Wissenschaft","Kultur","Kompositionsförderung","1020",2000,1,2023
"Kultur und Wissenschaft","Kultur","Kompositionsförderung","1130",1800,1,2023
"Kultur und Wissenschaft","Kultur","Kompositionsförderung","1200",1500,1,2023
"Kultur und Wissenschaft","Kultur","Einzel- und Gesamtförderung im Bereich Wissenschaft und Forschung","1010",60000,1,2023
"Kultur und Wissenschaft","Kultur","Einzel- und Gesamtförderung im Bereich Wissenschaft und Forschung","1010",10000,1,2023
"Kultur und Wissenschaft","Kultur","Einzel- und Gesamtförderung im Bereich Literatur","1210",2900,1,2023
"Kultur und Wissenschaft","Kultur","Einzel- und Gesamtförderung im Bereich Wissenschaft und Forschung","1040",10000,1,2023
"Kultur und Wissenschaft","Kultur","Kompositionsförderung","1090",2200,1,2023
"Kultur und Wissenschaft","Kultur","Kompositionsförderung","1060",2000,1,2023
"Kultur und Wissenschaft","Kultur","Kompositionsförderung","1030",1500,1,2023
"Kultur und Wissenschaft","Kultur","Kompositionsförderung","1150",2500,1,2023
"Kultur und Wissenschaft","Kultur","Kompositionsförderung","1160",1000,1,2023
"Kultur und Wissenschaft","Kultur","Kompositionsförderung","1040",2000,1,2023
"Kultur und Wissenschaft","Kultur","Einzel- und Gesamtförderung im Bereich Literatur","1060",37000,1,2023
"Kultur und Wissenschaft","Kultur","Kompositionsförderung","1040",3000,1,2023
"Kultur und Wissenschaft","Kultur","Einzel- und Gesamtförderung im Bereich Literatur","1180",4000,1,2023
"Kultur und Wissenschaft","Kultur","Einzel- und Gesamtförderung im Bereich Literatur","1150",4700,1,2023
"Kultur und Wissenschaft","Kultur","Einzel- und Gesamtförderung im Bereich Kulturinitiativen","1030",3000,1,2023
"Kultur und Wissenschaft","Kultur","Kompositionsförderung","1020",2000,1,2023
"Kultur und Wissenschaft","Kultur","Kompositionsförderung","1150",2000,1,2023
"Kultur und Wissenschaft","Kultur","Einzel- und Gesamtförderung im Bereich Wissenschaft und Forschung","1030",2500,1,2023
"Kultur und Wissenschaft","Kultur","Kompositionsförderung","1030",1500,1,2023
"Kultur und Wissenschaft","Kultur","Kompositionsförderung","1120",1000,1,2023
"Kultur und Wissenschaft","Kultur","Einzel- und Gesamtförderung im Bereich Darstellende Kunst","1020",6e+05,1,2023
"Kultur und Wissenschaft","Kultur","Einzel- und Gesamtförderung im Bereich Darstellende Kunst","1020",80000,1,2023
"Kultur und Wissenschaft","Kultur","Kompositionsförderung","1040",2000,1,2023
"Kultur und Wissenschaft","Kultur","Kompositionsförderung","1150",3500,1,2023
"Kultur und Wissenschaft","Kultur","Kompositionsförderung","1070",1000,1,2023
"Kultur und Wissenschaft","Kultur","Kompositionsförderung","1150",2500,1,2023
"Kultur und Wissenschaft","Kultur","Einzel- und Gesamtförderung im Bereich Literatur","1130",5700,1,2023
"Kultur und Wissenschaft","Kultur","Kompositionsförderung","1200",1500,1,2023
"Kultur und Wissenschaft","Kultur","Kompositionsförderung","1150",1500,1,2023
"Kultur und Wissenschaft","Kultur","Kompositionsförderung","1020",1500,1,2023
"Kultur und Wissenschaft","Kultur","Kompositionsförderung","1190",2000,1,2023
"Kultur und Wissenschaft","Kultur","Kompositionsförderung","1160",1000,1,2023
"Kultur und Wissenschaft","Kultur","Kompositionsförderung","1030",1500,1,2023
"Kultur und Wissenschaft","Kultur","Kompositionsförderung","1180",1000,1,2023
"Kultur und Wissenschaft","Kultur","Einzel- und Gesamtförderung im Bereich Literatur","1090",1500,1,2023
"Kultur und Wissenschaft","Kultur","Kompositionsförderung","1090",1500,1,2023
"Kultur und Wissenschaft","Kultur","Einzel- und Gesamtförderung im Bereich Literatur","1090",5000,1,2023
"Kultur und Wissenschaft","Kultur","Kompositionsförderung","1130",1100,1,2023
"Kultur und Wissenschaft","Kultur","Kompositionsförderung","1090",1500,1,2023
"Kultur und Wissenschaft","Kultur","Einzel- und Gesamtförderung im Bereich Literatur","1130",6000,1,2023
"Kultur und Wissenschaft","Kultur","Kompositionsförderung","1140",1000,1,2023
"Kultur und Wissenschaft","Kultur","Kompositionsförderung","1140",2000,1,2023
"Kultur und Wissenschaft","Kultur","Kompositionsförderung","1150",2000,1,2023
"Kultur und Wissenschaft","Kultur","Kompositionsförderung","1150",1000,1,2023
"Kultur und Wissenschaft","Kultur","Buchprämie - Aktion ""Wiener AutorInnen in Wiener Verlagen""","1110",2500,1,2023
"Kultur und Wissenschaft","Kultur","Bau- und Investitonskostenzuschuss","1010",15000,1,2023
"Kultur und Wissenschaft","Kultur","Bau- und Investitonskostenzuschuss","1060",34000,1,2023
"Kultur und Wissenschaft","Kultur","Wissenschaftsstipendium","1030",3500,1,2023
"Kultur und Wissenschaft","Kultur","Wissenschaftsstipendium","1040",17000,1,2023
"Kultur und Wissenschaft","Kultur","Einzel- und Gesamtförderung im Bereich Wissenschaft und Forschung","1040",2000,1,2023
"Kultur und Wissenschaft","Kultur","Einzel- und Gesamtförderung im Bereich Literatur","1030",30000,1,2023
"Kultur und Wissenschaft","Kultur","Einzel- und Gesamtförderung im Bereich Kulturinitiativen","1210",3000,1,2023
"Kultur und Wissenschaft","Kultur","Einzel- und Gesamtförderung im Bereich Musik","1010",250000,1,2023
"Kultur und Wissenschaft","Kultur","Einzel- und Gesamtförderung im Bereich Bildende Kunst und Medienkunst","1150",4000,1,2023
"Kultur und Wissenschaft","Kultur","Einzel- und Gesamtförderung im Bereich Wissenschaft und Forschung","1180",3500,1,2023
"Kultur und Wissenschaft","Kultur","Druckkostenzuschuss","1050",4000,1,2023
"Kultur und Wissenschaft","Kultur","Wiener Altstadterhaltungsfonds","1010",42639.75,1,2023
"Kultur und Wissenschaft","Kultur","Kunstankauf","1050",12710,1,2023
"Kultur und Wissenschaft","Kultur","Einzel- und Gesamtförderung im Bereich Wissenschaft und Forschung","1070",4000,1,2023
"Kultur und Wissenschaft","Kultur","Druckkostenzuschuss","1020",12000,1,2023
"Kultur und Wissenschaft","Kultur","Einzel- und Gesamtförderung im Bereich Kulturinitiativen","1010",3000,1,2023
"Kultur und Wissenschaft","Kultur","Druckkostenzuschuss","9020",3000,1,2023
"Kultur und Wissenschaft","Kultur","Druckkostenzuschuss","1030",2500,1,2023
"Kultur und Wissenschaft","Kultur","Einzel- und Gesamtförderung im Bereich Bildende Kunst und Medienkunst","1200",6000,1,2023
"Kultur und Wissenschaft","Kultur","Druckkostenzuschuss","8020",11500,1,2023
"Kultur und Wissenschaft","Kultur","Einzel- und Gesamtförderung im Bereich Bildende Kunst und Medienkunst","1220",4500,1,2023
"Kultur und Wissenschaft","Kultur","Einzel- und Gesamtförderung im Bereich Wissenschaft und Forschung","1020",4000,1,2023
"Kultur und Wissenschaft","Kultur","Einzel- und Gesamtförderung im Bereich Wissenschaft und Forschung","1160",4500,1,2023
"Kultur und Wissenschaft","Kultur","Druckkostenzuschuss","1080",7000,1,2023
"Kultur und Wissenschaft","Kultur","Druckkostenzuschuss","1160",1200,1,2023
"Kultur und Wissenschaft","Kultur","Druckkostenzuschuss","9020",2000,1,2023
"Kultur und Wissenschaft","Kultur","Einzel- und Gesamtförderung im Bereich Wissenschaft und Forschung","1090",4500,1,2023
"Kultur und Wissenschaft","Kultur","Druckkostenzuschuss","1170",2000,1,2023
"Kultur und Wissenschaft","Kultur","Einzel- und Gesamtförderung im Bereich Kulturinitiativen","1110",2000,1,2023
"Kultur und Wissenschaft","Kultur","Druckkostenzuschuss","1180",3000,1,2023
"Kultur und Wissenschaft","Kultur","Einzel- und Gesamtförderung im Bereich Kulturinitiativen","1150",3000,1,2023
"Kultur und Wissenschaft","Kultur","Druckkostenzuschuss","1040",7000,1,2023
"Kultur und Wissenschaft","Kultur","Druckkostenzuschuss","1090",6000,1,2023
"Kultur und Wissenschaft","Kultur","Einzel- und Gesamtförderung im Bereich Darstellende Kunst","1030",45000,1,2023
"Kultur und Wissenschaft","Kultur","Einzel- und Gesamtförderung im Bereich Darstellende Kunst","1090",1750000,1,2023
"Kultur und Wissenschaft","Kultur","Einzel- und Gesamtförderung im Bereich Darstellende Kunst","1090",2e+05,1,2023
"Kultur und Wissenschaft","Kultur","Einzel- und Gesamtförderung im Bereich Kulturinitiativen","1210",5000,1,2023
"Kultur und Wissenschaft","Kultur","Einzel- und Gesamtförderung im Bereich Bildende Kunst und Medienkunst","1090",4000,1,2023
"Kultur und Wissenschaft","Kultur","Druckkostenzuschuss","1090",4800,1,2023
"Kultur und Wissenschaft","Kultur","Druckkostenzuschuss","5023",7000,1,2023
"Kultur und Wissenschaft","Kultur","Einzel- und Gesamtförderung im Bereich Kulturinitiativen","1070",1000,1,2023
"Kultur und Wissenschaft","Kultur","Druckkostenzuschuss","1010",19000,1,2023
"Kultur und Wissenschaft","Kultur","Einzel- und Gesamtförderung im Bereich Bildende Kunst und Medienkunst","1170",2000,1,2023
"Kultur und Wissenschaft","Kultur","Einzel- und Gesamtförderung im Bereich Kulturinitiativen","1020",4000,1,2023
"Kultur und Wissenschaft","Kultur","Druckkostenzuschuss","1010",3000,1,2023
"Kultur und Wissenschaft","Kultur","Einzel- und Gesamtförderung im Bereich Wissenschaft und Forschung","1070",5000,1,2023
"Kultur und Wissenschaft","Kultur","Druckkostenzuschuss","1030",4500,1,2023
"Kultur und Wissenschaft","Kultur","Druckkostenzuschuss","1020",3000,1,2023
"Kultur und Wissenschaft","Kultur","Druckkostenzuschuss","1020",4000,1,2023
"Kultur und Wissenschaft","Kultur","Druckkostenzuschuss","1040",7000,1,2023
"Kultur und Wissenschaft","Kultur","Einzel- und Gesamtförderung im Bereich Wissenschaft und Forschung","1010",20000,1,2023
"Kultur und Wissenschaft","Kultur","Druckkostenzuschuss","3950",6000,1,2023
"Kultur und Wissenschaft","Kultur","Einzel- und Gesamtförderung im Bereich Bildende Kunst und Medienkunst","1050",6000,1,2023
"Kultur und Wissenschaft","Kultur","Wissenschaftsstipendium","1040",10000,1,2023
"Kultur und Wissenschaft","Kultur","Einzel- und Gesamtförderung im Bereich Darstellende Kunst","1050",30000,1,2023
"Kultur und Wissenschaft","Kultur","Druckkostenzuschuss","1090",1000,1,2023
"Kultur und Wissenschaft","Kultur","Einzel- und Gesamtförderung im Bereich Wissenschaft und Forschung","1210",12000,1,2023
"Kultur und Wissenschaft","Kultur","Einzel- und Gesamtförderung im Bereich Bildende Kunst und Medienkunst","1070",4000,1,2023
"Kultur und Wissenschaft","Kultur","Einzel- und Gesamtförderung im Bereich Wissenschaft und Forschung","1010",40000,1,2023
"Kultur und Wissenschaft","Kultur","Einzel- und Gesamtförderung im Bereich Bildende Kunst und Medienkunst","1030",5000,1,2023
"Kultur und Wissenschaft","Kultur","Druckkostenzuschuss","1050",4500,1,2023
"Kultur und Wissenschaft","Kultur","Druckkostenzuschuss","1190",4500,1,2023
"Kultur und Wissenschaft","Kultur","Druckkostenzuschuss","1180",2000,1,2023
"Kultur und Wissenschaft","Kultur","Druckkostenzuschuss","1150",2000,1,2023
"Kultur und Wissenschaft","Kultur","Einzel- und Gesamtförderung im Bereich Wissenschaft und Forschung","1050",20000,1,2023
"Kultur und Wissenschaft","Kultur","Druckkostenzuschuss","1080",5000,1,2023
"Kultur und Wissenschaft","Kultur","Einzel- und Gesamtförderung im Bereich Bildende Kunst und Medienkunst","1090",3000,1,2023
"Kultur und Wissenschaft","Kultur","Druckkostenzuschuss","1020",3500,1,2023
"Kultur und Wissenschaft","Kultur","Wissenschaftsstipendium","1170",9000,1,2023
"Kultur und Wissenschaft","Kultur","Einzel- und Gesamtförderung im Bereich Wissenschaft und Forschung","1020",35000,1,2023
"Kultur und Wissenschaft","Kultur","Druckkostenzuschuss","1060",1500,1,2023
"Kultur und Wissenschaft","Kultur","Druckkostenzuschuss","1080",11000,1,2023
"Kultur und Wissenschaft","Kultur","Druckkostenzuschuss","1050",1500,1,2023
"Kultur und Wissenschaft","Kultur","Einzel- und Gesamtförderung im Bereich Wissenschaft und Forschung","1040",35000,1,2023
"Kultur und Wissenschaft","Kultur","Druckkostenzuschuss","1040",3000,1,2023
"Kultur und Wissenschaft","Kultur","Druckkostenzuschuss","1080",1500,1,2023
"Kultur und Wissenschaft","Kultur","Bau- und Investitonskostenzuschuss","1040",1460000,1,2023
"Kultur und Wissenschaft","Kultur","Einzel- und Gesamtförderung im Bereich Bildende Kunst und Medienkunst","1060",15000,1,2023
"Kultur und Wissenschaft","Kultur","Einzel- und Gesamtförderung im Bereich Wissenschaft und Forschung","1010",15000,1,2023
"Kultur und Wissenschaft","Kultur","Einzel- und Gesamtförderung im Bereich Wissenschaft und Forschung","1230",12000,1,2023
"Kultur und Wissenschaft","Kultur","Druckkostenzuschuss","6020",4000,1,2023
"Kultur und Wissenschaft","Kultur","Einzel- und Gesamtförderung im Bereich Bildende Kunst und Medienkunst","1020",1200,1,2023
"Kultur und Wissenschaft","Kultur","Einzel- und Gesamtförderung im Bereich Wissenschaft und Forschung","1060",10000,1,2023
"Kultur und Wissenschaft","Kultur","Einzel- und Gesamtförderung im Bereich Bildende Kunst und Medienkunst","1070",50000,1,2023
"Kultur und Wissenschaft","Kultur","Einzel- und Gesamtförderung im Bereich Wissenschaft und Forschung","1010",30000,1,2023
"Kultur und Wissenschaft","Kultur","Einzel- und Gesamtförderung im Bereich Bildende Kunst und Medienkunst","1040",4000,1,2023
"Kultur und Wissenschaft","Kultur","Einzel- und Gesamtförderung im Bereich Wissenschaft und Forschung","1200",15000,1,2023
"Kultur und Wissenschaft","Kultur","Einzel- und Gesamtförderung im Bereich Bildende Kunst und Medienkunst","1150",4000,1,2023
"Kultur und Wissenschaft","Kultur","Einzel- und Gesamtförderung im Bereich Bildende Kunst und Medienkunst","1020",5000,1,2023
"Kultur und Wissenschaft","Kultur","Druckkostenzuschuss","1170",6000,1,2023
"Kultur und Wissenschaft","Kultur","Wissenschaftsstipendium","1020",10000,1,2023
"Kultur und Wissenschaft","Kultur","Einzel- und Gesamtförderung im Bereich Bildende Kunst und Medienkunst","1090",5000,1,2023
"Kultur und Wissenschaft","Kultur","Einzel- und Gesamtförderung im Bereich Bildende Kunst und Medienkunst","1070",6000,1,2023
"Kultur und Wissenschaft","Kultur","Einzel- und Gesamtförderung im Bereich Bildende Kunst und Medienkunst","1090",4000,1,2023
"Kultur und Wissenschaft","Kultur","Einzel- und Gesamtförderung im Bereich Wissenschaft und Forschung","1040",5000,1,2023
"Kultur und Wissenschaft","Kultur","Einzel- und Gesamtförderung im Bereich Bildende Kunst und Medienkunst","1200",3500,1,2023
"Kultur und Wissenschaft","Kultur","Einzel- und Gesamtförderung im Bereich Bildende Kunst und Medienkunst","1060",4000,1,2023
"Kultur und Wissenschaft","Kultur","Einzel- und Gesamtförderung im Bereich Bildende Kunst und Medienkunst","1190",3000,1,2023
"Kultur und Wissenschaft","Kultur","Einzel- und Gesamtförderung im Bereich Bildende Kunst und Medienkunst","1160",6000,1,2023
"Kultur und Wissenschaft","Kultur","Einzel- und Gesamtförderung im Bereich Kulturinitiativen","1150",4000,1,2023
"Kultur und Wissenschaft","Kultur","Druckkostenzuschuss","1090",5000,1,2023
"Kultur und Wissenschaft","Kultur","Einzel- und Gesamtförderung im Bereich Bildende Kunst und Medienkunst","1090",7000,1,2023
"Kultur und Wissenschaft","Kultur","Wissenschaftsstipendium","1170",10000,1,2023
"Kultur und Wissenschaft","Kultur","Wissenschaftsstipendium","1040",9000,1,2023
"Kultur und Wissenschaft","Kultur","Einzel- und Gesamtförderung im Bereich Bildende Kunst und Medienkunst","1020",7000,1,2023
"Kultur und Wissenschaft","Kultur","Einzel- und Gesamtförderung im Bereich Bildende Kunst und Medienkunst","1220",15000,1,2023
"Kultur und Wissenschaft","Kultur","Einzel- und Gesamtförderung im Bereich Bildende Kunst und Medienkunst","1090",1300,1,2023
"Kultur und Wissenschaft","Kultur","Wissenschaftsstipendium","1130",10000,1,2023
"Kultur und Wissenschaft","Kultur","Wissenschaftsstipendium","1020",10000,1,2023
"Kultur und Wissenschaft","Kultur","Einzel- und Gesamtförderung im Bereich Bildende Kunst und Medienkunst","1170",5000,1,2023
"Kultur und Wissenschaft","Kultur","Druckkostenzuschuss","1150",1500,1,2023
"Kultur und Wissenschaft","Kultur","Einzel- und Gesamtförderung im Bereich Bildende Kunst und Medienkunst","1020",4000,1,2023
"Kultur und Wissenschaft","Kultur","Druckkostenzuschuss","1140",3500,1,2023
"Kultur und Wissenschaft","Kultur","Einzel- und Gesamtförderung im Bereich Wissenschaft und Forschung","1020",45000,1,2023
"Kultur und Wissenschaft","Kultur","Wissenschaftsstipendium","1020",10000,1,2023
"Kultur und Wissenschaft","Kultur","Einzel- und Gesamtförderung im Bereich Bildende Kunst und Medienkunst","1100",4000,1,2023
"Kultur und Wissenschaft","Kultur","Einzel- und Gesamtförderung im Bereich Bildende Kunst und Medienkunst","1160",2000,1,2023
"Kultur und Wissenschaft","Kultur","Einzel- und Gesamtförderung im Bereich Kulturinitiativen","1030",3500,1,2023
"Kultur und Wissenschaft","Kultur","Einzel- und Gesamtförderung im Bereich Bildende Kunst und Medienkunst","1030",3000,1,2023
"Kultur und Wissenschaft","Kultur","Druckkostenzuschuss","1220",6000,1,2023
"Kultur und Wissenschaft","Kultur","Einzel- und Gesamtförderung im Bereich Bildende Kunst und Medienkunst","1050",13000,1,2023
"Kultur und Wissenschaft","Kultur","Einzel- und Gesamtförderung im Bereich Bildende Kunst und Medienkunst","1200",1000,1,2023
"Kultur und Wissenschaft","Kultur","Einzel- und Gesamtförderung im Bereich Bildende Kunst und Medienkunst","1100",3000,1,2023
"Kultur und Wissenschaft","Kultur","Einzel- und Gesamtförderung im Bereich Bildende Kunst und Medienkunst","1050",4000,1,2023
"Kultur und Wissenschaft","Kultur","Einzel- und Gesamtförderung im Bereich Wissenschaft und Forschung","1090",3000,1,2023
"Kultur und Wissenschaft","Kultur","Projektstipendium Literatur","1090",1000,1,2023
"Kultur und Wissenschaft","Kultur","Projektstipendium Literatur","1160",1000,1,2023
"Kultur und Wissenschaft","Kultur","Einzel- und Gesamtförderung im Bereich Wissenschaft und Forschung","1080",4000,1,2023
"Kultur und Wissenschaft","Kultur","Einzel- und Gesamtförderung im Bereich Wissenschaft und Forschung","1040",3000,1,2023
"Kultur und Wissenschaft","Kultur","Einzel- und Gesamtförderung im Bereich Wissenschaft und Forschung","1180",15000,1,2023
"Kultur und Wissenschaft","Kultur","Druckkostenzuschuss","1230",1000,1,2023
"Kultur und Wissenschaft","Kultur","Einzel- und Gesamtförderung im Bereich Film, Mode und Design","1070",5000,1,2023
"Kultur und Wissenschaft","Kultur","Einzel- und Gesamtförderung im Bereich Darstellende Kunst","1120",15000,1,2023
"Kultur und Wissenschaft","Kultur","Projektstipendium Literatur","1050",1000,1,2023
"Kultur und Wissenschaft","Kultur","Einzel- und Gesamtförderung im Bereich Darstellende Kunst","1140",30000,1,2023
"Kultur und Wissenschaft","Kultur","Einzel- und Gesamtförderung im Bereich Darstellende Kunst","1140",6000,1,2023
"Kultur und Wissenschaft","Kultur","Einzel- und Gesamtförderung im Bereich Darstellende Kunst","1010",55000,1,2023
"Kultur und Wissenschaft","Kultur","Einzel- und Gesamtförderung im Bereich Musik","1030",1e+06,1,2023
"Kultur und Wissenschaft","Kultur","Einzel- und Gesamtförderung im Bereich Musik","1030",40000,1,2023
"Kultur und Wissenschaft","Kultur","Einzel- und Gesamtförderung im Bereich Wissenschaft und Forschung","1040",4e+06,1,2023
"Kultur und Wissenschaft","Kultur","Einzel- und Gesamtförderung im Bereich Wissenschaft und Forschung","1020",530000,1,2023
"Kultur und Wissenschaft","Kultur","Einzel- und Gesamtförderung im Bereich Kulturinitiativen","1020",3000,1,2023
"Kultur und Wissenschaft","Kultur","Wissenschaftsstipendium","1180",13000,1,2023
"Kultur und Wissenschaft","Kultur","Projektstipendium Literatur","1070",1000,1,2023
"Kultur und Wissenschaft","Kultur","Einzel- und Gesamtförderung im Bereich Wissenschaft und Forschung","1040",22050,1,2023
"Kultur und Wissenschaft","Kultur","Einzel- und Gesamtförderung im Bereich Kulturinitiativen","1210",2500,1,2023
"Kultur und Wissenschaft","Kultur","Einzel- und Gesamtförderung im Bereich Kulturinitiativen","1150",5000,1,2023
"Kultur und Wissenschaft","Kultur","Druckkostenzuschuss","1080",12000,1,2023
"Kultur und Wissenschaft","Kultur","Einzel- und Gesamtförderung im Bereich Literatur","1010",155000,1,2023
"Kultur und Wissenschaft","Kultur","Einzel- und Gesamtförderung im Bereich Kulturinitiativen","1120",4000,1,2023
"Kultur und Wissenschaft","Kultur","Einzel- und Gesamtförderung im Bereich Wissenschaft und Forschung","1030",90000,1,2023
"Kultur und Wissenschaft","Kultur","Einzel- und Gesamtförderung im Bereich Wissenschaft und Forschung","1170",3000,1,2023
"Kultur und Wissenschaft","Kultur","Einzel- und Gesamtförderung im Bereich Kulturinitiativen","1150",240000,1,2023
"Kultur und Wissenschaft","Kultur","Kunstankauf","1050",2300,1,2023
"Kultur und Wissenschaft","Kultur","Einzel- und Gesamtförderung im Bereich Film, Mode und Design","1030",60000,1,2023
"Kultur und Wissenschaft","Kultur","Einzel- und Gesamtförderung im Bereich Wissenschaft und Forschung","1040",18375000,1,2023
"Kultur und Wissenschaft","Kultur","Druckkostenzuschuss","1030",1500,1,2023
"Kultur und Wissenschaft","Kultur","Einzel- und Gesamtförderung im Bereich Kulturinitiativen","1090",2000,1,2023
"Kultur und Wissenschaft","Kultur","Projektstipendium Literatur","1030",1000,1,2023
"Kultur und Wissenschaft","Kultur","Einzel- und Gesamtförderung im Bereich Wissenschaft und Forschung","1015",4000,1,2023
"Kultur und Wissenschaft","Kultur","Einzel- und Gesamtförderung im Bereich Film, Mode und Design","1070",5000,1,2023
"Kultur und Wissenschaft","Kultur","Wissenschaftsstipendium","1090",4000,1,2023
"Kultur und Wissenschaft","Kultur","Einzel- und Gesamtförderung im Bereich Wissenschaft und Forschung","1040",4500,1,2023
"Kultur und Wissenschaft","Kultur","Einzel- und Gesamtförderung im Bereich Darstellende Kunst","1080",1600000,1,2023
"Kultur und Wissenschaft","Kultur","Einzel- und Gesamtförderung im Bereich Film, Mode und Design","1070",7000,1,2023
"Kultur und Wissenschaft","Kultur","Projektstipendium Literatur","1080",1000,1,2023
"Kultur und Wissenschaft","Kultur","Einzel- und Gesamtförderung im Bereich Musik","1050",1e+05,1,2023
"Kultur und Wissenschaft","Kultur","Einzel- und Gesamtförderung im Bereich Film, Mode und Design","1180",5000,1,2023
"Kultur und Wissenschaft","Kultur","Einzel- und Gesamtförderung im Bereich Literatur","1110",1000,1,2023
"Kultur und Wissenschaft","Kultur","Projektstipendium Literatur","1120",1000,1,2023
"Kultur und Wissenschaft","Kultur","Einzel- und Gesamtförderung im Bereich Wissenschaft und Forschung","1010",4000,1,2023
"Kultur und Wissenschaft","Kultur","Bau- und Investitonskostenzuschuss","1120",24000,1,2023
"Kultur und Wissenschaft","Kultur","Einzel- und Gesamtförderung im Bereich Wissenschaft und Forschung","1090",3000,1,2023
"Kultur und Wissenschaft","Kultur","Einzel- und Gesamtförderung im Bereich Kulturinitiativen","1180",5000,1,2023
"Kultur und Wissenschaft","Kultur","Einzel- und Gesamtförderung im Bereich Darstellende Kunst","1060",38000,1,2023
"Kultur und Wissenschaft","Kultur","Einzel- und Gesamtförderung im Bereich Wissenschaft und Forschung","1150",4000,1,2023
"Kultur und Wissenschaft","Kultur","Einzel- und Gesamtförderung im Bereich Darstellende Kunst","1070",150000,1,2023
"Kultur und Wissenschaft","Kultur","Projektstipendium Literatur","1020",1000,1,2023
"Kultur und Wissenschaft","Kultur","Projektstipendium Literatur","1220",1000,1,2023
"Kultur und Wissenschaft","Kultur","Einzel- und Gesamtförderung im Bereich Darstellende Kunst","1210",12000,1,2023
"Kultur und Wissenschaft","Kultur","Einzel- und Gesamtförderung im Bereich Film, Mode und Design","1150",2000,1,2023
"Kultur und Wissenschaft","Kultur","Kunstankauf","1050",11300,1,2023
"Kultur und Wissenschaft","Kultur","Kunstankauf","1090",5200,1,2023
"Kultur und Wissenschaft","Kultur","Bau- und Investitonskostenzuschuss","1030",60000,1,2023
"Kultur und Wissenschaft","Kultur","Einzel- und Gesamtförderung im Bereich Bildende Kunst und Medienkunst","1080",4000,1,2023
"Kultur und Wissenschaft","Kultur","Projektstipendium Literatur","1020",1000,1,2023
"Kultur und Wissenschaft","Kultur","Projektstipendium Literatur","1110",1000,1,2023
"Kultur und Wissenschaft","Kultur","Einzel- und Gesamtförderung im Bereich Darstellende Kunst","1070",1350000,1,2023
"Kultur und Wissenschaft","Kultur","Einzel- und Gesamtförderung im Bereich Darstellende Kunst","1070",1200000,1,2023
"Kultur und Wissenschaft","Kultur","Einzel- und Gesamtförderung im Bereich Darstellende Kunst","1070",5e+05,1,2023
"Kultur und Wissenschaft","Kultur","Einzel- und Gesamtförderung im Bereich Film, Mode und Design","1070",4000,1,2023
"Kultur und Wissenschaft","Kultur","Projektstipendium Literatur","1180",1000,1,2023
"Kultur und Wissenschaft","Kultur","Bau- und Investitonskostenzuschuss","1090",129000,1,2023
"Kultur und Wissenschaft","Kultur","Projektstipendium Literatur","1020",1000,1,2023
"Kultur und Wissenschaft","Kultur","Bau- und Investitonskostenzuschuss","1070",15000,1,2023
"Kultur und Wissenschaft","Kultur","Projektstipendium Literatur","1160",1000,1,2023
"Kultur und Wissenschaft","Kultur","Projektstipendium Literatur","1120",1000,1,2023
"Kultur und Wissenschaft","Kultur","Einzel- und Gesamtförderung im Bereich Film, Mode und Design","1120",9000,1,2023
"Kultur und Wissenschaft","Kultur","Bau- und Investitonskostenzuschuss","1120",120000,1,2023
"Kultur und Wissenschaft","Kultur","Projektstipendium Literatur","1040",1000,1,2023
"Kultur und Wissenschaft","Kultur","Einzel- und Gesamtförderung im Bereich Musik","1200",40000,1,2023
"Kultur und Wissenschaft","Kultur","Einzel- und Gesamtförderung im Bereich Wissenschaft und Forschung","1070",2000,1,2023
"Kultur und Wissenschaft","Kultur","Einzel- und Gesamtförderung im Bereich Wissenschaft und Forschung","1220",1000,1,2023
"Kultur und Wissenschaft","Kultur","Einzel- und Gesamtförderung im Bereich Kulturinitiativen","1220",2500,1,2023
"Kultur und Wissenschaft","Kultur","Einzel- und Gesamtförderung im Bereich Wissenschaft und Forschung","1040",3000,1,2023
"Kultur und Wissenschaft","Kultur","Einzel- und Gesamtförderung im Bereich Film, Mode und Design","1030",1000,1,2023
"Kultur und Wissenschaft","Kultur","Einzel- und Gesamtförderung im Bereich Film, Mode und Design","1220",2000,1,2023
"Kultur und Wissenschaft","Kultur","Projektstipendium Literatur","1010",1000,1,2023
"Kultur und Wissenschaft","Kultur","Einzel- und Gesamtförderung im Bereich Film, Mode und Design","1060",20000,1,2023
"Kultur und Wissenschaft","Kultur","Projektstipendium Literatur","1020",1000,1,2023
"Kultur und Wissenschaft","Kultur","Einzel- und Gesamtförderung im Bereich Film, Mode und Design","1100",5000,1,2023
"Kultur und Wissenschaft","Kultur","Projektstipendium Literatur","1070",1000,1,2023
"Kultur und Wissenschaft","Kultur","Projektstipendium Literatur","1070",1000,1,2023
"Kultur und Wissenschaft","Kultur","Einzel- und Gesamtförderung im Bereich Film, Mode und Design","1160",2000,1,2023
"Kultur und Wissenschaft","Kultur","Einzel- und Gesamtförderung im Bereich Film, Mode und Design","1030",5000,1,2023
"Kultur und Wissenschaft","Kultur","Projektstipendium Literatur","1150",1000,1,2023
"Kultur und Wissenschaft","Kultur","Projektstipendium Literatur","1150",1000,1,2023
"Kultur und Wissenschaft","Kultur","Einzel- und Gesamtförderung im Bereich Film, Mode und Design","1040",9000,1,2023
"Kultur und Wissenschaft","Kultur","Projektstipendium Literatur","1040",1000,1,2023
"Kultur und Wissenschaft","Kultur","Projektstipendium Literatur","1080",1000,1,2023
"Kultur und Wissenschaft","Kultur","Einzel- und Gesamtförderung im Bereich Film, Mode und Design","1070",16000,1,2023
"Kultur und Wissenschaft","Kultur","Projektstipendium Literatur","1070",1000,1,2023
"Kultur und Wissenschaft","Kultur","Einzel- und Gesamtförderung im Bereich Film, Mode und Design","1160",5000,1,2023
"Kultur und Wissenschaft","Kultur","Projektstipendium Literatur","1030",1000,1,2023
"Kultur und Wissenschaft","Kultur","Einzel- und Gesamtförderung im Bereich Film, Mode und Design","1020",10000,1,2023
"Kultur und Wissenschaft","Kultur","Einzel- und Gesamtförderung im Bereich Film, Mode und Design","1020",2000,1,2023
"Kultur und Wissenschaft","Kultur","Druckkostenzuschuss","1080",2000,1,2023
"Kultur und Wissenschaft","Kultur","Projektstipendium Literatur","1150",1000,1,2023
"Kultur und Wissenschaft","Kultur","Projektstipendium Literatur","1050",1000,1,2023
"Kultur und Wissenschaft","Kultur","Projektstipendium Literatur","1170",1000,1,2023
"Kultur und Wissenschaft","Kultur","Projektstipendium Literatur","1030",1000,1,2023
"Kultur und Wissenschaft","Kultur","Projektstipendium Literatur","1030",1000,1,2023
"Kultur und Wissenschaft","Kultur","Projektstipendium Literatur","1150",1000,1,2023
"Kultur und Wissenschaft","Kultur","Projektstipendium Literatur","1200",1000,1,2023
"Kultur und Wissenschaft","Kultur","Einzel- und Gesamtförderung im Bereich Film, Mode und Design","1110",9000,1,2023
"Kultur und Wissenschaft","Kultur","Projektstipendium Literatur","1090",1000,1,2023
"Kultur und Wissenschaft","Kultur","Einzel- und Gesamtförderung im Bereich Film, Mode und Design","1050",9000,1,2023
"Kultur und Wissenschaft","Kultur","Einzel- und Gesamtförderung im Bereich Film, Mode und Design","1170",7000,1,2023
"Kultur und Wissenschaft","Kultur","Einzel- und Gesamtförderung im Bereich Film, Mode und Design","1020",5000,1,2023
"Kultur und Wissenschaft","Kultur","Projektstipendium Literatur","1190",1000,1,2023
"Kultur und Wissenschaft","Kultur","Einzel- und Gesamtförderung im Bereich Film, Mode und Design","1100",3000,1,2023
"Kultur und Wissenschaft","Kultur","Projektstipendium Literatur","1120",1000,1,2023
"Kultur und Wissenschaft","Kultur","Einzel- und Gesamtförderung im Bereich Film, Mode und Design","1020",1000,1,2023
"Kultur und Wissenschaft","Kultur","Projektstipendium Literatur","1030",1000,1,2023
"Kultur und Wissenschaft","Kultur","Einzel- und Gesamtförderung im Bereich Film, Mode und Design","1090",1000,1,2023
"Kultur und Wissenschaft","Kultur","Einzel- und Gesamtförderung im Bereich Kulturinitiativen","1050",4000,1,2023
"Kultur und Wissenschaft","Kultur","Einzel- und Gesamtförderung im Bereich Film, Mode und Design","1100",9000,1,2023
"Kultur und Wissenschaft","Kultur","Einzel- und Gesamtförderung im Bereich Film, Mode und Design","1020",40000,1,2023
"Kultur und Wissenschaft","Kultur","Einzel- und Gesamtförderung im Bereich Wissenschaft und Forschung","1010",2000,1,2023
"Kultur und Wissenschaft","Kultur","Projektstipendium Literatur","1040",1000,1,2023
"Kultur und Wissenschaft","Kultur","Einzel- und Gesamtförderung im Bereich Film, Mode und Design","1020",10000,1,2023
"Kultur und Wissenschaft","Kultur","Einzel- und Gesamtförderung im Bereich Film, Mode und Design","1090",5000,1,2023
"Kultur und Wissenschaft","Kultur","Einzel- und Gesamtförderung im Bereich Film, Mode und Design","1060",7000,1,2023
"Kultur und Wissenschaft","Kultur","Projektstipendium Literatur","1020",1000,1,2023
"Kultur und Wissenschaft","Kultur","Einzel- und Gesamtförderung im Bereich Film, Mode und Design","1090",7000,1,2023
"Kultur und Wissenschaft","Kultur","Einzel- und Gesamtförderung im Bereich Film, Mode und Design","1060",1000,1,2023
"Kultur und Wissenschaft","Kultur","Einzel- und Gesamtförderung im Bereich Wissenschaft und Forschung","1210",3000,1,2023
"Kultur und Wissenschaft","Kultur","Einzel- und Gesamtförderung im Bereich Film, Mode und Design","1200",10000,1,2023
"Kultur und Wissenschaft","Kultur","Einzel- und Gesamtförderung im Bereich Film, Mode und Design","1050",8000,1,2023
"Kultur und Wissenschaft","Kultur","Projektstipendium Literatur","1050",1000,1,2023
"Kultur und Wissenschaft","Kultur","Einzel- und Gesamtförderung im Bereich Film, Mode und Design","1150",2000,1,2023
"Kultur und Wissenschaft","Kultur","Einzel- und Gesamtförderung im Bereich Film, Mode und Design","1200",10000,1,2023
"Kultur und Wissenschaft","Kultur","Einzel- und Gesamtförderung im Bereich Film, Mode und Design","1070",3000,1,2023
"Kultur und Wissenschaft","Kultur","Projektstipendium Literatur","1220",1000,1,2023
"Kultur und Wissenschaft","Kultur","Einzel- und Gesamtförderung im Bereich Film, Mode und Design","1170",5000,1,2023
"Kultur und Wissenschaft","Kultur","Einzel- und Gesamtförderung im Bereich Film, Mode und Design","1060",5000,1,2023
"Kultur und Wissenschaft","Kultur","Einzel- und Gesamtförderung im Bereich Film, Mode und Design","1030",15000,1,2023
"Kultur und Wissenschaft","Kultur","Projektstipendium Literatur","1070",1000,1,2023
"Kultur und Wissenschaft","Kultur","Projektstipendium Literatur","1020",1000,1,2023
"Kultur und Wissenschaft","Kultur","Einzel- und Gesamtförderung im Bereich Film, Mode und Design","1020",1000,1,2023
"Kultur und Wissenschaft","Kultur","Projektstipendium Literatur","1070",1000,1,2023
"Kultur und Wissenschaft","Kultur","Projektstipendium Literatur","1020",1000,1,2023
"Kultur und Wissenschaft","Kultur","Einzel- und Gesamtförderung im Bereich Film, Mode und Design","1160",2000,1,2023
"Kultur und Wissenschaft","Kultur","Projektstipendium Literatur","1040",1000,1,2023
"Kultur und Wissenschaft","Kultur","Projektstipendium Literatur","1070",1000,1,2023
"Kultur und Wissenschaft","Kultur","Einzel- und Gesamtförderung im Bereich Film, Mode und Design","1150",4000,1,2023
"Kultur und Wissenschaft","Kultur","Projektstipendium Literatur","1120",1000,1,2023
"Kultur und Wissenschaft","Kultur","Einzel- und Gesamtförderung im Bereich Film, Mode und Design","1170",4000,1,2023
"Kultur und Wissenschaft","Kultur","Projektstipendium Literatur","1140",1000,1,2023
"Kultur und Wissenschaft","Kultur","Einzel- und Gesamtförderung im Bereich Film, Mode und Design","1160",5000,1,2023
"Kultur und Wissenschaft","Kultur","Kunstankauf","1030",14000,1,2023
"Kultur und Wissenschaft","Kultur","Einzel- und Gesamtförderung im Bereich Film, Mode und Design","1020",8000,1,2023
"Kultur und Wissenschaft","Kultur","Einzel- und Gesamtförderung im Bereich Film, Mode und Design","1020",5000,1,2023
"Kultur und Wissenschaft","Kultur","Einzel- und Gesamtförderung im Bereich Film, Mode und Design","1160",9000,1,2023
"Kultur und Wissenschaft","Kultur","Einzel- und Gesamtförderung im Bereich Film, Mode und Design","1070",25000,1,2023
"Kultur und Wissenschaft","Kultur","Einzel- und Gesamtförderung im Bereich Kulturinitiativen","1110",4000,1,2023
"Kultur und Wissenschaft","Kultur","Projektstipendium Literatur","1030",1000,1,2023
"Kultur und Wissenschaft","Kultur","Buchprämie - Aktion ""Wiener AutorInnen in Wiener Verlagen""","1050",2500,1,2023
"Kultur und Wissenschaft","Kultur","Druckkostenzuschuss","1010",7500,1,2023
"Kultur und Wissenschaft","Kultur","Einzel- und Gesamtförderung im Bereich Wissenschaft und Forschung","1010",2000,1,2023
"Kultur und Wissenschaft","Kultur","Einzel- und Gesamtförderung im Bereich Wissenschaft und Forschung","1040",3000,1,2023
"Kultur und Wissenschaft","Kultur","Druckkostenzuschuss","1060",1500,1,2023
"Kultur und Wissenschaft","Kultur","Einzel- und Gesamtförderung im Bereich Kulturinitiativen","1110",2500,1,2023
"Kultur und Wissenschaft","Kultur","Einzel- und Gesamtförderung im Bereich Kulturinitiativen","2333",2500,1,2023
"Kultur und Wissenschaft","Kultur","Einzel- und Gesamtförderung im Bereich Kulturinitiativen","1100",1800,1,2023
"Kultur und Wissenschaft","Kultur","Einzel- und Gesamtförderung im Bereich Wissenschaft und Forschung","1100",4500,1,2023
"Kultur und Wissenschaft","Kultur","Einzel- und Gesamtförderung im Bereich Kulturinitiativen","1070",5000,1,2023
"Kultur und Wissenschaft","Kultur","Einzel- und Gesamtförderung im Bereich Wissenschaft und Forschung","1010",2000,1,2023
"Kultur und Wissenschaft","Kultur","Einzel- und Gesamtförderung im Bereich Wissenschaft und Forschung","1030",16000,1,2023
"Kultur und Wissenschaft","Kultur","Einzel- und Gesamtförderung im Bereich Kulturinitiativen","1040",5000,1,2023
"Kultur und Wissenschaft","Kultur","Bau- und Investitonskostenzuschuss","1160",49000,1,2023
"Kultur und Wissenschaft","Kultur","Einzel- und Gesamtförderung im Bereich Kulturinitiativen","1100",2500,1,2023
"Kultur und Wissenschaft","Kultur","Einzel- und Gesamtförderung im Bereich Wissenschaft und Forschung","1170",3000,1,2023
"Kultur und Wissenschaft","Kultur","Einzel- und Gesamtförderung im Bereich Wissenschaft und Forschung","1050",2000,1,2023
"Kultur und Wissenschaft","Kultur","Einzel- und Gesamtförderung im Bereich Kulturinitiativen","1200",1000,1,2023
"Kultur und Wissenschaft","Kultur","Einzel- und Gesamtförderung im Bereich Wissenschaft und Forschung","1050",3000,1,2023
"Kultur und Wissenschaft","Kultur","Bau- und Investitonskostenzuschuss","1090",158000,1,2023
"Kultur und Wissenschaft","Kultur","Wissenschaftsstipendium","1130",5000,1,2023
"Kultur und Wissenschaft","Kultur","Buchprämie - Aktion ""Wiener AutorInnen in Wiener Verlagen""","1090",2500,1,2023
"Kultur und Wissenschaft","Kultur","Einzel- und Gesamtförderung im Bereich Kulturinitiativen","1020",3500,1,2023
"Kultur und Wissenschaft","Kultur","Einzel- und Gesamtförderung im Bereich Kulturinitiativen","1010",2500,1,2023
"Kultur und Wissenschaft","Kultur","Einzel- und Gesamtförderung im Bereich Darstellende Kunst","1170",41000,1,2023
"Kultur und Wissenschaft","Kultur","Einzel- und Gesamtförderung im Bereich Wissenschaft und Forschung","1030",2000,1,2023
"Kultur und Wissenschaft","Kultur","Einzel- und Gesamtförderung im Bereich Literatur","1020",5000,1,2023
"Kultur und Wissenschaft","Kultur","Einzel- und Gesamtförderung im Bereich Wissenschaft und Forschung","8010",2500,1,2023
"Kultur und Wissenschaft","Kultur","Wiener Altstadterhaltungsfonds","1010",76935.09,1,2023
"Kultur und Wissenschaft","Kultur","Wiener Altstadterhaltungsfonds","1010",390000,1,2023
"Kultur und Wissenschaft","Kultur","Einzel- und Gesamtförderung im Bereich Literatur","1230",1100,1,2023
"Kultur und Wissenschaft","Kultur","Einzel- und Gesamtförderung im Bereich Wissenschaft und Forschung","1090",5000,1,2023
"Kultur und Wissenschaft","Kultur","Einzel- und Gesamtförderung im Bereich Musik","3100",5500,1,2023
"Kultur und Wissenschaft","Kultur","Einzel- und Gesamtförderung im Bereich Darstellende Kunst","1210",30000,1,2023
"Kultur und Wissenschaft","Kultur","Einzel- und Gesamtförderung im Bereich Darstellende Kunst","1210",3000,1,2023
"Kultur und Wissenschaft","Kultur","Buchprämie - Aktion ""Wiener AutorInnen in Wiener Verlagen""","1160",2500,1,2023
"Kultur und Wissenschaft","Kultur","Einzel- und Gesamtförderung im Bereich Kulturinitiativen","1040",4500,1,2023
"Kultur und Wissenschaft","Kultur","Einzel- und Gesamtförderung im Bereich Musik","1150",4000,1,2023
"Kultur und Wissenschaft","Kultur","Einzel- und Gesamtförderung im Bereich Wissenschaft und Forschung","1040",4000,1,2023
"Kultur und Wissenschaft","Kultur","Einzel- und Gesamtförderung im Bereich Wissenschaft und Forschung","1080",90000,1,2023
"Kultur und Wissenschaft","Kultur","Einzel- und Gesamtförderung im Bereich Kulturinitiativen","1040",4000,1,2023
"Kultur und Wissenschaft","Kultur","Einzel- und Gesamtförderung im Bereich Wissenschaft und Forschung","1070",10000,1,2023
"Kultur und Wissenschaft","Kultur","Einzel- und Gesamtförderung im Bereich Kulturinitiativen","1210",4500,1,2023
"Kultur und Wissenschaft","Kultur","Wiener Altstadterhaltungsfonds","1010",120046.45,1,2023
"Kultur und Wissenschaft","Kultur","Einzel- und Gesamtförderung im Bereich Wissenschaft und Forschung","1020",3000,1,2023
"Kultur und Wissenschaft","Kultur","Einzel- und Gesamtförderung im Bereich Darstellende Kunst","1140",10000,1,2023
"Kultur und Wissenschaft","Kultur","Einzel- und Gesamtförderung im Bereich Darstellende Kunst","1140",1e+05,1,2023
"Kultur und Wissenschaft","Kultur","Einzel- und Gesamtförderung im Bereich Darstellende Kunst","2340",95000,1,2023
"Kultur und Wissenschaft","Kultur","Einzel- und Gesamtförderung im Bereich Darstellende Kunst","2340",10000,1,2023
"Kultur und Wissenschaft","Kultur","Sonstige Förderungen","1070",34642.58,1,2023
"Kultur und Wissenschaft","Kultur","Einzel- und Gesamtförderung im Bereich Wissenschaft und Forschung","1070",4000,1,2023
"Kultur und Wissenschaft","Kultur","Einzel- und Gesamtförderung im Bereich Literatur","1010",3000,1,2023
"Kultur und Wissenschaft","Kultur","Einzel- und Gesamtförderung im Bereich Kulturinitiativen","1020",3500,1,2023
"Kultur und Wissenschaft","Kultur","Einzel- und Gesamtförderung im Bereich Darstellende Kunst","1020",9000,1,2023
"Kultur und Wissenschaft","Kultur","Einzel- und Gesamtförderung im Bereich Darstellende Kunst","1020",90000,1,2023
"Kultur und Wissenschaft","Kultur","Einzel- und Gesamtförderung im Bereich Kulturinitiativen","1040",2800,1,2023
"Kultur und Wissenschaft","Kultur","Einzel- und Gesamtförderung im Bereich Darstellende Kunst","1040",8000,1,2023
"Kultur und Wissenschaft","Kultur","Einzel- und Gesamtförderung im Bereich Darstellende Kunst","1040",80000,1,2023
"Kultur und Wissenschaft","Kultur","Bau- und Investitonskostenzuschuss","1010",79000,1,2023
"Kultur und Wissenschaft","Kultur","Einzel- und Gesamtförderung im Bereich Wissenschaft und Forschung","1010",3e+05,1,2023
"Kultur und Wissenschaft","Kultur","Einzel- und Gesamtförderung im Bereich Darstellende Kunst","1190",8000,1,2023
"Kultur und Wissenschaft","Kultur","Einzel- und Gesamtförderung im Bereich Darstellende Kunst","1190",80000,1,2023
"Kultur und Wissenschaft","Kultur","Einzel- und Gesamtförderung im Bereich Kulturinitiativen","1100",3000,1,2023
"Kultur und Wissenschaft","Kultur","Einzel- und Gesamtförderung im Bereich Musik","1020",7000,1,2023
"Kultur und Wissenschaft","Kultur","Kunstankauf","1070",5700,1,2023
"Kultur und Wissenschaft","Kultur","Einzel- und Gesamtförderung im Bereich Literatur","1210",2800,1,2023
"Kultur und Wissenschaft","Kultur","Einzel- und Gesamtförderung im Bereich Wissenschaft und Forschung","1140",2000,1,2023
"Kultur und Wissenschaft","Kultur","Einzel- und Gesamtförderung im Bereich Darstellende Kunst","1070",2400000,1,2023
"Kultur und Wissenschaft","Kultur","Einzel- und Gesamtförderung im Bereich Wissenschaft und Forschung","1040",10000,1,2023
"Kultur und Wissenschaft","Kultur","Einzel- und Gesamtförderung im Bereich Kulturinitiativen","1050",2500,1,2023
"Kultur und Wissenschaft","Kultur","Einzel- und Gesamtförderung im Bereich Wissenschaft und Forschung","1010",6500,1,2023
"Kultur und Wissenschaft","Kultur","Einzel- und Gesamtförderung im Bereich Bildende Kunst und Medienkunst","1060",1e+05,1,2023
"Kultur und Wissenschaft","Kultur","Einzel- und Gesamtförderung im Bereich Darstellende Kunst","1060",2e+05,1,2023
"Kultur und Wissenschaft","Kultur","Einzel- und Gesamtförderung im Bereich Wissenschaft und Forschung","1040",4000,1,2023
"Kultur und Wissenschaft","Kultur","Einzel- und Gesamtförderung im Bereich Musik","1030",20000,1,2023
"Kultur und Wissenschaft","Kultur","Einzel- und Gesamtförderung im Bereich Darstellende Kunst","1020",10000,1,2023
"Kultur und Wissenschaft","Kultur","Wiener Altstadterhaltungsfonds","1010",33704.2,1,2023
"Kultur und Wissenschaft","Kultur","Einzel- und Gesamtförderung im Bereich Kulturinitiativen","1020",1500,1,2023
"Kultur und Wissenschaft","Kultur","Einzel- und Gesamtförderung im Bereich Kulturinitiativen","1120",2500,1,2023
"Kultur und Wissenschaft","Kultur","Kunstankauf","1030",7500,1,2023
"Kultur und Wissenschaft","Kultur","Bau- und Investitonskostenzuschuss","1070",63000,1,2023
"Kultur und Wissenschaft","Kultur","Bau- und Investitonskostenzuschuss","1070",70000,1,2023
"Kultur und Wissenschaft","Kultur","Wiener Altstadterhaltungsfonds","1010",60645.68,1,2023
"Kultur und Wissenschaft","Kultur","Kunstankauf","1020",3500,1,2023
"Kultur und Wissenschaft","Kultur","Einzel- und Gesamtförderung im Bereich Kulturinitiativen","1030",5000,1,2023
"Kultur und Wissenschaft","Kultur","Einzel- und Gesamtförderung im Bereich Wissenschaft und Forschung","1150",3000,1,2023
"Kultur und Wissenschaft","Kultur","Einzel- und Gesamtförderung im Bereich Wissenschaft und Forschung","1020",1500,1,2023
"Kultur und Wissenschaft","Kultur","Einzel- und Gesamtförderung im Bereich Kulturinitiativen","1220",2500,1,2023
"Kultur und Wissenschaft","Kultur","Einzel- und Gesamtförderung im Bereich Kulturinitiativen","1010",5000,1,2023
"Kultur und Wissenschaft","Kultur","Einzel- und Gesamtförderung im Bereich Wissenschaft und Forschung","1230",3000,1,2023
"Kultur und Wissenschaft","Kultur","Bau- und Investitonskostenzuschuss","1070",10000,1,2023
"Kultur und Wissenschaft","Kultur","Vom Wissen der Vielen - Wissenschaftsvermittlung in Wien - Call 2022","1020",50500,1,2023
"Kultur und Wissenschaft","Kultur","Vom Wissen der Vielen - Wissenschaftsvermittlung in Wien - Call 2022","1190",45000,1,2023
"Kultur und Wissenschaft","Kultur","Einzel- und Gesamtförderung im Bereich Wissenschaft und Forschung","1010",220000,1,2023
"Kultur und Wissenschaft","Kultur","Vom Wissen der Vielen - Wissenschaftsvermittlung in Wien - Call 2022","1010",35000,1,2023
"Kultur und Wissenschaft","Kultur","Einzel- und Gesamtförderung im Bereich Kulturinitiativen","1110",2500,1,2023
"Kultur und Wissenschaft","Kultur","Einzel- und Gesamtförderung im Bereich Wissenschaft und Forschung","1010",20000,1,2023
"Kultur und Wissenschaft","Kultur","Einzel- und Gesamtförderung im Bereich Wissenschaft und Forschung","1100",3000,1,2023
"Kultur und Wissenschaft","Kultur","Vom Wissen der Vielen - Wissenschaftsvermittlung in Wien - Call 2022","1230",62500,1,2023
"Kultur und Wissenschaft","Kultur","Einzel- und Gesamtförderung im Bereich Film, Mode und Design","1080",10000,1,2023
"Kultur und Wissenschaft","Kultur","Vom Wissen der Vielen - Wissenschaftsvermittlung in Wien - Call 2022","1070",60000,1,2023
"Kultur und Wissenschaft","Kultur","Kunstankauf","1180",15000,1,2023
"Kultur und Wissenschaft","Kultur","Einzel- und Gesamtförderung im Bereich Wissenschaft und Forschung","1170",2500,1,2023
"Kultur und Wissenschaft","Kultur","Einzel- und Gesamtförderung im Bereich Musik","1010",4000,1,2023
"Kultur und Wissenschaft","Kultur","Einzel- und Gesamtförderung im Bereich Wissenschaft und Forschung","1040",10000,1,2023
"Kultur und Wissenschaft","Kultur","Kunstankauf","1070",18000,1,2023
"Kultur und Wissenschaft","Kultur","Wiener Altstadterhaltungsfonds","1060",124663.5,1,2023
"Kultur und Wissenschaft","Kultur","Einzel- und Gesamtförderung im Bereich Musik","1030",250000,1,2023
"Kultur und Wissenschaft","Kultur","Vom Wissen der Vielen - Wissenschaftsvermittlung in Wien - Call 2022","1030",66000,1,2023
"Kultur und Wissenschaft","Kultur","Einzel- und Gesamtförderung im Bereich Musik","1100",3500,1,2023
"Kultur und Wissenschaft","Kultur","Einzel- und Gesamtförderung im Bereich Wissenschaft und Forschung","1090",2500,1,2023
"Kultur und Wissenschaft","Kultur","Einzel- und Gesamtförderung im Bereich Wissenschaft und Forschung","1080",2000,1,2023
"Kultur und Wissenschaft","Kultur","Vom Wissen der Vielen - Wissenschaftsvermittlung in Wien - Call 2022","1010",31000,1,2023
"Kultur und Wissenschaft","Kultur","Vom Wissen der Vielen - Wissenschaftsvermittlung in Wien - Call 2022","1230",60000,1,2023
"Kultur und Wissenschaft","Kultur","Vom Wissen der Vielen - Wissenschaftsvermittlung in Wien - Call 2022","1030",35500,1,2023
"Kultur und Wissenschaft","Kultur","Vom Wissen der Vielen - Wissenschaftsvermittlung in Wien - Call 2022","1010",49500,1,2023
"Kultur und Wissenschaft","Kultur","Einzel- und Gesamtförderung im Bereich Wissenschaft und Forschung","1050",10000,1,2023
"Kultur und Wissenschaft","Kultur","Einzel- und Gesamtförderung im Bereich Darstellende Kunst","1060",4000,1,2023
"Kultur und Wissenschaft","Kultur","democracy in progress - Beiträge zur Stärkung des Vertrauens in demokratische Institutionen - Call","1050",55000,1,2023
"Kultur und Wissenschaft","Kultur","Einzel- und Gesamtförderung im Bereich Musik","1180",3200,1,2023
"Kultur und Wissenschaft","Kultur","Wissenschaftsstipendium","1180",4000,1,2023
"Kultur und Wissenschaft","Kultur","Bau- und Investitonskostenzuschuss","1010",43000,1,2023
"Kultur und Wissenschaft","Kultur","Einzel- und Gesamtförderung im Bereich Wissenschaft und Forschung","1170",2500,1,2023
"Kultur und Wissenschaft","Kultur","Wissenschaftsstipendium","1040",2000,1,2023
"Kultur und Wissenschaft","Kultur","Einzel- und Gesamtförderung im Bereich Darstellende Kunst","1040",10000,1,2023
"Kultur und Wissenschaft","Kultur","Einzel- und Gesamtförderung im Bereich Darstellende Kunst","1040",110000,1,2023
"Kultur und Wissenschaft","Kultur","Einzel- und Gesamtförderung im Bereich Kulturinitiativen","1020",1500,1,2023
"Kultur und Wissenschaft","Kultur","Elias-Canetti-Stipendium","1200",18000,1,2024
"Kultur und Wissenschaft","Kultur","Einzel- und Gesamtförderung im Bereich Kulturinitiativen","1060",2000,1,2024
"Kultur und Wissenschaft","Kultur","Einzel- und Gesamtförderung im Bereich Darstellende Kunst","1190",50000,1,2024
"Kultur und Wissenschaft","Kultur","Einzel- und Gesamtförderung im Bereich Musik","1190",20000,1,2024
"Kultur und Wissenschaft","Kultur","Würdigungspreise der Stadt Wien","1150",10000,1,2024
"Kultur und Wissenschaft","Kultur","Würdigungspreise der Stadt Wien","1180",4000,1,2024
"Kultur und Wissenschaft","Kultur","Würdigungspreise der Stadt Wien","1160",4000,1,2024
"Kultur und Wissenschaft","Kultur","Würdigungspreise der Stadt Wien","1070",4000,1,2024
"Kultur und Wissenschaft","Kultur","Würdigungspreise der Stadt Wien","1040",4000,1,2024
"Kultur und Wissenschaft","Kultur","Würdigungspreise der Stadt Wien","1020",10000,1,2024
"Kultur und Wissenschaft","Kultur","Würdigungspreise der Stadt Wien","1170",4000,1,2024
"Kultur und Wissenschaft","Kultur","Einzel- und Gesamtförderung im Bereich Wissenschaft und Forschung","1060",4500,1,2024
"Kultur und Wissenschaft","Kultur","Einzel- und Gesamtförderung im Bereich Wissenschaft und Forschung","1040",2000,1,2024
"Kultur und Wissenschaft","Kultur","Einzel- und Gesamtförderung im Bereich Wissenschaft und Forschung","1010",20000,1,2024
"Kultur und Wissenschaft","Kultur","Einzel- und Gesamtförderung im Bereich Wissenschaft und Forschung","1040",15000,1,2024
"Kultur und Wissenschaft","Kultur","Einzel- und Gesamtförderung im Bereich Kulturinitiativen","1030",2000,1,2024
"Kultur und Wissenschaft","Kultur","Elias-Canetti-Stipendium","1160",18000,1,2024
"Kultur und Wissenschaft","Kultur","Elias-Canetti-Stipendium","1020",18000,1,2024
"Kultur und Wissenschaft","Kultur","Würdigungspreise der Stadt Wien","1080",10000,1,2024
"Kultur und Wissenschaft","Kultur","Würdigungspreise der Stadt Wien","1200",10000,1,2024
"Kultur und Wissenschaft","Kultur","Wiener Altstadterhaltungsfonds","1010",121246.8,1,2024
"Kultur und Wissenschaft","Kultur","Würdigungspreise der Stadt Wien","69124",4000,1,2024
"Kultur und Wissenschaft","Kultur","Würdigungspreise der Stadt Wien","1080",10000,1,2024
"Kultur und Wissenschaft","Kultur","Würdigungspreise der Stadt Wien","1200",10000,1,2024
"Kultur und Wissenschaft","Kultur","Würdigungspreise der Stadt Wien","1120",10000,1,2024
"Kultur und Wissenschaft","Kultur","Würdigungspreise der Stadt Wien","1020",4000,1,2024
"Kultur und Wissenschaft","Kultur","Bau- und Investitonskostenzuschuss","1040",25000,1,2024
"Kultur und Wissenschaft","Kultur","Einzel- und Gesamtförderung im Bereich Wissenschaft und Forschung","1090",5000,1,2024
"Kultur und Wissenschaft","Kultur","Einzel- und Gesamtförderung im Bereich Wissenschaft und Forschung","1020",2000,1,2024
"Kultur und Wissenschaft","Kultur","Einzel- und Gesamtförderung im Bereich Wissenschaft und Forschung","1030",2500,1,2024
"Kultur und Wissenschaft","Kultur","Einzel- und Gesamtförderung im Bereich Kulturinitiativen","1200",220000,1,2024
"Kultur und Wissenschaft","Kultur","Einzel- und Gesamtförderung im Bereich Wissenschaft und Forschung","1030",3500,1,2024
"Kultur und Wissenschaft","Kultur","Einzel- und Gesamtförderung im Bereich Kulturinitiativen","1210",2000,1,2024
"Kultur und Wissenschaft","Kultur","Einzel- und Gesamtförderung im Bereich Wissenschaft und Forschung","1070",4000,1,2024
"Kultur und Wissenschaft","Kultur","Förderung von Institutionen im Bereich Darstellende Kunst","1040",120000,1,2024
"Kultur und Wissenschaft","Kultur","Förderung von Institutionen im Bereich Darstellende Kunst","1080",720000,1,2024
"Kultur und Wissenschaft","Kultur","Einzel- und Gesamtförderung im Bereich Film, Mode und Design","1010",30000,1,2024
"Kultur und Wissenschaft","Kultur","Einzel- und Gesamtförderung im Bereich Musik","1030",55000,1,2024
"Kultur und Wissenschaft","Kultur","Einzel- und Gesamtförderung im Bereich Wissenschaft und Forschung","1070",5000,1,2024
"Kultur und Wissenschaft","Kultur","Einzel- und Gesamtförderung im Bereich Literatur","1010",5000,1,2024
"Kultur und Wissenschaft","Kultur","Bau- und Investitonskostenzuschuss","1070",2e+05,1,2024
"Kultur und Wissenschaft","Kultur","Einzel- und Gesamtförderung im Bereich Film, Mode und Design","1030",3000,1,2024
"Kultur und Wissenschaft","Kultur","Einzel- und Gesamtförderung im Bereich Kulturinitiativen","1030",4e+06,1,2024
"Kultur und Wissenschaft","Kultur","Einzel- und Gesamtförderung im Bereich Musik","1050",1140000,1,2024
"Kultur und Wissenschaft","Kultur","Einzel- und Gesamtförderung im Bereich Kulturinitiativen","1080",20462,1,2024
"Kultur und Wissenschaft","Kultur","Einzel- und Gesamtförderung im Bereich Darstellende Kunst","1010",33000,1,2024
"Kultur und Wissenschaft","Kultur","Wiener Altstadterhaltungsfonds","1140",32325.46,1,2024
"Kultur und Wissenschaft","Kultur","Einzel- und Gesamtförderung im Bereich Kulturinitiativen","1130",2500,1,2024
"Kultur und Wissenschaft","Kultur","Einzel- und Gesamtförderung im Bereich Wissenschaft und Forschung","1040",6000,1,2024
"Kultur und Wissenschaft","Kultur","Einzel- und Gesamtförderung im Bereich Wissenschaft und Forschung","1090",5000,1,2024
"Kultur und Wissenschaft","Kultur","Einzel- und Gesamtförderung im Bereich Musik","1020",15000,1,2024
"Kultur und Wissenschaft","Kultur","Einzel- und Gesamtförderung im Bereich Darstellende Kunst","1150",30000,1,2024
"Kultur und Wissenschaft","Kultur","Einzel- und Gesamtförderung im Bereich Musik","1160",315000,1,2024
"Kultur und Wissenschaft","Kultur","Einzel- und Gesamtförderung im Bereich Wissenschaft und Forschung","1090",2500,1,2024
"Kultur und Wissenschaft","Kultur","Einzel- und Gesamtförderung im Bereich Darstellende Kunst","1200",10000,1,2024
"Kultur und Wissenschaft","Kultur","Förderung von Institutionen im Bereich Darstellende Kunst","1070",220000,1,2024
"Kultur und Wissenschaft","Kultur","Einzel- und Gesamtförderung im Bereich Darstellende Kunst","1200",15000,1,2024
"Kultur und Wissenschaft","Kultur","Einzel- und Gesamtförderung im Bereich Musik","1110",3000,1,2024
"Kultur und Wissenschaft","Kultur","Einzel- und Gesamtförderung im Bereich Darstellende Kunst","1080",30000,1,2024
"Kultur und Wissenschaft","Kultur","Einzel- und Gesamtförderung im Bereich Musik","1040",5000,1,2024
"Kultur und Wissenschaft","Kultur","Einzel- und Gesamtförderung im Bereich Filmfestival und Sommerkinos","1020",63000,1,2024
"Kultur und Wissenschaft","Kultur","Einzel- und Gesamtförderung im Bereich Kulturinitiativen","1020",1e+05,1,2024
"Kultur und Wissenschaft","Kultur","Einzel- und Gesamtförderung im Bereich Musik","1020",4000,1,2024
"Kultur und Wissenschaft","Kultur","Einzel- und Gesamtförderung im Bereich Darstellende Kunst","1180",34000,1,2024
"Kultur und Wissenschaft","Kultur","Einzel- und Gesamtförderung im Bereich Filmfestival und Sommerkinos","1070",2e+05,1,2024
"Kultur und Wissenschaft","Kultur","Einzel- und Gesamtförderung im Bereich Filmfestival und Sommerkinos","1010",15000,1,2024
"Kultur und Wissenschaft","Kultur","Einzel- und Gesamtförderung im Bereich Kulturinitiativen","1160",2000,1,2024
"Kultur und Wissenschaft","Kultur","Würdigungspreise der Stadt Wien","1020",4000,1,2024
"Kultur und Wissenschaft","Kultur","Einzel- und Gesamtförderung im Bereich Darstellende Kunst","1140",27000,1,2024
"Kultur und Wissenschaft","Kultur","Einzel- und Gesamtförderung im Bereich Filmfestival und Sommerkinos","1070",80000,1,2024
"Kultur und Wissenschaft","Kultur","Einzel- und Gesamtförderung im Bereich Darstellende Kunst","1020",43000,1,2024
"Kultur und Wissenschaft","Kultur","Einzel- und Gesamtförderung im Bereich Filmfestival und Sommerkinos","1020",25000,1,2024
"Kultur und Wissenschaft","Kultur","Einzel- und Gesamtförderung im Bereich Darstellende Kunst","1170",34000,1,2024
"Kultur und Wissenschaft","Kultur","Einzel- und Gesamtförderung im Bereich Darstellende Kunst","1160",5000,1,2024
"Kultur und Wissenschaft","Kultur","Einzel- und Gesamtförderung im Bereich Darstellende Kunst","1070",45000,1,2024
"Kultur und Wissenschaft","Kultur","Einzel- und Gesamtförderung im Bereich Darstellende Kunst","1030",46000,1,2024
"Kultur und Wissenschaft","Kultur","Einzel- und Gesamtförderung im Bereich Darstellende Kunst","1040",42000,1,2024
"Kultur und Wissenschaft","Kultur","Einzel- und Gesamtförderung im Bereich Darstellende Kunst","1050",30000,1,2024
"Kultur und Wissenschaft","Kultur","Würdigungspreise der Stadt Wien","1070",10000,1,2024
"Kultur und Wissenschaft","Kultur","Würdigungspreise der Stadt Wien","1140",4000,1,2024
"Kultur und Wissenschaft","Kultur","Einzel- und Gesamtförderung im Bereich Filmfestival und Sommerkinos","1140",90000,1,2024
"Kultur und Wissenschaft","Kultur","Einzel- und Gesamtförderung im Bereich Darstellende Kunst","1150",48000,1,2024
"Kultur und Wissenschaft","Kultur","Einzel- und Gesamtförderung im Bereich Darstellende Kunst","1190",35000,1,2024
"Kultur und Wissenschaft","Kultur","Einzel- und Gesamtförderung im Bereich Darstellende Kunst","1060",37000,1,2024
"Kultur und Wissenschaft","Kultur","Einzel- und Gesamtförderung im Bereich Darstellende Kunst","1020",36000,1,2024
"Kultur und Wissenschaft","Kultur","Einzel- und Gesamtförderung im Bereich Darstellende Kunst","1070",28000,1,2024
"Kultur und Wissenschaft","Kultur","Einzel- und Gesamtförderung im Bereich Darstellende Kunst","1140",25000,1,2024
"Kultur und Wissenschaft","Kultur","Einzel- und Gesamtförderung im Bereich Darstellende Kunst","1140",53000,1,2024
"Kultur und Wissenschaft","Kultur","Einzel- und Gesamtförderung im Bereich Darstellende Kunst","1200",48000,1,2024
"Kultur und Wissenschaft","Kultur","Einzel- und Gesamtförderung im Bereich Darstellende Kunst","1200",4000,1,2024
"Kultur und Wissenschaft","Kultur","Einzel- und Gesamtförderung im Bereich Kulturinitiativen","1020",10000,1,2024
"Kultur und Wissenschaft","Kultur","Einzel- und Gesamtförderung im Bereich Darstellende Kunst","1180",19000,1,2024
"Kultur und Wissenschaft","Kultur","Einzel- und Gesamtförderung im Bereich Darstellende Kunst","1040",53000,1,2024
"Kultur und Wissenschaft","Kultur","Einzel- und Gesamtförderung im Bereich Darstellende Kunst","1050",52000,1,2024
"Kultur und Wissenschaft","Kultur","Einzel- und Gesamtförderung im Bereich Darstellende Kunst","1150",55000,1,2024
"Kultur und Wissenschaft","Kultur","Einzel- und Gesamtförderung im Bereich Darstellende Kunst","1140",52000,1,2024
"Kultur und Wissenschaft","Kultur","Einzel- und Gesamtförderung im Bereich Darstellende Kunst","1220",11000,1,2024
"Kultur und Wissenschaft","Kultur","Einzel- und Gesamtförderung im Bereich Darstellende Kunst","1120",15000,1,2024
"Kultur und Wissenschaft","Kultur","Kunstankauf","1150",7800,1,2024
"Kultur und Wissenschaft","Kultur","Einzel- und Gesamtförderung im Bereich Filmfestival und Sommerkinos","1230",24000,1,2024
"Kultur und Wissenschaft","Kultur","Einzel- und Gesamtförderung im Bereich Darstellende Kunst","1080",23000,1,2024
"Kultur und Wissenschaft","Kultur","Einzel- und Gesamtförderung im Bereich Darstellende Kunst","1180",44000,1,2024
"Kultur und Wissenschaft","Kultur","Einzel- und Gesamtförderung im Bereich Darstellende Kunst","1050",40000,1,2024
"Kultur und Wissenschaft","Kultur","Einzel- und Gesamtförderung im Bereich Filmfestival und Sommerkinos","1080",35000,1,2024
"Kultur und Wissenschaft","Kultur","Einzel- und Gesamtförderung im Bereich Filmfestival und Sommerkinos","1160",1e+05,1,2024
"Kultur und Wissenschaft","Kultur","Einzel- und Gesamtförderung im Bereich Darstellende Kunst","1060",48000,1,2024
"Kultur und Wissenschaft","Kultur","Einzel- und Gesamtförderung im Bereich Darstellende Kunst","1050",40000,1,2024
"Kultur und Wissenschaft","Kultur","Einzel- und Gesamtförderung im Bereich Filmfestival und Sommerkinos","1080",35000,1,2024
"Kultur und Wissenschaft","Kultur","Einzel- und Gesamtförderung im Bereich Darstellende Kunst","1030",47000,1,2024
"Kultur und Wissenschaft","Kultur","Würdigungspreise der Stadt Wien","1070",2500,1,2024
"Kultur und Wissenschaft","Kultur","Würdigungspreise der Stadt Wien","3485",2500,1,2024
"Kultur und Wissenschaft","Kultur","Würdigungspreise der Stadt Wien","1160",5000,1,2024
"Kultur und Wissenschaft","Kultur","Würdigungspreise der Stadt Wien","1020",2500,1,2024
"Kultur und Wissenschaft","Kultur","Würdigungspreise der Stadt Wien","1150",2500,1,2024
"Kultur und Wissenschaft","Kultur","Würdigungspreise der Stadt Wien","1160",5000,1,2024
"Kultur und Wissenschaft","Kultur","Würdigungspreise der Stadt Wien","1030",4000,1,2024
"Kultur und Wissenschaft","Kultur","Würdigungspreise der Stadt Wien","3430",4000,1,2024
"Kultur und Wissenschaft","Kultur","Einzel- und Gesamtförderung im Bereich Darstellende Kunst","1060",15000,1,2024
"Kultur und Wissenschaft","Kultur","Einzel- und Gesamtförderung im Bereich Filmfestival und Sommerkinos","1030",50000,1,2024
"Kultur und Wissenschaft","Kultur","Einzel- und Gesamtförderung im Bereich Wissenschaft und Forschung","1040",5000,1,2024
"Kultur und Wissenschaft","Kultur","Einzel- und Gesamtförderung im Bereich Darstellende Kunst","1030",15000,1,2024
"Kultur und Wissenschaft","Kultur","Druckkostenzuschuss","1010",2000,1,2024
"Kultur und Wissenschaft","Kultur","Einzel- und Gesamtförderung im Bereich Musik","1040",170000,1,2024
"Kultur und Wissenschaft","Kultur","Einzel- und Gesamtförderung im Bereich Darstellende Kunst","1070",19600,1,2024
"Kultur und Wissenschaft","Kultur","Einzel- und Gesamtförderung im Bereich Darstellende Kunst","1020",5e+05,1,2024
"Kultur und Wissenschaft","Kultur","Einzel- und Gesamtförderung im Bereich Kulturinitiativen","1160",25000,1,2024
"Kultur und Wissenschaft","Kultur","Einzel- und Gesamtförderung im Bereich Kulturinitiativen","1100",48000,1,2024
"Kultur und Wissenschaft","Kultur","Einzel- und Gesamtförderung im Bereich Kulturinitiativen","1190",122000,1,2024
"Kultur und Wissenschaft","Kultur","Einzel- und Gesamtförderung im Bereich Wissenschaft und Forschung","1010",3000,1,2024
"Kultur und Wissenschaft","Kultur","Würdigungspreise der Stadt Wien","1150",4000,1,2024
"Kultur und Wissenschaft","Kultur","Einzel- und Gesamtförderung im Bereich Wissenschaft und Forschung","1020",20000,1,2024
"Kultur und Wissenschaft","Kultur","Einzel- und Gesamtförderung im Bereich Kulturinitiativen","1060",2160000,1,2024
"Kultur und Wissenschaft","Kultur","Einzel- und Gesamtförderung im Bereich Musik","1030",18000,1,2024
"Kultur und Wissenschaft","Kultur","Kompositionsförderung","1070",1000,1,2024
"Kultur und Wissenschaft","Kultur","Einzel- und Gesamtförderung im Bereich Wissenschaft und Forschung","1090",4000,1,2024
"Kultur und Wissenschaft","Kultur","Einzel- und Gesamtförderung im Bereich Literatur","1200",1400,1,2024
"Kultur und Wissenschaft","Kultur","Einzel- und Gesamtförderung im Bereich Wissenschaft und Forschung","1150",4000,1,2024
"Kultur und Wissenschaft","Kultur","Kunstankauf","1200",4000,1,2024
"Kultur und Wissenschaft","Kultur","Kunstankauf","1070",4000,1,2024
"Kultur und Wissenschaft","Kultur","Einzel- und Gesamtförderung im Bereich Kulturinitiativen","1210",3000,1,2024
"Kultur und Wissenschaft","Kultur","Kunstankauf","1150",5200,1,2024
"Kultur und Wissenschaft","Kultur","Kunstankauf","1120",3200,1,2024
"Kultur und Wissenschaft","Kultur","Einzel- und Gesamtförderung im Bereich Film, Mode und Design","1010",3000,1,2024
"Kultur und Wissenschaft","Kultur","Einzel- und Gesamtförderung im Bereich Kulturinitiativen","1090",5000,1,2024
"Kultur und Wissenschaft","Kultur","Einzel- und Gesamtförderung im Bereich Film, Mode und Design","1060",4000,1,2024
"Kultur und Wissenschaft","Kultur","Bau- und Investitonskostenzuschuss","1070",8e+05,1,2024
"Kultur und Wissenschaft","Kultur","Einzel- und Gesamtförderung im Bereich Kulturinitiativen","1150",17000,1,2024
"Kultur und Wissenschaft","Kultur","Wissenschaftsstipendium","1080",9000,1,2024
"Kultur und Wissenschaft","Kultur","Einzel- und Gesamtförderung im Bereich Kulturinitiativen","1030",140000,1,2024
"Kultur und Wissenschaft","Kultur","Einzel- und Gesamtförderung im Bereich Kulturinitiativen","1040",20000,1,2024
"Kultur und Wissenschaft","Kultur","Einzel- und Gesamtförderung im Bereich Wissenschaft und Forschung","1140",5000,1,2024
"Kultur und Wissenschaft","Kultur","Kunstankauf","1160",6400,1,2024
"Kultur und Wissenschaft","Kultur","Förderung von Institutionen im Bereich Darstellende Kunst","1210",7e+05,1,2024
"Kultur und Wissenschaft","Kultur","Wissenschaftsstipendium","1160",10000,1,2024
"Kultur und Wissenschaft","Kultur","Einzel- und Gesamtförderung im Bereich Kulturinitiativen","1010",7000,1,2024
"Kultur und Wissenschaft","Kultur","Einzel- und Gesamtförderung im Bereich Bildende Kunst und Medienkunst","1070",1420000,1,2024
"Kultur und Wissenschaft","Kultur","Einzel- und Gesamtförderung im Bereich Kulturinitiativen","1230",4e+05,1,2024
"Kultur und Wissenschaft","Kultur","Einzel- und Gesamtförderung im Bereich Wissenschaft und Forschung","1080",5000,1,2024
"Kultur und Wissenschaft","Kultur","Einzel- und Gesamtförderung im Bereich Kulturinitiativen","1070",25000,1,2024
"Kultur und Wissenschaft","Kultur","Einzel- und Gesamtförderung im Bereich Kulturinitiativen","1030",13000,1,2024
"Kultur und Wissenschaft","Kultur","Einzel- und Gesamtförderung im Bereich Film, Mode und Design","1160",1000,1,2024
"Kultur und Wissenschaft","Kultur","Einzel- und Gesamtförderung im Bereich Kulturinitiativen","1020",8000,1,2024
"Kultur und Wissenschaft","Kultur","Einzel- und Gesamtförderung im Bereich Kulturinitiativen","1030",2000,1,2024
"Kultur und Wissenschaft","Kultur","Einzel- und Gesamtförderung im Bereich Kulturinitiativen","1090",2000,1,2024
"Kultur und Wissenschaft","Kultur","Kunstankauf","1020",16000,1,2024
"Kultur und Wissenschaft","Kultur","Einzel- und Gesamtförderung im Bereich Film, Mode und Design","1040",25000,1,2024
"Kultur und Wissenschaft","Kultur","Einzel- und Gesamtförderung im Bereich Kulturinitiativen","1180",50000,1,2024
"Kultur und Wissenschaft","Kultur","Einzel- und Gesamtförderung im Bereich Wissenschaft und Forschung","1020",1000,1,2024
"Kultur und Wissenschaft","Kultur","Einzel- und Gesamtförderung im Bereich Kulturinitiativen","1230",10000,1,2024
"Kultur und Wissenschaft","Kultur","Einzel- und Gesamtförderung im Bereich Kulturinitiativen","1020",20000,1,2024
"Kultur und Wissenschaft","Kultur","Einzel- und Gesamtförderung im Bereich Kulturinitiativen","1220",10000,1,2024
"Kultur und Wissenschaft","Kultur","Einzel- und Gesamtförderung im Bereich Kulturinitiativen","1030",5000,1,2024
"Kultur und Wissenschaft","Kultur","Einzel- und Gesamtförderung im Bereich Kulturinitiativen","1160",240000,1,2024
"Kultur und Wissenschaft","Kultur","Einzel- und Gesamtförderung im Bereich Kulturinitiativen","1160",15000,1,2024
"Kultur und Wissenschaft","Kultur","Förderung von Institutionen im Bereich Darstellende Kunst","1160",170000,1,2024
"Kultur und Wissenschaft","Kultur","Einzel- und Gesamtförderung im Bereich Kulturinitiativen","1150",18000,1,2024
"Kultur und Wissenschaft","Kultur","Einzel- und Gesamtförderung im Bereich Kulturinitiativen","1020",5000,1,2024
"Kultur und Wissenschaft","Kultur","Einzel- und Gesamtförderung im Bereich Kulturinitiativen","1150",480000,1,2024
"Kultur und Wissenschaft","Kultur","Einzel- und Gesamtförderung im Bereich Musik","1130",3000,1,2024
"Kultur und Wissenschaft","Kultur","Einzel- und Gesamtförderung im Bereich Kulturinitiativen","1140",145000,1,2024
"Kultur und Wissenschaft","Kultur","Einzel- und Gesamtförderung im Bereich Kulturinitiativen","1100",1e+05,1,2024
"Kultur und Wissenschaft","Kultur","Einzel- und Gesamtförderung im Bereich Kulturinitiativen","1040",30000,1,2024
"Kultur und Wissenschaft","Kultur","Einzel- und Gesamtförderung im Bereich Kulturinitiativen","1030",55000,1,2024
"Kultur und Wissenschaft","Kultur","Einzel- und Gesamtförderung im Bereich Kulturinitiativen","1050",11000,1,2024
"Kultur und Wissenschaft","Kultur","Einzel- und Gesamtförderung im Bereich Kulturinitiativen","1030",4000,1,2024
"Kultur und Wissenschaft","Kultur","Einzel- und Gesamtförderung im Bereich Kulturinitiativen","1020",17000,1,2024
"Kultur und Wissenschaft","Kultur","Einzel- und Gesamtförderung im Bereich Wissenschaft und Forschung","1180",2000,1,2024
"Kultur und Wissenschaft","Kultur","Einzel- und Gesamtförderung im Bereich Kulturinitiativen","1150",2400000,1,2024
"Kultur und Wissenschaft","Kultur","Einzel- und Gesamtförderung im Bereich Kulturinitiativen","1170",50000,1,2024
"Kultur und Wissenschaft","Kultur","Einzel- und Gesamtförderung im Bereich Film, Mode und Design","1070",7000,1,2024
"Kultur und Wissenschaft","Kultur","Einzel- und Gesamtförderung im Bereich Kulturinitiativen","1210",70000,1,2024
"Kultur und Wissenschaft","Kultur","Kompositionsförderung","1100",3300,1,2024
"Kultur und Wissenschaft","Kultur","Einzel- und Gesamtförderung im Bereich Kulturinitiativen","1040",30000,1,2024
"Kultur und Wissenschaft","Kultur","Einzel- und Gesamtförderung im Bereich Kulturinitiativen","1150",22000,1,2024
"Kultur und Wissenschaft","Kultur","Einzel- und Gesamtförderung im Bereich Kulturinitiativen","1110",180000,1,2024
"Kultur und Wissenschaft","Kultur","Einzel- und Gesamtförderung im Bereich Kulturinitiativen","1010",40000,1,2024
"Kultur und Wissenschaft","Kultur","Einzel- und Gesamtförderung im Bereich Kulturinitiativen","1090",30000,1,2024
"Kultur und Wissenschaft","Kultur","Einzel- und Gesamtförderung im Bereich Kulturinitiativen","1050",39000,1,2024
"Kultur und Wissenschaft","Kultur","Einzel- und Gesamtförderung im Bereich Kulturinitiativen","1020",40000,1,2024
"Kultur und Wissenschaft","Kultur","Einzel- und Gesamtförderung im Bereich Kulturinitiativen","1150",22000,1,2024
"Kultur und Wissenschaft","Kultur","Einzel- und Gesamtförderung im Bereich Kulturinitiativen","1100",20000,1,2024
"Kultur und Wissenschaft","Kultur","Einzel- und Gesamtförderung im Bereich Musik","1030",5000,1,2024
"Kultur und Wissenschaft","Kultur","Einzel- und Gesamtförderung im Bereich Kulturinitiativen","1030",3000,1,2024
"Kultur und Wissenschaft","Kultur","Einzel- und Gesamtförderung im Bereich Kulturinitiativen","1040",165000,1,2024
"Kultur und Wissenschaft","Kultur","Einzel- und Gesamtförderung im Bereich Kulturinitiativen","1040",50000,1,2024
"Kultur und Wissenschaft","Kultur","Einzel- und Gesamtförderung im Bereich Kulturinitiativen","1150",30000,1,2024
"Kultur und Wissenschaft","Kultur","Einzel- und Gesamtförderung im Bereich Kulturinitiativen","1080",2e+05,1,2024
"Kultur und Wissenschaft","Kultur","Einzel- und Gesamtförderung im Bereich Kulturinitiativen","1060",4000,1,2024
"Kultur und Wissenschaft","Kultur","Einzel- und Gesamtförderung im Bereich Kulturinitiativen","1040",28000,1,2024
"Kultur und Wissenschaft","Kultur","Einzel- und Gesamtförderung im Bereich Kulturinitiativen","1210",10000,1,2024
"Kultur und Wissenschaft","Kultur","Einzel- und Gesamtförderung im Bereich Kulturinitiativen","1040",20000,1,2024
"Kultur und Wissenschaft","Kultur","Einzel- und Gesamtförderung im Bereich Kulturinitiativen","1090",35000,1,2024
"Kultur und Wissenschaft","Kultur","Einzel- und Gesamtförderung im Bereich Kulturinitiativen","1200",6000,1,2024
"Kultur und Wissenschaft","Kultur","Einzel- und Gesamtförderung im Bereich Film, Mode und Design","1020",9000,1,2024
"Kultur und Wissenschaft","Kultur","Einzel- und Gesamtförderung im Bereich Kulturinitiativen","1150",40000,1,2024
"Kultur und Wissenschaft","Kultur","Einzel- und Gesamtförderung im Bereich Kulturinitiativen","1050",22000,1,2024
"Kultur und Wissenschaft","Kultur","Einzel- und Gesamtförderung im Bereich Kulturinitiativen","1070",35000,1,2024
"Kultur und Wissenschaft","Kultur","Einzel- und Gesamtförderung im Bereich Kulturinitiativen","1090",35000,1,2024
"Kultur und Wissenschaft","Kultur","Einzel- und Gesamtförderung im Bereich Kulturinitiativen","1020",29000,1,2024
"Kultur und Wissenschaft","Kultur","Einzel- und Gesamtförderung im Bereich Wissenschaft und Forschung","1030",5000,1,2024
"Kultur und Wissenschaft","Kultur","Einzel- und Gesamtförderung im Bereich Kulturinitiativen","1070",15000,1,2024
"Kultur und Wissenschaft","Kultur","Einzel- und Gesamtförderung im Bereich Kulturinitiativen","1090",7000,1,2024
"Kultur und Wissenschaft","Kultur","Einzel- und Gesamtförderung im Bereich Kulturinitiativen","1150",5000,1,2024
"Kultur und Wissenschaft","Kultur","Einzel- und Gesamtförderung im Bereich Kulturinitiativen","1110",27000,1,2024
"Kultur und Wissenschaft","Kultur","Einzel- und Gesamtförderung im Bereich Kulturinitiativen","1110",3000,1,2024
"Kultur und Wissenschaft","Kultur","Einzel- und Gesamtförderung im Bereich Kulturinitiativen","1140",15000,1,2024
"Kultur und Wissenschaft","Kultur","Einzel- und Gesamtförderung im Bereich Kulturinitiativen","1040",80000,1,2024
"Kultur und Wissenschaft","Kultur","Einzel- und Gesamtförderung im Bereich Kulturinitiativen","1170",35000,1,2024
"Kultur und Wissenschaft","Kultur","Einzel- und Gesamtförderung im Bereich Kulturinitiativen","1150",10000,1,2024
"Kultur und Wissenschaft","Kultur","Einzel- und Gesamtförderung im Bereich Kulturinitiativen","1180",8000,1,2024
"Kultur und Wissenschaft","Kultur","Einzel- und Gesamtförderung im Bereich Kulturinitiativen","1150",10000,1,2024
"Kultur und Wissenschaft","Kultur","Einzel- und Gesamtförderung im Bereich Kulturinitiativen","1200",20000,1,2024
"Kultur und Wissenschaft","Kultur","Einzel- und Gesamtförderung im Bereich Kulturinitiativen","1100",8000,1,2024
"Kultur und Wissenschaft","Kultur","Einzel- und Gesamtförderung im Bereich Kulturinitiativen","1020",155000,1,2024
"Kultur und Wissenschaft","Kultur","Einzel- und Gesamtförderung im Bereich Kulturinitiativen","1030",10000,1,2024
"Kultur und Wissenschaft","Kultur","Einzel- und Gesamtförderung im Bereich Kulturinitiativen","1060",150000,1,2024
"Kultur und Wissenschaft","Kultur","Einzel- und Gesamtförderung im Bereich Kulturinitiativen","1020",20000,1,2024
"Kultur und Wissenschaft","Kultur","Einzel- und Gesamtförderung im Bereich Kulturinitiativen","1150",3000,1,2024
"Kultur und Wissenschaft","Kultur","Einzel- und Gesamtförderung im Bereich Kulturinitiativen","1100",5000,1,2024
"Kultur und Wissenschaft","Kultur","Einzel- und Gesamtförderung im Bereich Kulturinitiativen","1030",4000,1,2024
"Kultur und Wissenschaft","Kultur","Einzel- und Gesamtförderung im Bereich Kulturinitiativen","1210",5000,1,2024
"Kultur und Wissenschaft","Kultur","Einzel- und Gesamtförderung im Bereich Kulturinitiativen","1170",28000,1,2024
"Kultur und Wissenschaft","Kultur","Einzel- und Gesamtförderung im Bereich Kulturinitiativen","1170",1500,1,2024
"Kultur und Wissenschaft","Kultur","Einzel- und Gesamtförderung im Bereich Kulturinitiativen","1150",3000,1,2024
"Kultur und Wissenschaft","Kultur","Förderung von Institutionen im Bereich Darstellende Kunst","1170",8e+05,1,2024
"Kultur und Wissenschaft","Kultur","Förderung von Institutionen im Bereich Darstellende Kunst","1060",5000,1,2024
"Kultur und Wissenschaft","Kultur","Einzel- und Gesamtförderung im Bereich Wissenschaft und Forschung","1090",4500,1,2024
"Kultur und Wissenschaft","Kultur","Einzel- und Gesamtförderung im Bereich Kulturinitiativen","1150",20000,1,2024
"Kultur und Wissenschaft","Kultur","Einzel- und Gesamtförderung im Bereich Kulturinitiativen","1150",15000,1,2024
"Kultur und Wissenschaft","Kultur","Einzel- und Gesamtförderung im Bereich Film, Mode und Design","1140",4000,1,2024
"Kultur und Wissenschaft","Kultur","Einzel- und Gesamtförderung im Bereich Bildende Kunst und Medienkunst","1060",2500,1,2024
"Kultur und Wissenschaft","Kultur","Einzel- und Gesamtförderung im Bereich Musik","1160",2500,1,2024
"Kultur und Wissenschaft","Kultur","Einzel- und Gesamtförderung im Bereich Musik","1140",20000,1,2024
"Kultur und Wissenschaft","Kultur","Förderung von Institutionen im Bereich Darstellende Kunst","9020",48000,1,2024
"Kultur und Wissenschaft","Kultur","Wissenschaftsstipendium","1160",5000,1,2024
"Kultur und Wissenschaft","Kultur","Einzel- und Gesamtförderung im Bereich Kulturinitiativen","1210",1800,1,2024
"Kultur und Wissenschaft","Kultur","Einzel- und Gesamtförderung im Bereich Wissenschaft und Forschung","1040",5000,1,2024
"Kultur und Wissenschaft","Kultur","Würdigungspreise der Stadt Wien","1020",10000,1,2024
"Kultur und Wissenschaft","Kultur","Einzel- und Gesamtförderung im Bereich Bildende Kunst und Medienkunst","1070",1e+06,1,2024
"Kultur und Wissenschaft","Kultur","Einzel- und Gesamtförderung im Bereich Bildende Kunst und Medienkunst","1070",368000,1,2024
"Kultur und Wissenschaft","Kultur","Einzel- und Gesamtförderung im Bereich Wissenschaft und Forschung","1220",9000,1,2024
"Kultur und Wissenschaft","Kultur","Wissenschaftsstipendium","1180",10000,1,2024
"Kultur und Wissenschaft","Kultur","Einzel- und Gesamtförderung im Bereich Musik","1030",25000,1,2024
"Kultur und Wissenschaft","Kultur","Einzel- und Gesamtförderung im Bereich Kulturinitiativen","1090",2100000,1,2024
"Kultur und Wissenschaft","Kultur","Einzel- und Gesamtförderung im Bereich Bildende Kunst und Medienkunst","1050",10000,1,2024
"Kultur und Wissenschaft","Kultur","Einzel- und Gesamtförderung im Bereich Musik","1070",9000,1,2024
"Kultur und Wissenschaft","Kultur","Wissenschaftsstipendium","1220",3000,1,2024
"Kultur und Wissenschaft","Kultur","Einzel- und Gesamtförderung im Bereich Wissenschaft und Forschung","1010",6000,1,2024
"Kultur und Wissenschaft","Kultur","Einzel- und Gesamtförderung im Bereich Musik","1170",8000,1,2024
"Kultur und Wissenschaft","Kultur","Einzel- und Gesamtförderung im Bereich Kulturinitiativen","1010",150000,1,2024
"Kultur und Wissenschaft","Kultur","Würdigungspreise der Stadt Wien","1160",4000,1,2024
"Kultur und Wissenschaft","Kultur","Einzel- und Gesamtförderung im Bereich Wissenschaft und Forschung","1090",8000,1,2024
"Kultur und Wissenschaft","Kultur","Förderung von Institutionen im Bereich Darstellende Kunst","1180",65000,1,2024
"Kultur und Wissenschaft","Kultur","Wissenschaftsstipendium","1020",10000,1,2024
"Kultur und Wissenschaft","Kultur","Einzel- und Gesamtförderung im Bereich Musik","1030",20000,1,2024
"Kultur und Wissenschaft","Kultur","Kunstankauf","1180",4800,1,2024
"Kultur und Wissenschaft","Kultur","Bau- und Investitonskostenzuschuss","1070",43000,1,2024
"Kultur und Wissenschaft","Kultur","Einzel- und Gesamtförderung im Bereich Musik","1040",5000,1,2024
"Kultur und Wissenschaft","Kultur","Einzel- und Gesamtförderung im Bereich Musik","1050",5000,1,2024
"Kultur und Wissenschaft","Kultur","Einzel- und Gesamtförderung im Bereich Wissenschaft und Forschung","1050",8000,1,2024
"Kultur und Wissenschaft","Kultur","Einzel- und Gesamtförderung im Bereich Bildende Kunst und Medienkunst","1030",10000,1,2024
"Kultur und Wissenschaft","Kultur","Einzel- und Gesamtförderung im Bereich Musik","1010",3000,1,2024
"Kultur und Wissenschaft","Kultur","Einzel- und Gesamtförderung im Bereich Musik","1040",9000,1,2024
"Kultur und Wissenschaft","Kultur","Einzel- und Gesamtförderung im Bereich Film, Mode und Design","1050",2000,1,2024
"Kultur und Wissenschaft","Kultur","Einzel- und Gesamtförderung im Bereich Musik","1090",15000,1,2024
"Kultur und Wissenschaft","Kultur","Einzel- und Gesamtförderung im Bereich Literatur","1220",1000,1,2024
"Kultur und Wissenschaft","Kultur","Einzel- und Gesamtförderung im Bereich Musik","1140",50000,1,2024
"Kultur und Wissenschaft","Kultur","Einzel- und Gesamtförderung im Bereich Musik","1020",15000,1,2024
"Kultur und Wissenschaft","Kultur","Druckkostenzuschuss","1070",2000,1,2024
"Kultur und Wissenschaft","Kultur","Einzel- und Gesamtförderung im Bereich Musik","1030",4500,1,2024
"Kultur und Wissenschaft","Kultur","Einzel- und Gesamtförderung im Bereich Musik","1010",12000,1,2024
"Kultur und Wissenschaft","Kultur","Einzel- und Gesamtförderung im Bereich Darstellende Kunst","1080",8000,1,2024
"Kultur und Wissenschaft","Kultur","Einzel- und Gesamtförderung im Bereich Bildende Kunst und Medienkunst","1070",10000,1,2024
"Kultur und Wissenschaft","Kultur","Einzel- und Gesamtförderung im Bereich Musik","1140",22000,1,2024
"Kultur und Wissenschaft","Kultur","Einzel- und Gesamtförderung im Bereich Musik","1140",105000,1,2024
"Kultur und Wissenschaft","Kultur","Einzel- und Gesamtförderung im Bereich Wissenschaft und Forschung","1070",1750000,1,2024
"Kultur und Wissenschaft","Kultur","Bau- und Investitonskostenzuschuss","1220",73000,1,2024
"Kultur und Wissenschaft","Kultur","Einzel- und Gesamtförderung im Bereich Bildende Kunst und Medienkunst","1020",6000,1,2024
"Kultur und Wissenschaft","Kultur","Einzel- und Gesamtförderung im Bereich Wissenschaft und Forschung","1010",110000,1,2024
"Kultur und Wissenschaft","Kultur","Einzel- und Gesamtförderung im Bereich Film, Mode und Design","1120",2000,1,2024
"Kultur und Wissenschaft","Kultur","Einzel- und Gesamtförderung im Bereich Wissenschaft und Forschung","1020",12000,1,2024
"Kultur und Wissenschaft","Kultur","Einzel- und Gesamtförderung im Bereich Wissenschaft und Forschung","1090",14000,1,2024
"Kultur und Wissenschaft","Kultur","Einzel- und Gesamtförderung im Bereich Wissenschaft und Forschung","1160",4000,1,2024
"Kultur und Wissenschaft","Kultur","Einzel- und Gesamtförderung im Bereich Wissenschaft und Forschung","1120",3000,1,2024
"Kultur und Wissenschaft","Kultur","Einzel- und Gesamtförderung im Bereich Musik","1010",2000,1,2024
"Kultur und Wissenschaft","Kultur","Einzel- und Gesamtförderung im Bereich Wissenschaft und Forschung","1010",5000,1,2024
"Kultur und Wissenschaft","Kultur","Einzel- und Gesamtförderung im Bereich Kulturinitiativen","1160",10000,1,2024
"Kultur und Wissenschaft","Kultur","Einzel- und Gesamtförderung im Bereich Wissenschaft und Forschung","1020",1000,1,2024
"Kultur und Wissenschaft","Kultur","Einzel- und Gesamtförderung im Bereich Wissenschaft und Forschung","1020",9500,1,2024
"Kultur und Wissenschaft","Kultur","Einzel- und Gesamtförderung im Bereich Musik","1160",13000,1,2024
"Kultur und Wissenschaft","Kultur","Einzel- und Gesamtförderung im Bereich Musik","1150",110000,1,2024
"Kultur und Wissenschaft","Kultur","Einzel- und Gesamtförderung im Bereich Musik","1170",1e+05,1,2024
"Kultur und Wissenschaft","Kultur","Einzel- und Gesamtförderung im Bereich Musik","1200",30000,1,2024
"Kultur und Wissenschaft","Kultur","Einzel- und Gesamtförderung im Bereich Musik","1200",5000,1,2024
"Kultur und Wissenschaft","Kultur","Einzel- und Gesamtförderung im Bereich Wissenschaft und Forschung","1020",33000,1,2024
"Kultur und Wissenschaft","Kultur","Einzel- und Gesamtförderung im Bereich Wissenschaft und Forschung","1050",5000,1,2024
"Kultur und Wissenschaft","Kultur","Einzel- und Gesamtförderung im Bereich Wissenschaft und Forschung","1040",7500,1,2024
"Kultur und Wissenschaft","Kultur","Kunstankauf","1020",6000,1,2024
"Kultur und Wissenschaft","Kultur","Einzel- und Gesamtförderung im Bereich Musik","1070",160000,1,2024
"Kultur und Wissenschaft","Kultur","Einzel- und Gesamtförderung im Bereich Bildende Kunst und Medienkunst","1090",1400,1,2024
"Kultur und Wissenschaft","Kultur","Einzel- und Gesamtförderung im Bereich Musik","1040",13000,1,2024
"Kultur und Wissenschaft","Kultur","Kunstankauf","1190",3750,1,2024
"Kultur und Wissenschaft","Kultur","Einzel- und Gesamtförderung im Bereich Wissenschaft und Forschung","1050",35000,1,2024
"Kultur und Wissenschaft","Kultur","Kunstankauf","1100",10170,1,2024
"Kultur und Wissenschaft","Kultur","Einzel- und Gesamtförderung im Bereich Literatur","1090",7000,1,2024
"Kultur und Wissenschaft","Kultur","Einzel- und Gesamtförderung im Bereich Wissenschaft und Forschung","1090",4500,1,2024
"Kultur und Wissenschaft","Kultur","Einzel- und Gesamtförderung im Bereich Musik","1220",70000,1,2024
"Kultur und Wissenschaft","Kultur","Einzel- und Gesamtförderung im Bereich Musik","1150",1e+05,1,2024
"Kultur und Wissenschaft","Kultur","Einzel- und Gesamtförderung im Bereich Musik","1030",7000,1,2024
"Kultur und Wissenschaft","Kultur","Einzel- und Gesamtförderung im Bereich Musik","1130",55000,1,2024
"Kultur und Wissenschaft","Kultur","Einzel- und Gesamtförderung im Bereich Musik","1010",470000,1,2024
"Kultur und Wissenschaft","Kultur","Einzel- und Gesamtförderung im Bereich Musik","1140",17000,1,2024
"Kultur und Wissenschaft","Kultur","Einzel- und Gesamtförderung im Bereich Musik","1010",4000,1,2024
"Kultur und Wissenschaft","Kultur","Einzel- und Gesamtförderung im Bereich Musik","1080",6000,1,2024
"Kultur und Wissenschaft","Kultur","Einzel- und Gesamtförderung im Bereich Musik","1040",260000,1,2024
"Kultur und Wissenschaft","Kultur","Einzel- und Gesamtförderung im Bereich Musik","1030",1040000,1,2024
"Kultur und Wissenschaft","Kultur","Einzel- und Gesamtförderung im Bereich Musik","1010",2700000,1,2024
"Kultur und Wissenschaft","Kultur","Einzel- und Gesamtförderung im Bereich Wissenschaft und Forschung","1060",4000,1,2024
"Kultur und Wissenschaft","Kultur","Einzel- und Gesamtförderung im Bereich Kulturinitiativen","1020",3000,1,2024
"Kultur und Wissenschaft","Kultur","Einzel- und Gesamtförderung im Bereich Musik","1030",17615000,1,2024
"Kultur und Wissenschaft","Kultur","Einzel- und Gesamtförderung im Bereich Musik","1030",2615000,1,2024
"Kultur und Wissenschaft","Kultur","Einzel- und Gesamtförderung im Bereich Bildende Kunst und Medienkunst","1090",5000,1,2024
"Kultur und Wissenschaft","Kultur","Einzel- und Gesamtförderung im Bereich Bildende Kunst und Medienkunst","1160",8000,1,2024
"Kultur und Wissenschaft","Kultur","Einzel- und Gesamtförderung im Bereich Wissenschaft und Forschung","1060",2000,1,2024
"Kultur und Wissenschaft","Kultur","Einzel- und Gesamtförderung im Bereich Wissenschaft und Forschung","1090",11000,1,2024
"Kultur und Wissenschaft","Kultur","Einzel- und Gesamtförderung im Bereich Musik","1030",2e+06,1,2024
"Kultur und Wissenschaft","Kultur","Einzel- und Gesamtförderung im Bereich Musik","1160",15000,1,2024
"Kultur und Wissenschaft","Kultur","Einzel- und Gesamtförderung im Bereich Musik","1030",3500,1,2024
"Kultur und Wissenschaft","Kultur","Einzel- und Gesamtförderung im Bereich Wissenschaft und Forschung","1040",10000,1,2024
"Kultur und Wissenschaft","Kultur","Einzel- und Gesamtförderung im Bereich Musik","1160",10000,1,2024
"Kultur und Wissenschaft","Kultur","Einzel- und Gesamtförderung im Bereich Wissenschaft und Forschung","1040",47000,1,2024
"Kultur und Wissenschaft","Kultur","Einzel- und Gesamtförderung im Bereich Musik","1160",1500,1,2024
"Kultur und Wissenschaft","Kultur","Einzel- und Gesamtförderung im Bereich Musik","1150",130000,1,2024
"Kultur und Wissenschaft","Kultur","Einzel- und Gesamtförderung im Bereich Musik","1050",6000,1,2024
"Kultur und Wissenschaft","Kultur","Einzel- und Gesamtförderung im Bereich Musik","1030",15000,1,2024
"Kultur und Wissenschaft","Kultur","Einzel- und Gesamtförderung im Bereich Wissenschaft und Forschung","1200",20000,1,2024
"Kultur und Wissenschaft","Kultur","Einzel- und Gesamtförderung im Bereich Musik","1180",4000,1,2024
"Kultur und Wissenschaft","Kultur","Einzel- und Gesamtförderung im Bereich Film, Mode und Design","1150",3500,1,2024
"Kultur und Wissenschaft","Kultur","Einzel- und Gesamtförderung im Bereich Wissenschaft und Forschung","1010",12000,1,2024
"Kultur und Wissenschaft","Kultur","Förderung von Institutionen im Bereich Darstellende Kunst","1130",60000,1,2024
"Kultur und Wissenschaft","Kultur","Einzel- und Gesamtförderung im Bereich Wissenschaft und Forschung","1090",20000,1,2024
"Kultur und Wissenschaft","Kultur","Einzel- und Gesamtförderung im Bereich Musik","1160",40000,1,2024
"Kultur und Wissenschaft","Kultur","Einzel- und Gesamtförderung im Bereich Wissenschaft und Forschung","1210",49000,1,2024
"Kultur und Wissenschaft","Kultur","Einzel- und Gesamtförderung im Bereich Musik","1030",1500,1,2024
"Kultur und Wissenschaft","Kultur","Einzel- und Gesamtförderung im Bereich Musik","1020",1000,1,2024
"Kultur und Wissenschaft","Kultur","Einzel- und Gesamtförderung im Bereich Musik","3100",6000,1,2024
"Kultur und Wissenschaft","Kultur","Einzel- und Gesamtförderung im Bereich Musik","1160",5000,1,2024
"Kultur und Wissenschaft","Kultur","Einzel- und Gesamtförderung im Bereich Musik","1190",10000,1,2024
"Kultur und Wissenschaft","Kultur","Einzel- und Gesamtförderung im Bereich Musik","1060",10000,1,2024
"Kultur und Wissenschaft","Kultur","Einzel- und Gesamtförderung im Bereich Wissenschaft und Forschung","1030",8000,1,2024
"Kultur und Wissenschaft","Kultur","Einzel- und Gesamtförderung im Bereich Musik","1040",8000,1,2024
"Kultur und Wissenschaft","Kultur","Einzel- und Gesamtförderung im Bereich Musik","1070",6000,1,2024
"Kultur und Wissenschaft","Kultur","Einzel- und Gesamtförderung im Bereich Musik","1030",12000,1,2024
"Kultur und Wissenschaft","Kultur","Einzel- und Gesamtförderung im Bereich Musik","1050",18000,1,2024
"Kultur und Wissenschaft","Kultur","Einzel- und Gesamtförderung im Bereich Musik","1110",212000,1,2024
"Kultur und Wissenschaft","Kultur","Einzel- und Gesamtförderung im Bereich Wissenschaft und Forschung","1010",190000,1,2024
"Kultur und Wissenschaft","Kultur","Einzel- und Gesamtförderung im Bereich Musik","1180",7000,1,2024
"Kultur und Wissenschaft","Kultur","Einzel- und Gesamtförderung im Bereich Musik","1160",2500,1,2024
"Kultur und Wissenschaft","Kultur","Einzel- und Gesamtförderung im Bereich Wissenschaft und Forschung","1110",30000,1,2024
"Kultur und Wissenschaft","Kultur","Einzel- und Gesamtförderung im Bereich Wissenschaft und Forschung","1090",10000,1,2024
"Kultur und Wissenschaft","Kultur","Einzel- und Gesamtförderung im Bereich Musik","1150",1e+05,1,2024
"Kultur und Wissenschaft","Kultur","Einzel- und Gesamtförderung im Bereich Musik","1020",15000,1,2024
"Kultur und Wissenschaft","Kultur","Einzel- und Gesamtförderung im Bereich Musik","1020",4000,1,2024
"Kultur und Wissenschaft","Kultur","Einzel- und Gesamtförderung im Bereich Wissenschaft und Forschung","1130",8000,1,2024
"Kultur und Wissenschaft","Kultur","Einzel- und Gesamtförderung im Bereich Musik","1190",6000,1,2024
"Kultur und Wissenschaft","Kultur","Einzel- und Gesamtförderung im Bereich Musik","1140",6000,1,2024
"Kultur und Wissenschaft","Kultur","Einzel- und Gesamtförderung im Bereich Musik","1230",12000,1,2024
"Kultur und Wissenschaft","Kultur","Einzel- und Gesamtförderung im Bereich Kulturinitiativen","1160",10000,1,2024
"Kultur und Wissenschaft","Kultur","Einzel- und Gesamtförderung im Bereich Musik","1050",2000,1,2024
"Kultur und Wissenschaft","Kultur","Einzel- und Gesamtförderung im Bereich Musik","1150",1500,1,2024
"Kultur und Wissenschaft","Kultur","Einzel- und Gesamtförderung im Bereich Musik","1090",10000,1,2024
"Kultur und Wissenschaft","Kultur","Einzel- und Gesamtförderung im Bereich Musik","1010",2e+05,1,2024
"Kultur und Wissenschaft","Kultur","Einzel- und Gesamtförderung im Bereich Wissenschaft und Forschung","1190",4500,1,2024
"Kultur und Wissenschaft","Kultur","Wissenschaftsstipendium","1210",5000,1,2024
"Kultur und Wissenschaft","Kultur","Einzel- und Gesamtförderung im Bereich Musik","1080",25000,1,2024
"Kultur und Wissenschaft","Kultur","Einzel- und Gesamtförderung im Bereich Musik","1230",14000,1,2024
"Kultur und Wissenschaft","Kultur","Einzel- und Gesamtförderung im Bereich Wissenschaft und Forschung","1070",10000,1,2024
"Kultur und Wissenschaft","Kultur","Einzel- und Gesamtförderung im Bereich Musik","1040",5000,1,2024
"Kultur und Wissenschaft","Kultur","Einzel- und Gesamtförderung im Bereich Musik","1170",25000,1,2024
"Kultur und Wissenschaft","Kultur","Förderung von Institutionen im Bereich Darstellende Kunst","1090",150000,1,2024
"Kultur und Wissenschaft","Kultur","Einzel- und Gesamtförderung im Bereich Musik","1020",24000,1,2024
"Kultur und Wissenschaft","Kultur","Einzel- und Gesamtförderung im Bereich Wissenschaft und Forschung","1030",7000,1,2024
"Kultur und Wissenschaft","Kultur","Einzel- und Gesamtförderung im Bereich Musik","1100",9000,1,2024
"Kultur und Wissenschaft","Kultur","Einzel- und Gesamtförderung im Bereich Musik","1030",20000,1,2024
"Kultur und Wissenschaft","Kultur","Einzel- und Gesamtförderung im Bereich Musik","1080",20000,1,2024
"Kultur und Wissenschaft","Kultur","Einzel- und Gesamtförderung im Bereich Musik","1070",17000,1,2024
"Kultur und Wissenschaft","Kultur","Einzel- und Gesamtförderung im Bereich Musik","1060",5000,1,2024
"Kultur und Wissenschaft","Kultur","Einzel- und Gesamtförderung im Bereich Musik","1030",10000,1,2024
"Kultur und Wissenschaft","Kultur","Einzel- und Gesamtförderung im Bereich Musik","1200",3000,1,2024
"Kultur und Wissenschaft","Kultur","Einzel- und Gesamtförderung im Bereich Musik","1150",65000,1,2024
"Kultur und Wissenschaft","Kultur","Sonstige Förderungen","1070",36207.27,1,2024
"Kultur und Wissenschaft","Kultur","Einzel- und Gesamtförderung im Bereich Musik","1180",8000,1,2024
"Kultur und Wissenschaft","Kultur","Einzel- und Gesamtförderung im Bereich Wissenschaft und Forschung","1070",13000,1,2024
"Kultur und Wissenschaft","Kultur","Einzel- und Gesamtförderung im Bereich Musik","1170",2500,1,2024
"Kultur und Wissenschaft","Kultur","Einzel- und Gesamtförderung im Bereich Musik","3411",75000,1,2024
"Kultur und Wissenschaft","Kultur","Einzel- und Gesamtförderung im Bereich Musik","1150",2500,1,2024
"Kultur und Wissenschaft","Kultur","Einzel- und Gesamtförderung im Bereich Musik","1060",2000,1,2024
"Kultur und Wissenschaft","Kultur","Einzel- und Gesamtförderung im Bereich Film, Mode und Design","1020",5000,1,2024
"Kultur und Wissenschaft","Kultur","Einzel- und Gesamtförderung im Bereich Musik","1150",3000,1,2024
"Kultur und Wissenschaft","Kultur","Einzel- und Gesamtförderung im Bereich Musik","1160",3000,1,2024
"Kultur und Wissenschaft","Kultur","Einzel- und Gesamtförderung im Bereich Musik","1200",1e+05,1,2024
"Kultur und Wissenschaft","Kultur","Einzel- und Gesamtförderung im Bereich Musik","1100",5000,1,2024
"Kultur und Wissenschaft","Kultur","Einzel- und Gesamtförderung im Bereich Musik","1070",2000,1,2024
"Kultur und Wissenschaft","Kultur","Einzel- und Gesamtförderung im Bereich Musik","1190",13000,1,2024
"Kultur und Wissenschaft","Kultur","Einzel- und Gesamtförderung im Bereich Musik","1060",13000,1,2024
"Kultur und Wissenschaft","Kultur","Einzel- und Gesamtförderung im Bereich Musik","1150",8000,1,2024
"Kultur und Wissenschaft","Kultur","Einzel- und Gesamtförderung im Bereich Musik","1140",22000,1,2024
"Kultur und Wissenschaft","Kultur","Förderung von Institutionen im Bereich Darstellende Kunst","1060",70000,1,2024
"Kultur und Wissenschaft","Kultur","Einzel- und Gesamtförderung im Bereich Bildende Kunst und Medienkunst","1070",19000,1,2024
"Kultur und Wissenschaft","Kultur","Einzel- und Gesamtförderung im Bereich Musik","1120",8000,1,2024
"Kultur und Wissenschaft","Kultur","Einzel- und Gesamtförderung im Bereich Wissenschaft und Forschung","1120",5000,1,2024
"Kultur und Wissenschaft","Kultur","Einzel- und Gesamtförderung im Bereich Wissenschaft und Forschung","3100",15000,1,2024
"Kultur und Wissenschaft","Kultur","Einzel- und Gesamtförderung im Bereich Bildende Kunst und Medienkunst","1070",13500,1,2024
"Kultur und Wissenschaft","Kultur","Einzel- und Gesamtförderung im Bereich Wissenschaft und Forschung","1090",45000,1,2024
"Kultur und Wissenschaft","Kultur","Einzel- und Gesamtförderung im Bereich Musik","1020",25000,1,2024
"Kultur und Wissenschaft","Kultur","Einzel- und Gesamtförderung im Bereich Bildende Kunst und Medienkunst","1030",3000,1,2024
"Kultur und Wissenschaft","Kultur","Einzel- und Gesamtförderung im Bereich Musik","1160",10000,1,2024
"Kultur und Wissenschaft","Kultur","Einzel- und Gesamtförderung im Bereich Musik","1010",5000,1,2024
"Kultur und Wissenschaft","Kultur","Einzel- und Gesamtförderung im Bereich Musik","1050",25000,1,2024
"Kultur und Wissenschaft","Kultur","Einzel- und Gesamtförderung im Bereich Musik","1100",15000,1,2024
"Kultur und Wissenschaft","Kultur","Einzel- und Gesamtförderung im Bereich Musik","1100",8000,1,2024
"Kultur und Wissenschaft","Kultur","Einzel- und Gesamtförderung im Bereich Wissenschaft und Forschung","1090",40000,1,2024
"Kultur und Wissenschaft","Kultur","Einzel- und Gesamtförderung im Bereich Musik","1020",5000,1,2024
"Kultur und Wissenschaft","Kultur","Einzel- und Gesamtförderung im Bereich Musik","1050",15000,1,2024
"Kultur und Wissenschaft","Kultur","Einzel- und Gesamtförderung im Bereich Wissenschaft und Forschung","1060",16000,1,2024
"Kultur und Wissenschaft","Kultur","Einzel- und Gesamtförderung im Bereich Musik","1100",4000,1,2024
"Kultur und Wissenschaft","Kultur","Einzel- und Gesamtförderung im Bereich Musik","1050",10000,1,2024
"Kultur und Wissenschaft","Kultur","Einzel- und Gesamtförderung im Bereich Wissenschaft und Forschung","1060",10000,1,2024
"Kultur und Wissenschaft","Kultur","Einzel- und Gesamtförderung im Bereich Wissenschaft und Forschung","1010",4000,1,2024
"Kultur und Wissenschaft","Kultur","Einzel- und Gesamtförderung im Bereich Wissenschaft und Forschung","1180",25000,1,2024
"Kultur und Wissenschaft","Kultur","Kunstankauf","1200",6500,1,2024
"Kultur und Wissenschaft","Kultur","Förderung von Institutionen im Bereich Darstellende Kunst","1060",25000,1,2024
"Kultur und Wissenschaft","Kultur","Einzel- und Gesamtförderung im Bereich Wissenschaft und Forschung","1180",4000,1,2024
"Kultur und Wissenschaft","Kultur","Einzel- und Gesamtförderung im Bereich Kulturinitiativen","1130",2000,1,2024
"Kultur und Wissenschaft","Kultur","Einzel- und Gesamtförderung im Bereich Musik","1210",4000,1,2024
"Kultur und Wissenschaft","Kultur","Einzel- und Gesamtförderung im Bereich Wissenschaft und Forschung","1050",45000,1,2024
"Kultur und Wissenschaft","Kultur","Druckkostenzuschuss","6020",7500,1,2024
"Kultur und Wissenschaft","Kultur","Einzel- und Gesamtförderung im Bereich Bildende Kunst und Medienkunst","1010",5e+05,1,2024
"Kultur und Wissenschaft","Kultur","Einzel- und Gesamtförderung im Bereich Bildende Kunst und Medienkunst","1030",2600000,1,2024
"Kultur und Wissenschaft","Kultur","Einzel- und Gesamtförderung im Bereich Musik","1150",5000,1,2024
"Kultur und Wissenschaft","Kultur","Einzel- und Gesamtförderung im Bereich Wissenschaft und Forschung","1090",8500,1,2024
"Kultur und Wissenschaft","Kultur","Einzel- und Gesamtförderung im Bereich Bildende Kunst und Medienkunst","1040",8000,1,2024
"Kultur und Wissenschaft","Kultur","Einzel- und Gesamtförderung im Bereich Musik","1190",11000,1,2024
"Kultur und Wissenschaft","Kultur","Einzel- und Gesamtförderung im Bereich Musik","1180",5000,1,2024
"Kultur und Wissenschaft","Kultur","Bau- und Investitonskostenzuschuss","1090",6e+05,1,2024
"Kultur und Wissenschaft","Kultur","Einzel- und Gesamtförderung im Bereich Musik","1170",3000,1,2024
"Kultur und Wissenschaft","Kultur","Einzel- und Gesamtförderung im Bereich Wissenschaft und Forschung","1130",14000,1,2024
"Kultur und Wissenschaft","Kultur","Einzel- und Gesamtförderung im Bereich Musik","1020",22000,1,2024
"Kultur und Wissenschaft","Kultur","Einzel- und Gesamtförderung im Bereich Musik","1040",3000,1,2024
"Kultur und Wissenschaft","Kultur","Einzel- und Gesamtförderung im Bereich Musik","2130",70000,1,2024
"Kultur und Wissenschaft","Kultur","Einzel- und Gesamtförderung im Bereich Wissenschaft und Forschung","1090",12000,1,2024
"Kultur und Wissenschaft","Kultur","Förderung von Institutionen im Bereich Darstellende Kunst","1060",5.6e+07,1,2024
"Kultur und Wissenschaft","Kultur","Einzel- und Gesamtförderung im Bereich Musik","1050",6000,1,2024
"Kultur und Wissenschaft","Kultur","Einzel- und Gesamtförderung im Bereich Musik","1050",4000,1,2024
"Kultur und Wissenschaft","Kultur","Einzel- und Gesamtförderung im Bereich Musik","1070",8000,1,2024
"Kultur und Wissenschaft","Kultur","Einzel- und Gesamtförderung im Bereich Musik","1020",2500,1,2024
"Kultur und Wissenschaft","Kultur","Einzel- und Gesamtförderung im Bereich Musik","1050",12000,1,2024
"Kultur und Wissenschaft","Kultur","Einzel- und Gesamtförderung im Bereich Musik","1040",15000,1,2024
"Kultur und Wissenschaft","Kultur","Förderung von Institutionen im Bereich Darstellende Kunst","1070",280000,1,2024
"Kultur und Wissenschaft","Kultur","Einzel- und Gesamtförderung im Bereich Musik","1090",5000,1,2024
"Kultur und Wissenschaft","Kultur","Einzel- und Gesamtförderung im Bereich Bildende Kunst und Medienkunst","1200",15000,1,2024
"Kultur und Wissenschaft","Kultur","Einzel- und Gesamtförderung im Bereich Musik","1060",1500,1,2024
"Kultur und Wissenschaft","Kultur","Einzel- und Gesamtförderung im Bereich Musik","1150",4000,1,2024
"Kultur und Wissenschaft","Kultur","Einzel- und Gesamtförderung im Bereich Musik","1080",25000,1,2024
"Kultur und Wissenschaft","Kultur","Einzel- und Gesamtförderung im Bereich Musik","1070",13000,1,2024
"Kultur und Wissenschaft","Kultur","Einzel- und Gesamtförderung im Bereich Film, Mode und Design","1070",1615000,1,2024
"Kultur und Wissenschaft","Kultur","Einzel- und Gesamtförderung im Bereich Musik","1050",8000,1,2024
"Kultur und Wissenschaft","Kultur","Einzel- und Gesamtförderung im Bereich Musik","1090",30000,1,2024
"Kultur und Wissenschaft","Kultur","Einzel- und Gesamtförderung im Bereich Musik","1140",11000,1,2024
"Kultur und Wissenschaft","Kultur","Einzel- und Gesamtförderung im Bereich Musik","1180",5000,1,2024
"Kultur und Wissenschaft","Kultur","Einzel- und Gesamtförderung im Bereich Musik","1230",1000,1,2024
"Kultur und Wissenschaft","Kultur","Einzel- und Gesamtförderung im Bereich Musik","1200",4000,1,2024
"Kultur und Wissenschaft","Kultur","Einzel- und Gesamtförderung im Bereich Musik","1050",6500,1,2024
"Kultur und Wissenschaft","Kultur","Einzel- und Gesamtförderung im Bereich Musik","1150",4000,1,2024
"Kultur und Wissenschaft","Kultur","Einzel- und Gesamtförderung im Bereich Wissenschaft und Forschung","1090",36000,1,2024
"Kultur und Wissenschaft","Kultur","Einzel- und Gesamtförderung im Bereich Wissenschaft und Forschung","1010",4500,1,2024
"Kultur und Wissenschaft","Kultur","Wissenschaftsstipendium","1120",10000,1,2024
"Kultur und Wissenschaft","Kultur","Einzel- und Gesamtförderung im Bereich Wissenschaft und Forschung","1210",10000,1,2024
"Kultur und Wissenschaft","Kultur","Einzel- und Gesamtförderung im Bereich Wissenschaft und Forschung","1010",5000,1,2024
"Kultur und Wissenschaft","Kultur","Einzel- und Gesamtförderung im Bereich Wissenschaft und Forschung","1010",50000,1,2024
"Kultur und Wissenschaft","Kultur","Einzel- und Gesamtförderung im Bereich Wissenschaft und Forschung","1020",5000,1,2024
"Kultur und Wissenschaft","Kultur","Einzel- und Gesamtförderung im Bereich Wissenschaft und Forschung","1090",4000,1,2024
"Kultur und Wissenschaft","Kultur","Einzel- und Gesamtförderung im Bereich Wissenschaft und Forschung","1100",10000,1,2024
"Kultur und Wissenschaft","Kultur","Einzel- und Gesamtförderung im Bereich Musik","1070",30000,1,2024
"Kultur und Wissenschaft","Kultur","Einzel- und Gesamtförderung im Bereich Bildende Kunst und Medienkunst","1020",12000,1,2024
"Kultur und Wissenschaft","Kultur","Einzel- und Gesamtförderung im Bereich Bildende Kunst und Medienkunst","1020",6000,1,2024
"Kultur und Wissenschaft","Kultur","Einzel- und Gesamtförderung im Bereich Film, Mode und Design","1040",10000,1,2024
"Kultur und Wissenschaft","Kultur","Einzel- und Gesamtförderung im Bereich Musik","1070",15000,1,2024
"Kultur und Wissenschaft","Kultur","Einzel- und Gesamtförderung im Bereich Film, Mode und Design","1060",8500,1,2024
"Kultur und Wissenschaft","Kultur","Einzel- und Gesamtförderung im Bereich Film, Mode und Design","1150",4000,1,2024
"Kultur und Wissenschaft","Kultur","Einzel- und Gesamtförderung im Bereich Kulturinitiativen","1190",5000,1,2024
"Kultur und Wissenschaft","Kultur","Druckkostenzuschuss","1060",4000,1,2024
"Kultur und Wissenschaft","Kultur","Einzel- und Gesamtförderung im Bereich Wissenschaft und Forschung","1010",1300000,1,2024
"Kultur und Wissenschaft","Kultur","Einzel- und Gesamtförderung im Bereich Wissenschaft und Forschung","1140",10000,1,2024
"Kultur und Wissenschaft","Kultur","Einzel- und Gesamtförderung im Bereich Musik","1030",1000,1,2024
"Kultur und Wissenschaft","Kultur","Einzel- und Gesamtförderung im Bereich Musik","1170",4000,1,2024
"Kultur und Wissenschaft","Kultur","Einzel- und Gesamtförderung im Bereich Musik","1190",2500,1,2024
"Kultur und Wissenschaft","Kultur","Einzel- und Gesamtförderung im Bereich Musik","1220",1500,1,2024
"Kultur und Wissenschaft","Kultur","Einzel- und Gesamtförderung im Bereich Bildende Kunst und Medienkunst","1050",8000,1,2024
"Kultur und Wissenschaft","Kultur","Einzel- und Gesamtförderung im Bereich Musik","1030",3000,1,2024
"Kultur und Wissenschaft","Kultur","Einzel- und Gesamtförderung im Bereich Musik","1030",6000,1,2024
"Kultur und Wissenschaft","Kultur","Einzel- und Gesamtförderung im Bereich Wissenschaft und Forschung","1230",20000,1,2024
"Kultur und Wissenschaft","Kultur","Einzel- und Gesamtförderung im Bereich Musik","1170",5000,1,2024
"Kultur und Wissenschaft","Kultur","Einzel- und Gesamtförderung im Bereich Musik","1090",5000,1,2024
"Kultur und Wissenschaft","Kultur","Einzel- und Gesamtförderung im Bereich Film, Mode und Design","1160",4000,1,2024
"Kultur und Wissenschaft","Kultur","Einzel- und Gesamtförderung im Bereich Musik","1190",1000,1,2024
"Kultur und Wissenschaft","Kultur","Förderung von Institutionen im Bereich Darstellende Kunst","1120",2150000,1,2024
"Kultur und Wissenschaft","Kultur","Einzel- und Gesamtförderung im Bereich Literatur","1230",12000,1,2024
"Kultur und Wissenschaft","Kultur","Förderung von Institutionen im Bereich Darstellende Kunst","1080",120000,1,2024
"Kultur und Wissenschaft","Kultur","Einzel- und Gesamtförderung im Bereich Literatur","1140",5000,1,2024
"Kultur und Wissenschaft","Kultur","Einzel- und Gesamtförderung im Bereich Film, Mode und Design","1120",1000,1,2024
"Kultur und Wissenschaft","Kultur","Einzel- und Gesamtförderung im Bereich Kulturinitiativen","1040",3000,1,2024
"Kultur und Wissenschaft","Kultur","Kompositionsförderung","1020",2700,1,2024
"Kultur und Wissenschaft","Kultur","Einzel- und Gesamtförderung im Bereich Wissenschaft und Forschung","1010",4940000,1,2024
"Kultur und Wissenschaft","Kultur","Einzel- und Gesamtförderung im Bereich Darstellende Kunst","5020",50000,1,2024
"Kultur und Wissenschaft","Kultur","Einzel- und Gesamtförderung im Bereich Literatur","1010",6000,1,2024
"Kultur und Wissenschaft","Kultur","Würdigungspreise der Stadt Wien","1010",4000,1,2024
"Kultur und Wissenschaft","Kultur","Einzel- und Gesamtförderung im Bereich Kulturinitiativen","1060",3000,1,2024
"Kultur und Wissenschaft","Kultur","Würdigungspreise der Stadt Wien","1010",4000,1,2024
"Kultur und Wissenschaft","Kultur","Würdigungspreise der Stadt Wien","1200",4000,1,2024
"Kultur und Wissenschaft","Kultur","Würdigungspreise der Stadt Wien","1030",4000,1,2024
"Kultur und Wissenschaft","Kultur","Würdigungspreise der Stadt Wien","1020",4000,1,2024
"Kultur und Wissenschaft","Kultur","Würdigungspreise der Stadt Wien","1020",4000,1,2024
"Kultur und Wissenschaft","Kultur","Würdigungspreise der Stadt Wien","1050",4000,1,2024
"Kultur und Wissenschaft","Kultur","Einzel- und Gesamtförderung im Bereich Bildende Kunst und Medienkunst","1160",5000,1,2024
"Kultur und Wissenschaft","Kultur","Würdigungspreise der Stadt Wien","1040",10000,1,2024
"Kultur und Wissenschaft","Kultur","Einzel- und Gesamtförderung im Bereich Literatur","1010",6000,1,2024
"Kultur und Wissenschaft","Kultur","Würdigungspreise der Stadt Wien","1040",10000,1,2024
"Kultur und Wissenschaft","Kultur","Kompositionsförderung","1100",2000,1,2024
"Kultur und Wissenschaft","Kultur","Würdigungspreise der Stadt Wien","1030",4000,1,2024
"Kultur und Wissenschaft","Kultur","Einzel- und Gesamtförderung im Bereich Film, Mode und Design","1150",4000,1,2024
"Kultur und Wissenschaft","Kultur","Einzel- und Gesamtförderung im Bereich Film, Mode und Design","1050",25000,1,2024
"Kultur und Wissenschaft","Kultur","Einzel- und Gesamtförderung im Bereich Film, Mode und Design","1060",5000,1,2024
"Kultur und Wissenschaft","Kultur","Einzel- und Gesamtförderung im Bereich Bildende Kunst und Medienkunst","1090",45000,1,2024
"Kultur und Wissenschaft","Kultur","Einzel- und Gesamtförderung im Bereich Musik","1010",35000,1,2024
"Kultur und Wissenschaft","Kultur","Einzel- und Gesamtförderung im Bereich Bildende Kunst und Medienkunst","1070",1177000,1,2024
"Kultur und Wissenschaft","Kultur","Einzel- und Gesamtförderung im Bereich Bildende Kunst und Medienkunst","1080",15000,1,2024
"Kultur und Wissenschaft","Kultur","Einzel- und Gesamtförderung im Bereich Bildende Kunst und Medienkunst","1010",70000,1,2024
"Kultur und Wissenschaft","Kultur","Einzel- und Gesamtförderung im Bereich Bildende Kunst und Medienkunst","1070",6000,1,2024
"Kultur und Wissenschaft","Kultur","Einzel- und Gesamtförderung im Bereich Wissenschaft und Forschung","1090",5000,1,2024
"Kultur und Wissenschaft","Kultur","Einzel- und Gesamtförderung im Bereich Wissenschaft und Forschung","1200",12000,1,2024
"Kultur und Wissenschaft","Kultur","Kunstankauf","1030",11600,1,2024
"Kultur und Wissenschaft","Kultur","Einzel- und Gesamtförderung im Bereich Wissenschaft und Forschung","1020",4000,1,2024
"Kultur und Wissenschaft","Kultur","Einzel- und Gesamtförderung im Bereich Bildende Kunst und Medienkunst","1030",9000,1,2024
"Kultur und Wissenschaft","Kultur","Einzel- und Gesamtförderung im Bereich Film, Mode und Design","1040",7500,1,2024
"Kultur und Wissenschaft","Kultur","Einzel- und Gesamtförderung im Bereich Bildende Kunst und Medienkunst","1090",30000,1,2024
"Kultur und Wissenschaft","Kultur","Einzel- und Gesamtförderung im Bereich Bildende Kunst und Medienkunst","1070",80000,1,2024
"Kultur und Wissenschaft","Kultur","Einzel- und Gesamtförderung im Bereich Bildende Kunst und Medienkunst","1070",60000,1,2024
"Kultur und Wissenschaft","Kultur","Einzel- und Gesamtförderung im Bereich Film, Mode und Design","1060",10000,1,2024
"Kultur und Wissenschaft","Kultur","Druckkostenzuschuss","1130",2000,1,2024
"Kultur und Wissenschaft","Kultur","Einzel- und Gesamtförderung im Bereich Kulturinitiativen","1020",3000,1,2024
"Kultur und Wissenschaft","Kultur","Einzel- und Gesamtförderung im Bereich Wissenschaft und Forschung","1160",2000,1,2024
"Kultur und Wissenschaft","Kultur","Einzel- und Gesamtförderung im Bereich Kulturinitiativen","1080",28000,1,2024
"Kultur und Wissenschaft","Kultur","Druckkostenzuschuss","1010",2000,1,2024
"Kultur und Wissenschaft","Kultur","Einzel- und Gesamtförderung im Bereich Film, Mode und Design","1060",35000,1,2024
"Kultur und Wissenschaft","Kultur","Einzel- und Gesamtförderung im Bereich Kulturinitiativen","1160",210000,1,2024
"Kultur und Wissenschaft","Kultur","Einzel- und Gesamtförderung im Bereich Bildende Kunst und Medienkunst","1120",12000,1,2024
"Kultur und Wissenschaft","Kultur","Einzel- und Gesamtförderung im Bereich Bildende Kunst und Medienkunst","1070",5000,1,2024
"Kultur und Wissenschaft","Kultur","Einzel- und Gesamtförderung im Bereich Literatur","1010",1230000,1,2024
"Kultur und Wissenschaft","Kultur","Einzel- und Gesamtförderung im Bereich Bildende Kunst und Medienkunst","1070",22000,1,2024
"Kultur und Wissenschaft","Kultur","Einzel- und Gesamtförderung im Bereich Film, Mode und Design","1020",2500,1,2024
"Kultur und Wissenschaft","Kultur","Einzel- und Gesamtförderung im Bereich Bildende Kunst und Medienkunst","1160",7500,1,2024
"Kultur und Wissenschaft","Kultur","Einzel- und Gesamtförderung im Bereich Film, Mode und Design","1020",5000,1,2024
"Kultur und Wissenschaft","Kultur","Förderung von Institutionen im Bereich Darstellende Kunst","1030",3e+05,1,2024
"Kultur und Wissenschaft","Kultur","Einzel- und Gesamtförderung im Bereich Film, Mode und Design","1080",9000,1,2024
"Kultur und Wissenschaft","Kultur","Einzel- und Gesamtförderung im Bereich Bildende Kunst und Medienkunst","1070",20000,1,2024
"Kultur und Wissenschaft","Kultur","Einzel- und Gesamtförderung im Bereich Bildende Kunst und Medienkunst","1050",6000,1,2024
"Kultur und Wissenschaft","Kultur","Einzel- und Gesamtförderung im Bereich Bildende Kunst und Medienkunst","1020",4800,1,2024
"Kultur und Wissenschaft","Kultur","Einzel- und Gesamtförderung im Bereich Bildende Kunst und Medienkunst","1040",2600,1,2024
"Kultur und Wissenschaft","Kultur","Einzel- und Gesamtförderung im Bereich Film, Mode und Design","1020",4500,1,2024
"Kultur und Wissenschaft","Kultur","Einzel- und Gesamtförderung im Bereich Literatur","1140",5000,1,2024
"Kultur und Wissenschaft","Kultur","Einzel- und Gesamtförderung im Bereich Bildende Kunst und Medienkunst","1150",8000,1,2024
"Kultur und Wissenschaft","Kultur","Einzel- und Gesamtförderung im Bereich Bildende Kunst und Medienkunst","1070",12000,1,2024
"Kultur und Wissenschaft","Kultur","Einzel- und Gesamtförderung im Bereich Film, Mode und Design","1030",7000,1,2024
"Kultur und Wissenschaft","Kultur","Einzel- und Gesamtförderung im Bereich Film, Mode und Design","1220",1500,1,2024
"Kultur und Wissenschaft","Kultur","Förderung von Institutionen im Bereich Darstellende Kunst","1010",830000,1,2024
"Kultur und Wissenschaft","Kultur","Einzel- und Gesamtförderung im Bereich Film, Mode und Design","1040",5000,1,2024
"Kultur und Wissenschaft","Kultur","Einzel- und Gesamtförderung im Bereich Kulturinitiativen","1010",2e+05,1,2024
"Kultur und Wissenschaft","Kultur","Würdigungspreise der Stadt Wien","1140",4000,1,2024
"Kultur und Wissenschaft","Kultur","Einzel- und Gesamtförderung im Bereich Bildende Kunst und Medienkunst","1040",8000,1,2024
"Kultur und Wissenschaft","Kultur","Einzel- und Gesamtförderung im Bereich Film, Mode und Design","1160",3000,1,2024
"Kultur und Wissenschaft","Kultur","Einzel- und Gesamtförderung im Bereich Bildende Kunst und Medienkunst","1220",5000,1,2024
"Kultur und Wissenschaft","Kultur","Einzel- und Gesamtförderung im Bereich Wissenschaft und Forschung","1230",2500,1,2024
"Kultur und Wissenschaft","Kultur","Einzel- und Gesamtförderung im Bereich Bildende Kunst und Medienkunst","1180",5000,1,2024
"Kultur und Wissenschaft","Kultur","Einzel- und Gesamtförderung im Bereich Bildende Kunst und Medienkunst","1200",3500,1,2024
"Kultur und Wissenschaft","Kultur","Einzel- und Gesamtförderung im Bereich Bildende Kunst und Medienkunst","1160",5000,1,2024
"Kultur und Wissenschaft","Kultur","Einzel- und Gesamtförderung im Bereich Bildende Kunst und Medienkunst","1050",35000,1,2024
"Kultur und Wissenschaft","Kultur","Einzel- und Gesamtförderung im Bereich Bildende Kunst und Medienkunst","1150",3000,1,2024
"Kultur und Wissenschaft","Kultur","Einzel- und Gesamtförderung im Bereich Bildende Kunst und Medienkunst","1060",60000,1,2024
"Kultur und Wissenschaft","Kultur","Einzel- und Gesamtförderung im Bereich Bildende Kunst und Medienkunst","1200",12000,1,2024
"Kultur und Wissenschaft","Kultur","Druckkostenzuschuss","1040",3500,1,2024
"Kultur und Wissenschaft","Kultur","Einzel- und Gesamtförderung im Bereich Film, Mode und Design","1170",2000,1,2024
"Kultur und Wissenschaft","Kultur","Einzel- und Gesamtförderung im Bereich Bildende Kunst und Medienkunst","1060",3200,1,2024
"Kultur und Wissenschaft","Kultur","Einzel- und Gesamtförderung im Bereich Film, Mode und Design","1070",7000,1,2024
"Kultur und Wissenschaft","Kultur","Druckkostenzuschuss","1080",3000,1,2024
"Kultur und Wissenschaft","Kultur","Einzel- und Gesamtförderung im Bereich Darstellende Kunst","1070",157530,1,2024
"Kultur und Wissenschaft","Kultur","Einzel- und Gesamtförderung im Bereich Film, Mode und Design","1200",5000,1,2024
"Kultur und Wissenschaft","Kultur","Einzel- und Gesamtförderung im Bereich Darstellende Kunst","1070",45000,1,2024
"Kultur und Wissenschaft","Kultur","Einzel- und Gesamtförderung im Bereich Darstellende Kunst","1070",25000,1,2024
"Kultur und Wissenschaft","Kultur","Einzel- und Gesamtförderung im Bereich Literatur","1050",20000,1,2024
"Kultur und Wissenschaft","Kultur","Einzel- und Gesamtförderung im Bereich Bildende Kunst und Medienkunst","1010",25000,1,2024
"Kultur und Wissenschaft","Kultur","Kompositionsförderung","1040",2000,1,2024
"Kultur und Wissenschaft","Kultur","Einzel- und Gesamtförderung im Bereich Bildende Kunst und Medienkunst","1220",9000,1,2024
"Kultur und Wissenschaft","Kultur","Einzel- und Gesamtförderung im Bereich Bildende Kunst und Medienkunst","1150",8000,1,2024
"Kultur und Wissenschaft","Kultur","Einzel- und Gesamtförderung im Bereich Film, Mode und Design","1200",135000,1,2024
"Kultur und Wissenschaft","Kultur","Einzel- und Gesamtförderung im Bereich Bildende Kunst und Medienkunst","1060",3200,1,2024
"Kultur und Wissenschaft","Kultur","Einzel- und Gesamtförderung im Bereich Bildende Kunst und Medienkunst","1060",60000,1,2024
"Kultur und Wissenschaft","Kultur","Einzel- und Gesamtförderung im Bereich Bildende Kunst und Medienkunst","1020",2500,1,2024
"Kultur und Wissenschaft","Kultur","Einzel- und Gesamtförderung im Bereich Bildende Kunst und Medienkunst","1060",24000,1,2024
"Kultur und Wissenschaft","Kultur","Einzel- und Gesamtförderung im Bereich Bildende Kunst und Medienkunst","1020",3500,1,2024
"Kultur und Wissenschaft","Kultur","Einzel- und Gesamtförderung im Bereich Bildende Kunst und Medienkunst","1040",13500,1,2024
"Kultur und Wissenschaft","Kultur","Einzel- und Gesamtförderung im Bereich Bildende Kunst und Medienkunst","1010",30000,1,2024
"Kultur und Wissenschaft","Kultur","Einzel- und Gesamtförderung im Bereich Bildende Kunst und Medienkunst","1060",10000,1,2024
"Kultur und Wissenschaft","Kultur","Einzel- und Gesamtförderung im Bereich Bildende Kunst und Medienkunst","1010",70000,1,2024
"Kultur und Wissenschaft","Kultur","Einzel- und Gesamtförderung im Bereich Film, Mode und Design","1050",2500,1,2024
"Kultur und Wissenschaft","Kultur","Einzel- und Gesamtförderung im Bereich Film, Mode und Design","1070",7000,1,2024
"Kultur und Wissenschaft","Kultur","Einzel- und Gesamtförderung im Bereich Film, Mode und Design","1090",10000,1,2024
"Kultur und Wissenschaft","Kultur","Einzel- und Gesamtförderung im Bereich Bildende Kunst und Medienkunst","1010",35000,1,2024
"Kultur und Wissenschaft","Kultur","Einzel- und Gesamtförderung im Bereich Bildende Kunst und Medienkunst","1010",5e+05,1,2024
"Kultur und Wissenschaft","Kultur","Einzel- und Gesamtförderung im Bereich Film, Mode und Design","1010",1600000,1,2024
"Kultur und Wissenschaft","Kultur","Einzel- und Gesamtförderung im Bereich Bildende Kunst und Medienkunst","1020",4000,1,2024
"Kultur und Wissenschaft","Kultur","Einzel- und Gesamtförderung im Bereich Darstellende Kunst","1010",65000,1,2024
"Kultur und Wissenschaft","Kultur","Einzel- und Gesamtförderung im Bereich Bildende Kunst und Medienkunst","1030",4000,1,2024
"Kultur und Wissenschaft","Kultur","Einzel- und Gesamtförderung im Bereich Film, Mode und Design","1020",10000,1,2024
"Kultur und Wissenschaft","Kultur","Einzel- und Gesamtförderung im Bereich Film, Mode und Design","1150",3000,1,2024
"Kultur und Wissenschaft","Kultur","Einzel- und Gesamtförderung im Bereich Film, Mode und Design","1030",5000,1,2024
"Kultur und Wissenschaft","Kultur","Einzel- und Gesamtförderung im Bereich Bildende Kunst und Medienkunst","1200",2400,1,2024
"Kultur und Wissenschaft","Kultur","Einzel- und Gesamtförderung im Bereich Bildende Kunst und Medienkunst","1070",6000,1,2024
"Kultur und Wissenschaft","Kultur","Förderung von Institutionen im Bereich Darstellende Kunst","1050",440000,1,2024
"Kultur und Wissenschaft","Kultur","Druckkostenzuschuss","1060",2000,1,2024
"Kultur und Wissenschaft","Kultur","Einzel- und Gesamtförderung im Bereich Bildende Kunst und Medienkunst","1080",10000,1,2024
"Kultur und Wissenschaft","Kultur","Einzel- und Gesamtförderung im Bereich Bildende Kunst und Medienkunst","1190",800,1,2024
"Kultur und Wissenschaft","Kultur","Einzel- und Gesamtförderung im Bereich Bildende Kunst und Medienkunst","1090",7000,1,2024
"Kultur und Wissenschaft","Kultur","Einzel- und Gesamtförderung im Bereich Bildende Kunst und Medienkunst","1040",12000,1,2024
"Kultur und Wissenschaft","Kultur","Einzel- und Gesamtförderung im Bereich Bildende Kunst und Medienkunst","1150",5500,1,2024
"Kultur und Wissenschaft","Kultur","Einzel- und Gesamtförderung im Bereich Film, Mode und Design","1150",9000,1,2024
"Kultur und Wissenschaft","Kultur","Einzel- und Gesamtförderung im Bereich Film, Mode und Design","1030",8000,1,2024
"Kultur und Wissenschaft","Kultur","Einzel- und Gesamtförderung im Bereich Bildende Kunst und Medienkunst","1020",5000,1,2024
"Kultur und Wissenschaft","Kultur","Einzel- und Gesamtförderung im Bereich Bildende Kunst und Medienkunst","1020",2400,1,2024
"Kultur und Wissenschaft","Kultur","Einzel- und Gesamtförderung im Bereich Bildende Kunst und Medienkunst","1050",20000,1,2024
"Kultur und Wissenschaft","Kultur","Einzel- und Gesamtförderung im Bereich Film, Mode und Design","1200",4500,1,2024
"Kultur und Wissenschaft","Kultur","Einzel- und Gesamtförderung im Bereich Bildende Kunst und Medienkunst","1150",5000,1,2024
"Kultur und Wissenschaft","Kultur","Einzel- und Gesamtförderung im Bereich Bildende Kunst und Medienkunst","1060",20000,1,2024
"Kultur und Wissenschaft","Kultur","Einzel- und Gesamtförderung im Bereich Bildende Kunst und Medienkunst","1050",8000,1,2024
"Kultur und Wissenschaft","Kultur","Einzel- und Gesamtförderung im Bereich Bildende Kunst und Medienkunst","1180",5000,1,2024
"Kultur und Wissenschaft","Kultur","Einzel- und Gesamtförderung im Bereich Bildende Kunst und Medienkunst","1030",3000,1,2024
"Kultur und Wissenschaft","Kultur","Einzel- und Gesamtförderung im Bereich Bildende Kunst und Medienkunst","1020",12000,1,2024
"Kultur und Wissenschaft","Kultur","Einzel- und Gesamtförderung im Bereich Bildende Kunst und Medienkunst","1020",15000,1,2024
"Kultur und Wissenschaft","Kultur","Einzel- und Gesamtförderung im Bereich Bildende Kunst und Medienkunst","1010",3000,1,2024
"Kultur und Wissenschaft","Kultur","Einzel- und Gesamtförderung im Bereich Bildende Kunst und Medienkunst","1020",4200,1,2024
"Kultur und Wissenschaft","Kultur","Einzel- und Gesamtförderung im Bereich Bildende Kunst und Medienkunst","1180",4000,1,2024
"Kultur und Wissenschaft","Kultur","Einzel- und Gesamtförderung im Bereich Bildende Kunst und Medienkunst","1160",3000,1,2024
"Kultur und Wissenschaft","Kultur","Einzel- und Gesamtförderung im Bereich Film, Mode und Design","1160",1000,1,2024
"Kultur und Wissenschaft","Kultur","Einzel- und Gesamtförderung im Bereich Film, Mode und Design","1080",2500,1,2024
"Kultur und Wissenschaft","Kultur","Einzel- und Gesamtförderung im Bereich Film, Mode und Design","1180",2500,1,2024
"Kultur und Wissenschaft","Kultur","Einzel- und Gesamtförderung im Bereich Film, Mode und Design","1070",1500,1,2024
"Kultur und Wissenschaft","Kultur","Einzel- und Gesamtförderung im Bereich Film, Mode und Design","1150",8000,1,2024
"Kultur und Wissenschaft","Kultur","Druckkostenzuschuss","1190",1000,1,2024
"Kultur und Wissenschaft","Kultur","Druckkostenzuschuss","1050",3500,1,2024
"Kultur und Wissenschaft","Kultur","Einzel- und Gesamtförderung im Bereich Kulturinitiativen","1210",1000,1,2024
"Kultur und Wissenschaft","Kultur","Einzel- und Gesamtförderung im Bereich Kulturinitiativen","3500",5000,1,2024
"Kultur und Wissenschaft","Kultur","Einzel- und Gesamtförderung im Bereich Wissenschaft und Forschung","1160",3000,1,2024
"Kultur und Wissenschaft","Kultur","Kompositionsförderung","1090",2500,1,2024
"Kultur und Wissenschaft","Kultur","Einzel- und Gesamtförderung im Bereich Film, Mode und Design","1170",3000,1,2024
"Kultur und Wissenschaft","Kultur","Einzel- und Gesamtförderung im Bereich Film, Mode und Design","1080",4500,1,2024
"Kultur und Wissenschaft","Kultur","Einzel- und Gesamtförderung im Bereich Film, Mode und Design","1140",6000,1,2024
"Kultur und Wissenschaft","Kultur","Einzel- und Gesamtförderung im Bereich Literatur","1170",4000,1,2024
"Kultur und Wissenschaft","Kultur","Einzel- und Gesamtförderung im Bereich Kulturinitiativen","1140",35000,1,2024
"Kultur und Wissenschaft","Kultur","Förderung von Institutionen im Bereich Darstellende Kunst","1070",1800000,1,2024
"Kultur und Wissenschaft","Kultur","Kompositionsförderung","1120",1000,1,2024
"Kultur und Wissenschaft","Kultur","Druckkostenzuschuss","1090",2000,1,2024
"Kultur und Wissenschaft","Kultur","Einzel- und Gesamtförderung im Bereich Literatur","1040",2e+05,1,2024
"Kultur und Wissenschaft","Kultur","Einzel- und Gesamtförderung im Bereich Bildende Kunst und Medienkunst","1070",4200000,1,2024
"Kultur und Wissenschaft","Kultur","Einzel- und Gesamtförderung im Bereich Bildende Kunst und Medienkunst","1070",914000,1,2024
"Kultur und Wissenschaft","Kultur","Druckkostenzuschuss","9020",10000,1,2024
"Kultur und Wissenschaft","Kultur","Einzel- und Gesamtförderung im Bereich Wissenschaft und Forschung","1070",2e+05,1,2024
"Kultur und Wissenschaft","Kultur","Druckkostenzuschuss","9020",6000,1,2024
"Kultur und Wissenschaft","Kultur","Einzel- und Gesamtförderung im Bereich Wissenschaft und Forschung","1090",10000,1,2024
"Kultur und Wissenschaft","Kultur","Einzel- und Gesamtförderung im Bereich Film, Mode und Design","1030",3e+05,1,2024
"Kultur und Wissenschaft","Kultur","Druckkostenzuschuss","9020",8000,1,2024
"Kultur und Wissenschaft","Kultur","Förderung von Institutionen im Bereich Darstellende Kunst","1200",2e+06,1,2024
"Kultur und Wissenschaft","Kultur","Einzel- und Gesamtförderung im Bereich Darstellende Kunst","1200",110000,1,2024
"Kultur und Wissenschaft","Kultur","Förderung von Institutionen im Bereich Darstellende Kunst","1020",85000,1,2024
"Kultur und Wissenschaft","Kultur","Förderung von Institutionen im Bereich Darstellende Kunst","1040",75000,1,2024
"Kultur und Wissenschaft","Kultur","Einzel- und Gesamtförderung im Bereich Bildende Kunst und Medienkunst","1030",5000,1,2024
"Kultur und Wissenschaft","Kultur","Kompositionsförderung","1130",1500,1,2024
"Kultur und Wissenschaft","Kultur","Einzel- und Gesamtförderung im Bereich Film, Mode und Design","1070",310000,1,2024
"Kultur und Wissenschaft","Kultur","Würdigungspreise der Stadt Wien","1030",5000,1,2024
"Kultur und Wissenschaft","Kultur","Einzel- und Gesamtförderung im Bereich Kulturinitiativen","1220",3000,1,2024
"Kultur und Wissenschaft","Kultur","Einzel- und Gesamtförderung im Bereich Kulturinitiativen","1140",2000,1,2024
"Kultur und Wissenschaft","Kultur","Druckkostenzuschuss","1030",35000,1,2024
"Kultur und Wissenschaft","Kultur","Kompositionsförderung","1030",1500,1,2024
"Kultur und Wissenschaft","Kultur","Einzel- und Gesamtförderung im Bereich Wissenschaft und Forschung","1010",3e+05,1,2024
"Kultur und Wissenschaft","Kultur","Einzel- und Gesamtförderung im Bereich Bildende Kunst und Medienkunst","1050",17000,1,2024
"Kultur und Wissenschaft","Kultur","Einzel- und Gesamtförderung im Bereich Bildende Kunst und Medienkunst","1040",5000,1,2024
"Kultur und Wissenschaft","Kultur","Einzel- und Gesamtförderung im Bereich Wissenschaft und Forschung","1080",50000,1,2024
"Kultur und Wissenschaft","Kultur","Einzel- und Gesamtförderung im Bereich Wissenschaft und Forschung","1080",5e+05,1,2024
"Kultur und Wissenschaft","Kultur","Kompositionsförderung","1200",1000,1,2024
"Kultur und Wissenschaft","Kultur","Einzel- und Gesamtförderung im Bereich Musik","1070",160000,1,2024
"Kultur und Wissenschaft","Kultur","Druckkostenzuschuss","1040",3500,1,2024
"Kultur und Wissenschaft","Kultur","Kompositionsförderung","1160",1000,1,2024
"Kultur und Wissenschaft","Kultur","Kompositionsförderung","1030",700,1,2024
"Kultur und Wissenschaft","Kultur","Würdigungspreise der Stadt Wien","1020",10000,1,2024
"Kultur und Wissenschaft","Kultur","Kompositionsförderung","1100",2500,1,2024
"Kultur und Wissenschaft","Kultur","Einzel- und Gesamtförderung im Bereich Kulturinitiativen","1020",3000,1,2024
"Kultur und Wissenschaft","Kultur","Einzel- und Gesamtförderung im Bereich Wissenschaft und Forschung","1090",420000,1,2024
"Kultur und Wissenschaft","Kultur","Druckkostenzuschuss","5023",11000,1,2024
"Kultur und Wissenschaft","Kultur","Einzel- und Gesamtförderung im Bereich Musik","1010",4e+05,1,2024
"Kultur und Wissenschaft","Kultur","Kompositionsförderung","1050",1500,1,2024
"Kultur und Wissenschaft","Kultur","Einzel- und Gesamtförderung im Bereich Literatur","1140",16000,1,2024
"Kultur und Wissenschaft","Kultur","Kompositionsförderung","1050",2000,1,2024
"Kultur und Wissenschaft","Kultur","Einzel- und Gesamtförderung im Bereich Wissenschaft und Forschung","1030",1400,1,2024
"Kultur und Wissenschaft","Kultur","Druckkostenzuschuss","6020",4500,1,2024
"Kultur und Wissenschaft","Kultur","Einzel- und Gesamtförderung im Bereich Wissenschaft und Forschung","1030",4000,1,2024
"Kultur und Wissenschaft","Kultur","Kompositionsförderung","1030",2000,1,2024
"Kultur und Wissenschaft","Kultur","Kompositionsförderung","1200",3500,1,2024
"Kultur und Wissenschaft","Kultur","Einzel- und Gesamtförderung im Bereich Literatur","1020",10000,1,2024
"Kultur und Wissenschaft","Kultur","Kompositionsförderung","1050",2500,1,2024
"Kultur und Wissenschaft","Kultur","Einzel- und Gesamtförderung im Bereich Literatur","1090",2000,1,2024
"Kultur und Wissenschaft","Kultur","Kompositionsförderung","1090",3000,1,2024
"Kultur und Wissenschaft","Kultur","Einzel- und Gesamtförderung im Bereich Literatur","1010",18000,1,2024
"Kultur und Wissenschaft","Kultur","Kompositionsförderung","1200",800,1,2024
"Kultur und Wissenschaft","Kultur","Kompositionsförderung","1190",2000,1,2024
"Kultur und Wissenschaft","Kultur","Einzel- und Gesamtförderung im Bereich Wissenschaft und Forschung","1040",10000,1,2024
"Kultur und Wissenschaft","Kultur","Einzel- und Gesamtförderung im Bereich Wissenschaft und Forschung","1120",4000,1,2024
"Kultur und Wissenschaft","Kultur","Druckkostenzuschuss","1020",2600,1,2024
"Kultur und Wissenschaft","Kultur","Druckkostenzuschuss","5020",8000,1,2024
"Kultur und Wissenschaft","Kultur","Kompositionsförderung","1120",1500,1,2024
"Kultur und Wissenschaft","Kultur","Druckkostenzuschuss","1080",9000,1,2024
"Kultur und Wissenschaft","Kultur","Einzel- und Gesamtförderung im Bereich Literatur","1090",3000,1,2024
"Kultur und Wissenschaft","Kultur","Einzel- und Gesamtförderung im Bereich Literatur","1040",10000,1,2024
"Kultur und Wissenschaft","Kultur","Einzel- und Gesamtförderung im Bereich Literatur","1020",2000,1,2024
"Kultur und Wissenschaft","Kultur","Kompositionsförderung","1200",1000,1,2024
"Kultur und Wissenschaft","Kultur","Kompositionsförderung","1100",2500,1,2024
"Kultur und Wissenschaft","Kultur","Kompositionsförderung","1020",2000,1,2024
"Kultur und Wissenschaft","Kultur","Einzel- und Gesamtförderung im Bereich Literatur","1120",9000,1,2024
"Kultur und Wissenschaft","Kultur","Wiener Altstadterhaltungsfonds","1230",5500,1,2024
"Kultur und Wissenschaft","Kultur","Kompositionsförderung","1020",600,1,2024
"Kultur und Wissenschaft","Kultur","Einzel- und Gesamtförderung im Bereich Literatur","1180",4000,1,2024
"Kultur und Wissenschaft","Kultur","Kompositionsförderung","1140",4000,1,2024
"Kultur und Wissenschaft","Kultur","Einzel- und Gesamtförderung im Bereich Literatur","1070",38000,1,2024
"Kultur und Wissenschaft","Kultur","Kompositionsförderung","1140",1500,1,2024
"Kultur und Wissenschaft","Kultur","Druckkostenzuschuss","1010",6000,1,2024
"Kultur und Wissenschaft","Kultur","Einzel- und Gesamtförderung im Bereich Wissenschaft und Forschung","1010",34000,1,2024
"Kultur und Wissenschaft","Kultur","Einzel- und Gesamtförderung im Bereich Kulturinitiativen","1150",5000,1,2024
"Kultur und Wissenschaft","Kultur","Kunstankauf","1070",6600,1,2024
"Kultur und Wissenschaft","Kultur","Kompositionsförderung","1020",1800,1,2024
"Kultur und Wissenschaft","Kultur","Druckkostenzuschuss","1010",16000,1,2024
"Kultur und Wissenschaft","Kultur","Kompositionsförderung","1030",1500,1,2024
"Kultur und Wissenschaft","Kultur","Einzel- und Gesamtförderung im Bereich Literatur","1050",4000,1,2024
"Kultur und Wissenschaft","Kultur","Einzel- und Gesamtförderung im Bereich Literatur","1050",2000,1,2024
"Kultur und Wissenschaft","Kultur","Kompositionsförderung","1200",1800,1,2024
"Kultur und Wissenschaft","Kultur","Einzel- und Gesamtförderung im Bereich Literatur","1020",33000,1,2024
"Kultur und Wissenschaft","Kultur","Kompositionsförderung","1050",2500,1,2024
"Kultur und Wissenschaft","Kultur","Einzel- und Gesamtförderung im Bereich Wissenschaft und Forschung","1010",781000,1,2024
"Kultur und Wissenschaft","Kultur","Kompositionsförderung","1070",1200,1,2024
"Kultur und Wissenschaft","Kultur","Kompositionsförderung","1150",1200,1,2024
"Kultur und Wissenschaft","Kultur","Einzel- und Gesamtförderung im Bereich Literatur","1030",32000,1,2024
"Kultur und Wissenschaft","Kultur","Kompositionsförderung","1150",2500,1,2024
"Kultur und Wissenschaft","Kultur","Kompositionsförderung","1140",800,1,2024
"Kultur und Wissenschaft","Kultur","Kompositionsförderung","1170",1000,1,2024
"Kultur und Wissenschaft","Kultur","Kompositionsförderung","1170",1500,1,2024
"Kultur und Wissenschaft","Kultur","Kompositionsförderung","1030",1500,1,2024
"Kultur und Wissenschaft","Kultur","Kompositionsförderung","1170",3500,1,2024
"Kultur und Wissenschaft","Kultur","Kompositionsförderung","1050",800,1,2024
"Kultur und Wissenschaft","Kultur","Druckkostenzuschuss","1060",12000,1,2024
"Kultur und Wissenschaft","Kultur","Kompositionsförderung","1090",1800,1,2024
"Kultur und Wissenschaft","Kultur","Einzel- und Gesamtförderung im Bereich Literatur","1200",23000,1,2024
"Kultur und Wissenschaft","Kultur","Einzel- und Gesamtförderung im Bereich Literatur","1200",5000,1,2024
"Kultur und Wissenschaft","Kultur","Druckkostenzuschuss","1150",12000,1,2024
"Kultur und Wissenschaft","Kultur","Kompositionsförderung","1150",1500,1,2024
"Kultur und Wissenschaft","Kultur","Druckkostenzuschuss","6020",8000,1,2024
"Kultur und Wissenschaft","Kultur","Kompositionsförderung","1060",800,1,2024
"Kultur und Wissenschaft","Kultur","Druckkostenzuschuss","1170",11000,1,2024
"Kultur und Wissenschaft","Kultur","Kompositionsförderung","1050",1200,1,2024
"Kultur und Wissenschaft","Kultur","Kompositionsförderung","1030",2500,1,2024
"Kultur und Wissenschaft","Kultur","Kompositionsförderung","1220",2700,1,2024
"Kultur und Wissenschaft","Kultur","Einzel- und Gesamtförderung im Bereich Literatur","1070",120000,1,2024
"Kultur und Wissenschaft","Kultur","Kompositionsförderung","1090",800,1,2024
"Kultur und Wissenschaft","Kultur","Kompositionsförderung","1160",600,1,2024
"Kultur und Wissenschaft","Kultur","Kompositionsförderung","1020",3000,1,2024
"Kultur und Wissenschaft","Kultur","Einzel- und Gesamtförderung im Bereich Literatur","1080",20000,1,2024
"Kultur und Wissenschaft","Kultur","Kompositionsförderung","1020",2500,1,2024
"Kultur und Wissenschaft","Kultur","Kompositionsförderung","1060",1000,1,2024
"Kultur und Wissenschaft","Kultur","Wissenschaftsstipendium","1120",4000,1,2024
"Kultur und Wissenschaft","Kultur","Kompositionsförderung","1050",2200,1,2024
"Kultur und Wissenschaft","Kultur","Kompositionsförderung","1230",1000,1,2024
"Kultur und Wissenschaft","Kultur","Kompositionsförderung","1030",1000,1,2024
"Kultur und Wissenschaft","Kultur","Einzel- und Gesamtförderung im Bereich Wissenschaft und Forschung","1090",1500,1,2024
"Kultur und Wissenschaft","Kultur","Einzel- und Gesamtförderung im Bereich Literatur","1150",4000,1,2024
"Kultur und Wissenschaft","Kultur","Kompositionsförderung","1030",1800,1,2024
"Kultur und Wissenschaft","Kultur","Wissenschaftsstipendium","1140",5000,1,2024
"Kultur und Wissenschaft","Kultur","Einzel- und Gesamtförderung im Bereich Literatur","1030",40000,1,2024
"Kultur und Wissenschaft","Kultur","Einzel- und Gesamtförderung im Bereich Kulturinitiativen","1200",2500,1,2024
"Kultur und Wissenschaft","Kultur","Einzel- und Gesamtförderung im Bereich Kulturinitiativen","1020",3000,1,2024
"Kultur und Wissenschaft","Kultur","Kompositionsförderung","1050",1000,1,2024
"Kultur und Wissenschaft","Kultur","Einzel- und Gesamtförderung im Bereich Literatur","1020",4000,1,2024
"Kultur und Wissenschaft","Kultur","Kompositionsförderung","1150",1700,1,2024
"Kultur und Wissenschaft","Kultur","Einzel- und Gesamtförderung im Bereich Literatur","1200",2000,1,2024
"Kultur und Wissenschaft","Kultur","Kompositionsförderung","1120",1000,1,2024
"Kultur und Wissenschaft","Kultur","Kompositionsförderung","1120",1500,1,2024
"Kultur und Wissenschaft","Kultur","Kompositionsförderung","1230",800,1,2024
"Kultur und Wissenschaft","Kultur","Kompositionsförderung","1170",1500,1,2024
"Kultur und Wissenschaft","Kultur","Kompositionsförderung","1150",1500,1,2024
"Kultur und Wissenschaft","Kultur","Kompositionsförderung","1030",2000,1,2024
"Kultur und Wissenschaft","Kultur","Einzel- und Gesamtförderung im Bereich Literatur","1070",70000,1,2024
"Kultur und Wissenschaft","Kultur","Kompositionsförderung","1050",1500,1,2024
"Kultur und Wissenschaft","Kultur","Kompositionsförderung","1150",1500,1,2024
"Kultur und Wissenschaft","Kultur","Kompositionsförderung","1190",2500,1,2024
"Kultur und Wissenschaft","Kultur","Kompositionsförderung","1170",1500,1,2024
"Kultur und Wissenschaft","Kultur","Kompositionsförderung","1060",1500,1,2024
"Kultur und Wissenschaft","Kultur","Einzel- und Gesamtförderung im Bereich Wissenschaft und Forschung","1010",4000,1,2024
"Kultur und Wissenschaft","Kultur","Kompositionsförderung","1110",1200,1,2024
"Kultur und Wissenschaft","Kultur","Einzel- und Gesamtförderung im Bereich Literatur","1210",2000,1,2024
"Kultur und Wissenschaft","Kultur","Kompositionsförderung","1160",800,1,2024
"Kultur und Wissenschaft","Kultur","Einzel- und Gesamtförderung im Bereich Literatur","1190",2000,1,2024
"Kultur und Wissenschaft","Kultur","Einzel- und Gesamtförderung im Bereich Literatur","1120",25000,1,2024
"Kultur und Wissenschaft","Kultur","Druckkostenzuschuss","1020",10000,1,2024
"Kultur und Wissenschaft","Kultur","Einzel- und Gesamtförderung im Bereich Wissenschaft und Forschung","1040",5000,1,2024
"Kultur und Wissenschaft","Kultur","Einzel- und Gesamtförderung im Bereich Wissenschaft und Forschung","1050",220000,1,2024
"Kultur und Wissenschaft","Kultur","Einzel- und Gesamtförderung im Bereich Film, Mode und Design","1070",120000,1,2024
"Kultur und Wissenschaft","Kultur","Druckkostenzuschuss","1020",9500,1,2024
"Kultur und Wissenschaft","Kultur","Druckkostenzuschuss","1010",500,1,2024
"Kultur und Wissenschaft","Kultur","Würdigungspreise der Stadt Wien","1190",4000,1,2024
"Kultur und Wissenschaft","Kultur","Druckkostenzuschuss","1050",8100,1,2024
"Kultur und Wissenschaft","Kultur","Einzel- und Gesamtförderung im Bereich Wissenschaft und Forschung","1010",630000,1,2024
"Kultur und Wissenschaft","Kultur","Druckkostenzuschuss","3950",14000,1,2024
"Kultur und Wissenschaft","Kultur","Druckkostenzuschuss","1190",6000,1,2024
"Kultur und Wissenschaft","Kultur","Einzel- und Gesamtförderung im Bereich Wissenschaft und Forschung","1170",25000,1,2024
"Kultur und Wissenschaft","Kultur","Einzel- und Gesamtförderung im Bereich Kulturinitiativen","1140",2500,1,2024
"Kultur und Wissenschaft","Kultur","Druckkostenzuschuss","1030",6200,1,2024
"Kultur und Wissenschaft","Kultur","Einzel- und Gesamtförderung im Bereich Kulturinitiativen","1040",130000,1,2024
"Kultur und Wissenschaft","Kultur","Einzel- und Gesamtförderung im Bereich Wissenschaft und Forschung","1010",4000,1,2024
"Kultur und Wissenschaft","Kultur","Druckkostenzuschuss","1090",10000,1,2024
"Kultur und Wissenschaft","Kultur","Einzel- und Gesamtförderung im Bereich Literatur","1070",30000,1,2024
"Kultur und Wissenschaft","Kultur","Einzel- und Gesamtförderung im Bereich Wissenschaft und Forschung","1070",12000,1,2024
"Kultur und Wissenschaft","Kultur","Einzel- und Gesamtförderung im Bereich Wissenschaft und Forschung","1050",105000,1,2024
"Kultur und Wissenschaft","Kultur","Einzel- und Gesamtförderung im Bereich Wissenschaft und Forschung","1090",5000,1,2024
"Kultur und Wissenschaft","Kultur","Einzel- und Gesamtförderung im Bereich Wissenschaft und Forschung","1030",150000,1,2024
"Kultur und Wissenschaft","Kultur","Druckkostenzuschuss","1030",5000,1,2024
"Kultur und Wissenschaft","Kultur","Einzel- und Gesamtförderung im Bereich Film, Mode und Design","1070",13500000,1,2024
"Kultur und Wissenschaft","Kultur","Einzel- und Gesamtförderung im Bereich Literatur","1010",12000,1,2024
"Kultur und Wissenschaft","Kultur","Einzel- und Gesamtförderung im Bereich Film, Mode und Design","1070",575000,1,2024
"Kultur und Wissenschaft","Kultur","Druckkostenzuschuss","1180",10500,1,2024
"Kultur und Wissenschaft","Kultur","Druckkostenzuschuss","1040",8000,1,2024
"Kultur und Wissenschaft","Kultur","Einzel- und Gesamtförderung im Bereich Wissenschaft und Forschung","1020",10000,1,2024
"Kultur und Wissenschaft","Kultur","Einzel- und Gesamtförderung im Bereich Kulturinitiativen","1060",1500,1,2024
"Kultur und Wissenschaft","Kultur","Druckkostenzuschuss","1080",4500,1,2024
"Kultur und Wissenschaft","Kultur","Kunstankauf","1020",10000,1,2024
"Kultur und Wissenschaft","Kultur","Druckkostenzuschuss","1080",18000,1,2024
"Kultur und Wissenschaft","Kultur","Kunstankauf","1070",5200,1,2024
"Kultur und Wissenschaft","Kultur","Einzel- und Gesamtförderung im Bereich Wissenschaft und Forschung","1090",4000,1,2024
"Kultur und Wissenschaft","Kultur","Druckkostenzuschuss","8020",20000,1,2024
"Kultur und Wissenschaft","Kultur","Druckkostenzuschuss","1120",12000,1,2024
"Kultur und Wissenschaft","Kultur","Druckkostenzuschuss","1090",3000,1,2024
"Kultur und Wissenschaft","Kultur","Druckkostenzuschuss","1010",2500,1,2024
"Kultur und Wissenschaft","Kultur","Einzel- und Gesamtförderung im Bereich Wissenschaft und Forschung","1160",150000,1,2024
"Kultur und Wissenschaft","Kultur","Druckkostenzuschuss","1050",6000,1,2024
"Kultur und Wissenschaft","Kultur","Druckkostenzuschuss","1200",19000,1,2024
"Kultur und Wissenschaft","Kultur","Druckkostenzuschuss","1050",4500,1,2024
"Kultur und Wissenschaft","Kultur","Druckkostenzuschuss","1200",4000,1,2024
"Kultur und Wissenschaft","Kultur","Druckkostenzuschuss","1200",5000,1,2024
"Kultur und Wissenschaft","Kultur","Druckkostenzuschuss","1010",1800,1,2024
"Kultur und Wissenschaft","Kultur","Druckkostenzuschuss","1170",2500,1,2024
"Kultur und Wissenschaft","Kultur","Druckkostenzuschuss","1020",9000,1,2024
"Kultur und Wissenschaft","Kultur","Einzel- und Gesamtförderung im Bereich Film, Mode und Design","1020",1e+05,1,2024
"Kultur und Wissenschaft","Kultur","Druckkostenzuschuss","1010",18300,1,2024
"Kultur und Wissenschaft","Kultur","Druckkostenzuschuss","1040",8000,1,2024
"Kultur und Wissenschaft","Kultur","Druckkostenzuschuss","1010",5000,1,2024
"Kultur und Wissenschaft","Kultur","Druckkostenzuschuss","1010",3500,1,2024
"Kultur und Wissenschaft","Kultur","Druckkostenzuschuss","1020",10000,1,2024
"Kultur und Wissenschaft","Kultur","Einzel- und Gesamtförderung im Bereich Film, Mode und Design","1010",40000,1,2024
"Kultur und Wissenschaft","Kultur","Druckkostenzuschuss","1020",8900,1,2024
"Kultur und Wissenschaft","Kultur","Einzel- und Gesamtförderung im Bereich Darstellende Kunst","1070",3200000,1,2024
"Kultur und Wissenschaft","Kultur","Einzel- und Gesamtförderung im Bereich Darstellende Kunst","1070",235000,1,2024
"Kultur und Wissenschaft","Kultur","Einzel- und Gesamtförderung im Bereich Darstellende Kunst","1070",3e+05,1,2024
"Kultur und Wissenschaft","Kultur","Druckkostenzuschuss","1150",1000,1,2024
"Kultur und Wissenschaft","Kultur","Einzel- und Gesamtförderung im Bereich Kulturinitiativen","1160",2000,1,2024
"Kultur und Wissenschaft","Kultur","Druckkostenzuschuss","1010",1000,1,2024
"Kultur und Wissenschaft","Kultur","Druckkostenzuschuss","1010",15000,1,2024
"Kultur und Wissenschaft","Kultur","Druckkostenzuschuss","1160",1600,1,2024
"Kultur und Wissenschaft","Kultur","Druckkostenzuschuss","1010",2000,1,2024
"Kultur und Wissenschaft","Kultur","Druckkostenzuschuss","1030",3000,1,2024
"Kultur und Wissenschaft","Kultur","Druckkostenzuschuss","1010",8000,1,2024
"Kultur und Wissenschaft","Kultur","Bau- und Investitonskostenzuschuss","1030",24000,1,2024
"Kultur und Wissenschaft","Kultur","Druckkostenzuschuss","1160",1400,1,2024
"Kultur und Wissenschaft","Kultur","Druckkostenzuschuss","1010",3200,1,2024
"Kultur und Wissenschaft","Kultur","Druckkostenzuschuss","1140",3300,1,2024
"Kultur und Wissenschaft","Kultur","Druckkostenzuschuss","1180",5000,1,2024
"Kultur und Wissenschaft","Kultur","Druckkostenzuschuss","1090",14000,1,2024
"Kultur und Wissenschaft","Kultur","Druckkostenzuschuss","1100",1500,1,2024
"Kultur und Wissenschaft","Kultur","Druckkostenzuschuss","1040",22000,1,2024
"Kultur und Wissenschaft","Kultur","Einzel- und Gesamtförderung im Bereich Wissenschaft und Forschung","1050",3000,1,2024
"Kultur und Wissenschaft","Kultur","Einzel- und Gesamtförderung im Bereich Wissenschaft und Forschung","9074",5000,1,2024
"Kultur und Wissenschaft","Kultur","Einzel- und Gesamtförderung im Bereich Wissenschaft und Forschung","1020",10000,1,2024
"Kultur und Wissenschaft","Kultur","Einzel- und Gesamtförderung im Bereich Film, Mode und Design","1160",5000,1,2024
"Kultur und Wissenschaft","Kultur","Einzel- und Gesamtförderung im Bereich Kulturinitiativen","1060",3000,1,2024
"Kultur und Wissenschaft","Kultur","Einzel- und Gesamtförderung im Bereich Kulturinitiativen","1140",3000,1,2024
"Kultur und Wissenschaft","Kultur","Einzel- und Gesamtförderung im Bereich Wissenschaft und Forschung","1090",3000,1,2024
"Kultur und Wissenschaft","Kultur","Einzel- und Gesamtförderung im Bereich Film, Mode und Design","1020",250000,1,2024
"Kultur und Wissenschaft","Kultur","Einzel- und Gesamtförderung im Bereich Wissenschaft und Forschung","1050",4000,1,2024
"Kultur und Wissenschaft","Kultur","Einzel- und Gesamtförderung im Bereich Darstellende Kunst","1020",35000,1,2024
"Kultur und Wissenschaft","Kultur","Einzel- und Gesamtförderung im Bereich Bildende Kunst und Medienkunst","1010",10000,1,2024
"Kultur und Wissenschaft","Kultur","Wissenschaftsstipendium","1200",4000,1,2024
"Kultur und Wissenschaft","Kultur","Einzel- und Gesamtförderung im Bereich Musik","1030",1082226,1,2024
"Kultur und Wissenschaft","Kultur","Wiener Altstadterhaltungsfonds","1030",6960,1,2024
"Kultur und Wissenschaft","Kultur","Einzel- und Gesamtförderung im Bereich Kulturinitiativen","1030",3000,1,2024
"Kultur und Wissenschaft","Kultur","Einzel- und Gesamtförderung im Bereich Wissenschaft und Forschung","1020",5000,1,2024
"Kultur und Wissenschaft","Kultur","Einzel- und Gesamtförderung im Bereich Film, Mode und Design","1070",445000,1,2024
"Kultur und Wissenschaft","Kultur","Einzel- und Gesamtförderung im Bereich Wissenschaft und Forschung","1010",3000,1,2024
"Kultur und Wissenschaft","Kultur","Wiener Altstadterhaltungsfonds","1180",111312.16,1,2024
"Kultur und Wissenschaft","Kultur","Einzel- und Gesamtförderung im Bereich Wissenschaft und Forschung","1100",4000,1,2024
"Kultur und Wissenschaft","Kultur","Einzel- und Gesamtförderung im Bereich Darstellende Kunst","1070",2e+06,1,2024
"Kultur und Wissenschaft","Kultur","Einzel- und Gesamtförderung im Bereich Darstellende Kunst","1070",1850000,1,2024
"Kultur und Wissenschaft","Kultur","Einzel- und Gesamtförderung im Bereich Darstellende Kunst","1070",150000,1,2024
"Kultur und Wissenschaft","Kultur","Einzel- und Gesamtförderung im Bereich Darstellende Kunst","1070",40000,1,2024
"Kultur und Wissenschaft","Kultur","Einzel- und Gesamtförderung im Bereich Literatur","1010",15000,1,2024
"Kultur und Wissenschaft","Kultur","Wissenschaftsstipendium","1050",4000,1,2024
"Kultur und Wissenschaft","Kultur","Einzel- und Gesamtförderung im Bereich Bildende Kunst und Medienkunst","1030",10000,1,2024
"Kultur und Wissenschaft","Kultur","Wiener Altstadterhaltungsfonds","1010",46840.38,1,2024
"Kultur und Wissenschaft","Kultur","Kunstankauf","1030",10000,1,2024
"Kultur und Wissenschaft","Kultur","Kunstankauf","1150",4600,1,2024
"Kultur und Wissenschaft","Kultur","Einzel- und Gesamtförderung im Bereich Wissenschaft und Forschung","1010",4000,1,2024
"Kultur und Wissenschaft","Kultur","Einzel- und Gesamtförderung im Bereich Wissenschaft und Forschung","1020",20000,1,2024
"Kultur und Wissenschaft","Kultur","Kunstankauf","1220",4800,1,2024
"Kultur und Wissenschaft","Kultur","Einzel- und Gesamtförderung im Bereich Wissenschaft und Forschung","1210",4000,1,2024
"Kultur und Wissenschaft","Kultur","Einzel- und Gesamtförderung im Bereich Wissenschaft und Forschung","1150",2000,1,2024
"Kultur und Wissenschaft","Kultur","Einzel- und Gesamtförderung im Bereich Film, Mode und Design","1100",13000,1,2024
"Kultur und Wissenschaft","Kultur","Einzel- und Gesamtförderung im Bereich Film, Mode und Design","1120",5000,1,2024
"Kultur und Wissenschaft","Kultur","Einzel- und Gesamtförderung im Bereich Wissenschaft und Forschung","1090",10000,1,2024
"Kultur und Wissenschaft","Kultur","Einzel- und Gesamtförderung im Bereich Film, Mode und Design","1050",4000,1,2024
"Kultur und Wissenschaft","Kultur","Einzel- und Gesamtförderung im Bereich Kulturinitiativen","1100",1500,1,2024
"Kultur und Wissenschaft","Kultur","Einzel- und Gesamtförderung im Bereich Darstellende Kunst","1030",45000,1,2024
"Kultur und Wissenschaft","Kultur","Kunstankauf","1100",7800,1,2024
"Kultur und Wissenschaft","Kultur","Kunstankauf","1150",9153,1,2024
"Kultur und Wissenschaft","Kultur","Einzel- und Gesamtförderung im Bereich Film, Mode und Design","1120",2000,1,2024
"Kultur und Wissenschaft","Kultur","Kunstankauf","1030",8500,1,2024
"Kultur und Wissenschaft","Kultur","Kunstankauf","1020",3240,1,2024
"Kultur und Wissenschaft","Kultur","Einzel- und Gesamtförderung im Bereich Film, Mode und Design","1020",9000,1,2024
"Kultur und Wissenschaft","Kultur","Einzel- und Gesamtförderung im Bereich Film, Mode und Design","1230",5000,1,2024
"Kultur und Wissenschaft","Kultur","Einzel- und Gesamtförderung im Bereich Film, Mode und Design","1070",20000,1,2024
"Kultur und Wissenschaft","Kultur","Einzel- und Gesamtförderung im Bereich Film, Mode und Design","1050",15000,1,2024
"Kultur und Wissenschaft","Kultur","Einzel- und Gesamtförderung im Bereich Film, Mode und Design","1080",8000,1,2024
"Kultur und Wissenschaft","Kultur","Kunstankauf","1060",15820,1,2024
"Kultur und Wissenschaft","Kultur","Einzel- und Gesamtförderung im Bereich Film, Mode und Design","1180",2000,1,2024
"Kultur und Wissenschaft","Kultur","Einzel- und Gesamtförderung im Bereich Literatur","1230",1500,1,2024
"Kultur und Wissenschaft","Kultur","Einzel- und Gesamtförderung im Bereich Kulturinitiativen","1100",2500,1,2024
"Kultur und Wissenschaft","Kultur","Einzel- und Gesamtförderung im Bereich Bildende Kunst und Medienkunst","1010",40000,1,2024
"Kultur und Wissenschaft","Kultur","Bau- und Investitonskostenzuschuss","1150",32000,1,2024
"Kultur und Wissenschaft","Kultur","Einzel- und Gesamtförderung im Bereich Kulturinitiativen","1170",3000,1,2024
"Kultur und Wissenschaft","Kultur","Kunstankauf","1040",3900,1,2024
"Kultur und Wissenschaft","Kultur","Kunstankauf","1150",6665,1,2024
"Kultur und Wissenschaft","Kultur","Kunstankauf","1080",9450,1,2024
"Kultur und Wissenschaft","Kultur","Einzel- und Gesamtförderung im Bereich Kulturinitiativen","1220",3000,1,2024
"Kultur und Wissenschaft","Kultur","Einzel- und Gesamtförderung im Bereich Film, Mode und Design","1060",1000,1,2024
"Kultur und Wissenschaft","Kultur","Einzel- und Gesamtförderung im Bereich Film, Mode und Design","1150",5000,1,2024
"Kultur und Wissenschaft","Kultur","Einzel- und Gesamtförderung im Bereich Film, Mode und Design","1030",7000,1,2024
"Kultur und Wissenschaft","Kultur","Einzel- und Gesamtförderung im Bereich Film, Mode und Design","1020",3000,1,2024
"Kultur und Wissenschaft","Kultur","Einzel- und Gesamtförderung im Bereich Film, Mode und Design","1020",20000,1,2024
"Kultur und Wissenschaft","Kultur","Kunstankauf","1150",6600,1,2024
"Kultur und Wissenschaft","Kultur","Kunstankauf","1090",6300,1,2024
"Kultur und Wissenschaft","Kultur","Einzel- und Gesamtförderung im Bereich Film, Mode und Design","1150",1000,1,2024
"Kultur und Wissenschaft","Kultur","Einzel- und Gesamtförderung im Bereich Film, Mode und Design","1030",3000,1,2024
"Kultur und Wissenschaft","Kultur","Kunstankauf","1160",18000,1,2024
"Kultur und Wissenschaft","Kultur","Sonstige Förderungen","1070",416000,1,2024
"Kultur und Wissenschaft","Kultur","Kunstankauf","1020",6800,1,2024
"Kultur und Wissenschaft","Kultur","Einzel- und Gesamtförderung im Bereich Film, Mode und Design","1040",3000,1,2024
"Kultur und Wissenschaft","Kultur","Einzel- und Gesamtförderung im Bereich Darstellende Kunst","1030",30000,1,2024
"Kultur und Wissenschaft","Kultur","Einzel- und Gesamtförderung im Bereich Musik","1030",270774,1,2024
"Kultur und Wissenschaft","Kultur","Kunstankauf","1070",6500,1,2024
"Kultur und Wissenschaft","Kultur","Kunstankauf","1180",7000,1,2024
"Kultur und Wissenschaft","Kultur","Einzel- und Gesamtförderung im Bereich Film, Mode und Design","1160",8000,1,2024
"Kultur und Wissenschaft","Kultur","Einzel- und Gesamtförderung im Bereich Film, Mode und Design","1070",25000,1,2024
"Kultur und Wissenschaft","Kultur","Kunstankauf","1160",10000,1,2024
"Kultur und Wissenschaft","Kultur","Einzel- und Gesamtförderung im Bereich Wissenschaft und Forschung","1150",2000,1,2024
"Kultur und Wissenschaft","Kultur","Kunstankauf","1040",5400,1,2024
"Kultur und Wissenschaft","Kultur","Kunstankauf","1170",6900,1,2024
"Kultur und Wissenschaft","Kultur","Einzel- und Gesamtförderung im Bereich Wissenschaft und Forschung","1070",15000,1,2024
"Kultur und Wissenschaft","Kultur","Einzel- und Gesamtförderung im Bereich Film, Mode und Design","1160",3000,1,2024
"Kultur und Wissenschaft","Kultur","Kunstankauf","1030",4085,1,2024
"Kultur und Wissenschaft","Kultur","Kunstankauf","1030",10060,1,2024
"Kultur und Wissenschaft","Kultur","Kunstankauf","1090",4800,1,2024
"Kultur und Wissenschaft","Kultur","Kunstankauf","1180",4200,1,2024
"Kultur und Wissenschaft","Kultur","Einzel- und Gesamtförderung im Bereich Film, Mode und Design","1080",5000,1,2024
"Kultur und Wissenschaft","Kultur","Einzel- und Gesamtförderung im Bereich Film, Mode und Design","1120",8000,1,2024
"Kultur und Wissenschaft","Kultur","Kunstankauf","1090",3500,1,2024
"Kultur und Wissenschaft","Kultur","Einzel- und Gesamtförderung im Bereich Film, Mode und Design","1180",3000,1,2024
"Kultur und Wissenschaft","Kultur","Einzel- und Gesamtförderung im Bereich Film, Mode und Design","1030",4000,1,2024
"Kultur und Wissenschaft","Kultur","Kunstankauf","1020",4600,1,2024
"Kultur und Wissenschaft","Kultur","Einzel- und Gesamtförderung im Bereich Film, Mode und Design","1060",3000,1,2024
"Kultur und Wissenschaft","Kultur","Einzel- und Gesamtförderung im Bereich Film, Mode und Design","1020",2000,1,2024
"Kultur und Wissenschaft","Kultur","Einzel- und Gesamtförderung im Bereich Film, Mode und Design","1040",10000,1,2024
"Kultur und Wissenschaft","Kultur","Kunstankauf","1150",5600,1,2024
"Kultur und Wissenschaft","Kultur","Einzel- und Gesamtförderung im Bereich Darstellende Kunst","1230",1e+05,1,2024
"Kultur und Wissenschaft","Kultur","Einzel- und Gesamtförderung im Bereich Film, Mode und Design","1190",5000,1,2024
"Kultur und Wissenschaft","Kultur","Einzel- und Gesamtförderung im Bereich Film, Mode und Design","1020",4000,1,2024
"Kultur und Wissenschaft","Kultur","Kunstankauf","1060",7000,1,2024
"Kultur und Wissenschaft","Kultur","Kunstankauf","1030",7800,1,2024
"Kultur und Wissenschaft","Kultur","Kunstankauf","1060",10500,1,2024
"Kultur und Wissenschaft","Kultur","Kunstankauf","1020",16950,1,2024
"Kultur und Wissenschaft","Kultur","Kunstankauf","1020",4800,1,2024
"Kultur und Wissenschaft","Kultur","Einzel- und Gesamtförderung im Bereich Film, Mode und Design","1050",5000,1,2024
"Kultur und Wissenschaft","Kultur","Einzel- und Gesamtförderung im Bereich Film, Mode und Design","1070",3000,1,2024
"Kultur und Wissenschaft","Kultur","Einzel- und Gesamtförderung im Bereich Film, Mode und Design","1050",9000,1,2024
"Kultur und Wissenschaft","Kultur","Kunstankauf","1030",6500,1,2024
"Kultur und Wissenschaft","Kultur","Einzel- und Gesamtförderung im Bereich Film, Mode und Design","1150",25000,1,2024
"Kultur und Wissenschaft","Kultur","Einzel- und Gesamtförderung im Bereich Film, Mode und Design","1070",5000,1,2024
"Kultur und Wissenschaft","Kultur","Einzel- und Gesamtförderung im Bereich Kulturinitiativen","1220",2500,1,2024
"Kultur und Wissenschaft","Kultur","Kunstankauf","1020",7400,1,2024
"Kultur und Wissenschaft","Kultur","Einzel- und Gesamtförderung im Bereich Film, Mode und Design","1020",5000,1,2024
"Kultur und Wissenschaft","Kultur","Einzel- und Gesamtförderung im Bereich Film, Mode und Design","1150",2000,1,2024
"Kultur und Wissenschaft","Kultur","Einzel- und Gesamtförderung im Bereich Film, Mode und Design","1150",5000,1,2024
"Kultur und Wissenschaft","Kultur","Einzel- und Gesamtförderung im Bereich Film, Mode und Design","1020",2000,1,2024
"Kultur und Wissenschaft","Kultur","Kunstankauf","1030",11300,1,2024
"Kultur und Wissenschaft","Kultur","Kunstankauf","1020",6000,1,2024
"Kultur und Wissenschaft","Kultur","Einzel- und Gesamtförderung im Bereich Film, Mode und Design","1040",3000,1,2024
"Kultur und Wissenschaft","Kultur","Kunstankauf","1060",5000,1,2024
"Kultur und Wissenschaft","Kultur","Einzel- und Gesamtförderung im Bereich Musik","1040",5000,1,2024
"Kultur und Wissenschaft","Kultur","Einzel- und Gesamtförderung im Bereich Film, Mode und Design","1120",5000,1,2024
"Kultur und Wissenschaft","Kultur","Kunstankauf","1050",7800,1,2024
"Kultur und Wissenschaft","Kultur","Einzel- und Gesamtförderung im Bereich Film, Mode und Design","1130",5000,1,2024
"Kultur und Wissenschaft","Kultur","Kunstankauf","1040",2400,1,2024
"Kultur und Wissenschaft","Kultur","Kunstankauf","1060",7900,1,2024
"Kultur und Wissenschaft","Kultur","Einzel- und Gesamtförderung im Bereich Film, Mode und Design","1140",2000,1,2024
"Kultur und Wissenschaft","Kultur","Kunstankauf","1020",5200,1,2024
"Kultur und Wissenschaft","Kultur","Einzel- und Gesamtförderung im Bereich Film, Mode und Design","1060",5000,1,2024
"Kultur und Wissenschaft","Kultur","Kunstankauf","1100",4000,1,2024
"Kultur und Wissenschaft","Kultur","Kunstankauf","1020",8000,1,2024
"Kultur und Wissenschaft","Kultur","Kunstankauf","1150",4500,1,2024
"Kultur und Wissenschaft","Kultur","Kunstankauf","1030",5500,1,2024
"Kultur und Wissenschaft","Kultur","Einzel- und Gesamtförderung im Bereich Film, Mode und Design","1160",5000,1,2024
"Kultur und Wissenschaft","Kultur","Kunstankauf","1140",5400,1,2024
"Kultur und Wissenschaft","Kultur","Einzel- und Gesamtförderung im Bereich Film, Mode und Design","1200",2000,1,2024
"Kultur und Wissenschaft","Kultur","Kunstankauf","1150",5500,1,2024
"Kultur und Wissenschaft","Kultur","Einzel- und Gesamtförderung im Bereich Film, Mode und Design","1060",20000,1,2024
"Kultur und Wissenschaft","Kultur","Einzel- und Gesamtförderung im Bereich Film, Mode und Design","1190",2000,1,2024
"Kultur und Wissenschaft","Kultur","Einzel- und Gesamtförderung im Bereich Film, Mode und Design","1100",8000,1,2024
"Kultur und Wissenschaft","Kultur","Einzel- und Gesamtförderung im Bereich Film, Mode und Design","1200",2000,1,2024
"Kultur und Wissenschaft","Kultur","Einzel- und Gesamtförderung im Bereich Film, Mode und Design","1030",8000,1,2024
"Kultur und Wissenschaft","Kultur","Einzel- und Gesamtförderung im Bereich Film, Mode und Design","1170",2000,1,2024
"Kultur und Wissenschaft","Kultur","Einzel- und Gesamtförderung im Bereich Wissenschaft und Forschung","1040",80000,1,2024
"Kultur und Wissenschaft","Kultur","Einzel- und Gesamtförderung im Bereich Kulturinitiativen","1120",2000,1,2024
"Kultur und Wissenschaft","Kultur","Einzel- und Gesamtförderung im Bereich Wissenschaft und Forschung","1090",4000,1,2024
"Kultur und Wissenschaft","Kultur","Einzel- und Gesamtförderung im Bereich Kulturinitiativen","1030",3000,1,2024
"Kultur und Wissenschaft","Kultur","Einzel- und Gesamtförderung im Bereich Darstellende Kunst","1060",10700000,1,2024
"Kultur und Wissenschaft","Kultur","Einzel- und Gesamtförderung im Bereich Darstellende Kunst","1060",2900000,1,2024
"Kultur und Wissenschaft","Kultur","Einzel- und Gesamtförderung im Bereich Darstellende Kunst","1150",1e+05,1,2024
"Kultur und Wissenschaft","Kultur","Einzel- und Gesamtförderung im Bereich Darstellende Kunst","1040",1e+05,1,2024
"Kultur und Wissenschaft","Kultur","Einzel- und Gesamtförderung im Bereich Darstellende Kunst","1040",90000,1,2024
"Kultur und Wissenschaft","Kultur","Einzel- und Gesamtförderung im Bereich Darstellende Kunst","1090",150000,1,2024
"Kultur und Wissenschaft","Kultur","Einzel- und Gesamtförderung im Bereich Darstellende Kunst","1070",110000,1,2024
"Kultur und Wissenschaft","Kultur","Kunstankauf","1080",5198,1,2024
"Kultur und Wissenschaft","Kultur","Einzel- und Gesamtförderung im Bereich Darstellende Kunst","1090",80000,1,2024
"Kultur und Wissenschaft","Kultur","Einzel- und Gesamtförderung im Bereich Darstellende Kunst","1120",120000,1,2024
"Kultur und Wissenschaft","Kultur","Einzel- und Gesamtförderung im Bereich Darstellende Kunst","1090",120000,1,2024
"Kultur und Wissenschaft","Kultur","Einzel- und Gesamtförderung im Bereich Darstellende Kunst","1030",120000,1,2024
"Kultur und Wissenschaft","Kultur","Einzel- und Gesamtförderung im Bereich Darstellende Kunst","1100",90000,1,2024
"Kultur und Wissenschaft","Kultur","Einzel- und Gesamtförderung im Bereich Darstellende Kunst","1070",90000,1,2024
"Kultur und Wissenschaft","Kultur","Einzel- und Gesamtförderung im Bereich Darstellende Kunst","1150",70000,1,2024
"Kultur und Wissenschaft","Kultur","Einzel- und Gesamtförderung im Bereich Darstellende Kunst","1170",70000,1,2024
"Kultur und Wissenschaft","Kultur","Einzel- und Gesamtförderung im Bereich Darstellende Kunst","1150",50000,1,2024
"Kultur und Wissenschaft","Kultur","Einzel- und Gesamtförderung im Bereich Darstellende Kunst","1020",130000,1,2024
"Kultur und Wissenschaft","Kultur","Einzel- und Gesamtförderung im Bereich Darstellende Kunst","1060",1e+05,1,2024
"Kultur und Wissenschaft","Kultur","Einzel- und Gesamtförderung im Bereich Darstellende Kunst","1020",1e+06,1,2024
"Kultur und Wissenschaft","Kultur","Einzel- und Gesamtförderung im Bereich Darstellende Kunst","1190",90000,1,2024
"Kultur und Wissenschaft","Kultur","Einzel- und Gesamtförderung im Bereich Darstellende Kunst","1050",1e+05,1,2024
"Kultur und Wissenschaft","Kultur","Einzel- und Gesamtförderung im Bereich Darstellende Kunst","1150",1e+05,1,2024
"Kultur und Wissenschaft","Kultur","Einzel- und Gesamtförderung im Bereich Kulturinitiativen","1150",2800,1,2024
"Kultur und Wissenschaft","Kultur","Einzel- und Gesamtförderung im Bereich Kulturinitiativen","1010",3000,1,2024
"Kultur und Wissenschaft","Kultur","Wiener Altstadterhaltungsfonds","1090",16096.55,1,2024
"Kultur und Wissenschaft","Kultur","Wiener Altstadterhaltungsfonds","1010",129121.94,1,2024
"Kultur und Wissenschaft","Kultur","Einzel- und Gesamtförderung im Bereich Musik","1010",6e+06,1,2024
"Kultur und Wissenschaft","Kultur","Einzel- und Gesamtförderung im Bereich Darstellende Kunst","1140",35000,1,2024
"Kultur und Wissenschaft","Kultur","Einzel- und Gesamtförderung im Bereich Darstellende Kunst","1050",45000,1,2024
"Kultur und Wissenschaft","Kultur","Einzel- und Gesamtförderung im Bereich Darstellende Kunst","1220",12000,1,2024
"Kultur und Wissenschaft","Kultur","Einzel- und Gesamtförderung im Bereich Darstellende Kunst","1200",45000,1,2024
"Kultur und Wissenschaft","Kultur","Einzel- und Gesamtförderung im Bereich Darstellende Kunst","1220",4000,1,2024
"Kultur und Wissenschaft","Kultur","Einzel- und Gesamtförderung im Bereich Darstellende Kunst","1150",40000,1,2024
"Kultur und Wissenschaft","Kultur","Einzel- und Gesamtförderung im Bereich Wissenschaft und Forschung","1020",3000,1,2024
"Kultur und Wissenschaft","Kultur","Einzel- und Gesamtförderung im Bereich Darstellende Kunst","1020",8000,1,2024
"Kultur und Wissenschaft","Kultur","Einzel- und Gesamtförderung im Bereich Filmfestival und Sommerkinos","1030",103000,1,2024
"Kultur und Wissenschaft","Kultur","Einzel- und Gesamtförderung im Bereich Darstellende Kunst","1200",30000,1,2024
"Kultur und Wissenschaft","Kultur","Einzel- und Gesamtförderung im Bereich Darstellende Kunst","1200",39000,1,2024
"Kultur und Wissenschaft","Kultur","Einzel- und Gesamtförderung im Bereich Darstellende Kunst","1150",35000,1,2024
"Kultur und Wissenschaft","Kultur","Einzel- und Gesamtförderung im Bereich Darstellende Kunst","1150",30000,1,2024
"Kultur und Wissenschaft","Kultur","Einzel- und Gesamtförderung im Bereich Darstellende Kunst","1040",30000,1,2024
"Kultur und Wissenschaft","Kultur","Einzel- und Gesamtförderung im Bereich Darstellende Kunst","1190",40000,1,2024
"Kultur und Wissenschaft","Kultur","Einzel- und Gesamtförderung im Bereich Bildende Kunst und Medienkunst","1030",1e+06,1,2024
"Kultur und Wissenschaft","Kultur","Einzel- und Gesamtförderung im Bereich Darstellende Kunst","1030",110000,1,2024
"Kultur und Wissenschaft","Kultur","Einzel- und Gesamtförderung im Bereich Darstellende Kunst","1150",35000,1,2024
"Kultur und Wissenschaft","Kultur","Einzel- und Gesamtförderung im Bereich Darstellende Kunst","1030",14000,1,2024
"Kultur und Wissenschaft","Kultur","Einzel- und Gesamtförderung im Bereich Darstellende Kunst","1100",5000,1,2024
"Kultur und Wissenschaft","Kultur","Einzel- und Gesamtförderung im Bereich Darstellende Kunst","1020",9000,1,2024
"Kultur und Wissenschaft","Kultur","Einzel- und Gesamtförderung im Bereich Darstellende Kunst","1160",40000,1,2024
"Kultur und Wissenschaft","Kultur","Bau- und Investitonskostenzuschuss","1070",40000,1,2024
"Kultur und Wissenschaft","Kultur","Einzel- und Gesamtförderung im Bereich Darstellende Kunst","1200",30000,1,2024
"Kultur und Wissenschaft","Kultur","Einzel- und Gesamtförderung im Bereich Darstellende Kunst","1160",27000,1,2024
"Kultur und Wissenschaft","Kultur","Einzel- und Gesamtförderung im Bereich Darstellende Kunst","1090",50000,1,2024
"Kultur und Wissenschaft","Kultur","Einzel- und Gesamtförderung im Bereich Darstellende Kunst","1160",28000,1,2024
"Kultur und Wissenschaft","Kultur","Einzel- und Gesamtförderung im Bereich Darstellende Kunst","1040",15000,1,2024
"Kultur und Wissenschaft","Kultur","Einzel- und Gesamtförderung im Bereich Darstellende Kunst","1210",35000,1,2024
"Kultur und Wissenschaft","Kultur","Einzel- und Gesamtförderung im Bereich Darstellende Kunst","1070",30000,1,2024
"Kultur und Wissenschaft","Kultur","Einzel- und Gesamtförderung im Bereich Darstellende Kunst","1060",16000,1,2024
"Kultur und Wissenschaft","Kultur","Einzel- und Gesamtförderung im Bereich Wissenschaft und Forschung","1160",3000,1,2024
"Kultur und Wissenschaft","Kultur","Wiener Altstadterhaltungsfonds","1010",70568.99,1,2024
"Kultur und Wissenschaft","Kultur","Einzel- und Gesamtförderung im Bereich Darstellende Kunst","1050",50000,1,2024
"Kultur und Wissenschaft","Kultur","Einzel- und Gesamtförderung im Bereich Darstellende Kunst","1080",20000,1,2024
"Kultur und Wissenschaft","Kultur","Einzel- und Gesamtförderung im Bereich Darstellende Kunst","1160",55000,1,2024
"Kultur und Wissenschaft","Kultur","Einzel- und Gesamtförderung im Bereich Darstellende Kunst","1070",173000,1,2024
"Kultur und Wissenschaft","Kultur","Einzel- und Gesamtförderung im Bereich Darstellende Kunst","1020",34000,1,2024
"Kultur und Wissenschaft","Kultur","Einzel- und Gesamtförderung im Bereich Darstellende Kunst","1020",11000,1,2024
"Kultur und Wissenschaft","Kultur","Einzel- und Gesamtförderung im Bereich Darstellende Kunst","1080",9000,1,2024
"Kultur und Wissenschaft","Kultur","Einzel- und Gesamtförderung im Bereich Darstellende Kunst","1050",45000,1,2024
"Kultur und Wissenschaft","Kultur","Einzel- und Gesamtförderung im Bereich Darstellende Kunst","1080",40000,1,2024
"Kultur und Wissenschaft","Kultur","Einzel- und Gesamtförderung im Bereich Darstellende Kunst","1160",26000,1,2024
"Kultur und Wissenschaft","Kultur","Wiener Altstadterhaltungsfonds","1010",24925.9,1,2024
"Kultur und Wissenschaft","Kultur","Einzel- und Gesamtförderung im Bereich Darstellende Kunst","1190",40000,1,2024
"Kultur und Wissenschaft","Kultur","Einzel- und Gesamtförderung im Bereich Darstellende Kunst","1020",45000,1,2024
"Kultur und Wissenschaft","Kultur","Buchprämie - Aktion ""Wiener AutorInnen in Wiener Verlagen""","1090",2500,1,2024
"Kultur und Wissenschaft","Kultur","Einzel- und Gesamtförderung im Bereich Darstellende Kunst","1220",13000,1,2024
"Kultur und Wissenschaft","Kultur","Bau- und Investitonskostenzuschuss","1090",29000,1,2024
"Kultur und Wissenschaft","Kultur","Einzel- und Gesamtförderung im Bereich Darstellende Kunst","1020",30000,1,2024
"Kultur und Wissenschaft","Kultur","Einzel- und Gesamtförderung im Bereich Darstellende Kunst","1040",8000,1,2024
"Kultur und Wissenschaft","Kultur","Einzel- und Gesamtförderung im Bereich Darstellende Kunst","1180",35000,1,2024
"Kultur und Wissenschaft","Kultur","Einzel- und Gesamtförderung im Bereich Kulturinitiativen","1070",2000,1,2024
"Kultur und Wissenschaft","Kultur","Einzel- und Gesamtförderung im Bereich Kulturinitiativen","1020",3000,1,2024
"Kultur und Wissenschaft","Kultur","Einzel- und Gesamtförderung im Bereich Wissenschaft und Forschung","1020",140000,1,2024
"Kultur und Wissenschaft","Kultur","Einzel- und Gesamtförderung im Bereich Kulturinitiativen","1160",3000,1,2024
"Kultur und Wissenschaft","Kultur","Einzel- und Gesamtförderung im Bereich Kulturinitiativen","1120",4000,1,2024
"Kultur und Wissenschaft","Kultur","Einzel- und Gesamtförderung im Bereich Kulturinitiativen","1050",3000,1,2024
"Kultur und Wissenschaft","Kultur","Einzel- und Gesamtförderung im Bereich Kulturinitiativen","1220",2000,1,2024
"Kultur und Wissenschaft","Kultur","Einzel- und Gesamtförderung im Bereich Filmfestival und Sommerkinos","1030",30000,1,2024
"Kultur und Wissenschaft","Kultur","Wissenschaftsstipendium","1090",5000,1,2024
"Kultur und Wissenschaft","Kultur","Einzel- und Gesamtförderung im Bereich Filmfestival und Sommerkinos","1040",10000,1,2024
"Kultur und Wissenschaft","Kultur","Einzel- und Gesamtförderung im Bereich Filmfestival und Sommerkinos","1040",90000,1,2024
"Kultur und Wissenschaft","Kultur","Einzel- und Gesamtförderung im Bereich Filmfestival und Sommerkinos","1080",40000,1,2024
"Kultur und Wissenschaft","Kultur","Einzel- und Gesamtförderung im Bereich Darstellende Kunst","1100",40000,1,2024
"Kultur und Wissenschaft","Kultur","Einzel- und Gesamtförderung im Bereich Filmfestival und Sommerkinos","1140",190000,1,2024
"Kultur und Wissenschaft","Kultur","Einzel- und Gesamtförderung im Bereich Musik","1220",10000,1,2024
"Kultur und Wissenschaft","Kultur","Einzel- und Gesamtförderung im Bereich Musik","1140",5000,1,2024
"Kultur und Wissenschaft","Kultur","Wissenschaftsstipendium","1160",5000,1,2024
"Kultur und Wissenschaft","Kultur","Einzel- und Gesamtförderung im Bereich Kulturinitiativen","1160",3000,1,2024
"Kultur und Wissenschaft","Kultur","Einzel- und Gesamtförderung im Bereich Kulturinitiativen","1040",2600,1,2024
"Kultur und Wissenschaft","Kultur","Bau- und Investitonskostenzuschuss","1070",44000,1,2024
"Kultur und Wissenschaft","Kultur","Einzel- und Gesamtförderung im Bereich Wissenschaft und Forschung","1020",4000,1,2024
"Kultur und Wissenschaft","Kultur","Kunstankauf","1170",6750,1,2024
"Kultur und Wissenschaft","Kultur","Einzel- und Gesamtförderung im Bereich Literatur","1080",2000,1,2024
"Kultur und Wissenschaft","Kultur","Einzel- und Gesamtförderung im Bereich Kulturinitiativen","1170",2000,1,2024
"Kultur und Wissenschaft","Kultur","Einzel- und Gesamtförderung im Bereich Darstellende Kunst","1040",30000,1,2024
"Kultur und Wissenschaft","Kultur","Wiener Altstadterhaltungsfonds","1020",103685.46,1,2024
"Kultur und Wissenschaft","Kultur","Einzel- und Gesamtförderung im Bereich Kulturinitiativen","1220",2000,1,2024
"Kultur und Wissenschaft","Kultur","Einzel- und Gesamtförderung im Bereich Kulturinitiativen","1100",15000,1,2024
"Kultur und Wissenschaft","Kultur","Einzel- und Gesamtförderung im Bereich Musik","1230",3000,1,2024
"Kultur und Wissenschaft","Kultur","Einzel- und Gesamtförderung im Bereich Wissenschaft und Forschung","3400",3000,1,2024
"Kultur und Wissenschaft","Kultur","Kompositionsförderung","1200",2000,1,2024
"Kultur und Wissenschaft","Kultur","Einzel- und Gesamtförderung im Bereich Kulturinitiativen","1150",2500,1,2024
"Kultur und Wissenschaft","Kultur","Einzel- und Gesamtförderung im Bereich Kulturinitiativen","1220",3000,1,2024
"Kultur und Wissenschaft","Kultur","Einzel- und Gesamtförderung im Bereich Kulturinitiativen","1020",2500,1,2024
"Kultur und Wissenschaft","Kultur","Einzel- und Gesamtförderung im Bereich Kulturinitiativen","1090",5000,1,2024
"Kultur und Wissenschaft","Kultur","Einzel- und Gesamtförderung im Bereich Musik","1110",4000,1,2024
"Kultur und Wissenschaft","Kultur","Einzel- und Gesamtförderung im Bereich Kulturinitiativen","1020",40000,1,2024
"Kultur und Wissenschaft","Kultur","Einzel- und Gesamtförderung im Bereich Kulturinitiativen","1040",31000,1,2024
"Kultur und Wissenschaft","Kultur","Einzel- und Gesamtförderung im Bereich Kulturinitiativen","1040",3000,1,2024
"Kultur und Wissenschaft","Kultur","Einzel- und Gesamtförderung im Bereich Wissenschaft und Forschung","1010",70000,1,2024
"Kultur und Wissenschaft","Kultur","Einzel- und Gesamtförderung im Bereich Darstellende Kunst","1090",25000,1,2024
"Kultur und Wissenschaft","Kultur","Einzel- und Gesamtförderung im Bereich Wissenschaft und Forschung","1080",4000,1,2024
"Kultur und Wissenschaft","Kultur","Einzel- und Gesamtförderung im Bereich Kulturinitiativen","1150",11000,1,2024
"Kultur und Wissenschaft","Kultur","Einzel- und Gesamtförderung im Bereich Darstellende Kunst","1060",125000,1,2024
"Kultur und Wissenschaft","Kultur","Einzel- und Gesamtförderung im Bereich Kulturinitiativen","1070",4000,1,2024
"Kultur und Wissenschaft","Kultur","Einzel- und Gesamtförderung im Bereich Kulturinitiativen","1100",3000,1,2024
"Kultur und Wissenschaft","Kultur","Einzel- und Gesamtförderung im Bereich Wissenschaft und Forschung","1010",4000,1,2024
"Kultur und Wissenschaft","Kultur","Einzel- und Gesamtförderung im Bereich Kulturinitiativen","1220",4000,1,2024
"Kultur und Wissenschaft","Kultur","Einzel- und Gesamtförderung im Bereich Kulturinitiativen","1170",5000,1,2024
"Kultur und Wissenschaft","Kultur","Einzel- und Gesamtförderung im Bereich Darstellende Kunst","1060",3101716.92,1,2024
"Kultur und Wissenschaft","Kultur","Einzel- und Gesamtförderung im Bereich Kulturinitiativen","1040",5000,1,2024
"Kultur und Wissenschaft","Kultur","Einzel- und Gesamtförderung im Bereich Kulturinitiativen","1050",4000,1,2024
"Kultur und Wissenschaft","Kultur","Wiener Altstadterhaltungsfonds","1190",5e+05,1,2024
"Kultur und Wissenschaft","Kultur","Einzel- und Gesamtförderung im Bereich Film, Mode und Design","1070",20000,1,2024
"Kultur und Wissenschaft","Kultur","Einzel- und Gesamtförderung im Bereich Kulturinitiativen","1180",5000,1,2024
"Kultur und Wissenschaft","Kultur","Einzel- und Gesamtförderung im Bereich Musik","1020",14500,1,2024
"Kultur und Wissenschaft","Kultur","Einzel- und Gesamtförderung im Bereich Kulturinitiativen","1040",7500,1,2024
"Kultur und Wissenschaft","Kultur","Einzel- und Gesamtförderung im Bereich Kulturinitiativen","1220",10000,1,2024
"Kultur und Wissenschaft","Kultur","Einzel- und Gesamtförderung im Bereich Kulturinitiativen","1180",15000,1,2024
"Kultur und Wissenschaft","Kultur","Einzel- und Gesamtförderung im Bereich Kulturinitiativen","1110",4000,1,2024
"Kultur und Wissenschaft","Kultur","Einzel- und Gesamtförderung im Bereich Kulturinitiativen","1230",3500,1,2024
"Kultur und Wissenschaft","Kultur","Einzel- und Gesamtförderung im Bereich Kulturinitiativen","1150",10000,1,2024
"Kultur und Wissenschaft","Kultur","Einzel- und Gesamtförderung im Bereich Kulturinitiativen","1020",2000,1,2024
"Kultur und Wissenschaft","Kultur","Einzel- und Gesamtförderung im Bereich Kulturinitiativen","1190",15000,1,2024
"Kultur und Wissenschaft","Kultur","Einzel- und Gesamtförderung im Bereich Musik","1010",3500,1,2024
"Kultur und Wissenschaft","Kultur","Einzel- und Gesamtförderung im Bereich Kulturinitiativen","1060",10000,1,2024
"Kultur und Wissenschaft","Kultur","Einzel- und Gesamtförderung im Bereich Kulturinitiativen","1070",4000,1,2024
"Kultur und Wissenschaft","Kultur","Einzel- und Gesamtförderung im Bereich Kulturinitiativen","1070",8000,1,2024
"Kultur und Wissenschaft","Kultur","Einzel- und Gesamtförderung im Bereich Kulturinitiativen","1170",8000,1,2024
"Kultur und Wissenschaft","Kultur","Einzel- und Gesamtförderung im Bereich Kulturinitiativen","1060",14000,1,2024
"Kultur und Wissenschaft","Kultur","Einzel- und Gesamtförderung im Bereich Darstellende Kunst","1090",150000,1,2024
"Kultur und Wissenschaft","Kultur","Einzel- und Gesamtförderung im Bereich Darstellende Kunst","1090",30000,1,2024
"Kultur und Wissenschaft","Kultur","Einzel- und Gesamtförderung im Bereich Kulturinitiativen","1220",16000,1,2024
"Kultur und Wissenschaft","Kultur","Einzel- und Gesamtförderung im Bereich Kulturinitiativen","1180",10000,1,2024
"Kultur und Wissenschaft","Kultur","Einzel- und Gesamtförderung im Bereich Kulturinitiativen","1130",2000,1,2024
"Kultur und Wissenschaft","Kultur","Einzel- und Gesamtförderung im Bereich Wissenschaft und Forschung","1020",4000,1,2024
"Kultur und Wissenschaft","Kultur","Einzel- und Gesamtförderung im Bereich Kulturinitiativen","1200",14000,1,2024
"Kultur und Wissenschaft","Kultur","Einzel- und Gesamtförderung im Bereich Kulturinitiativen","1020",49500,1,2024
"Kultur und Wissenschaft","Kultur","Buchprämie - Aktion ""Wiener AutorInnen in Wiener Verlagen""","1190",2500,1,2024
"Kultur und Wissenschaft","Kultur","Einzel- und Gesamtförderung im Bereich Musik","1190",4000,1,2024
"Kultur und Wissenschaft","Kultur","Einzel- und Gesamtförderung im Bereich Musik","1020",2000,1,2024
"Kultur und Wissenschaft","Kultur","Einzel- und Gesamtförderung im Bereich Wissenschaft und Forschung","1040",5000,1,2024
"Kultur und Wissenschaft","Kultur","Einzel- und Gesamtförderung im Bereich Wissenschaft und Forschung","1110",2500,1,2024
"Kultur und Wissenschaft","Kultur","Einzel- und Gesamtförderung im Bereich Darstellende Kunst","1060",30000,1,2024
"Kultur und Wissenschaft","Kultur","Einzel- und Gesamtförderung im Bereich Kulturinitiativen","1180",2000,1,2024
"Kultur und Wissenschaft","Kultur","Einzel- und Gesamtförderung im Bereich Wissenschaft und Forschung","1200",4000,1,2024
"Kultur und Wissenschaft","Kultur","Einzel- und Gesamtförderung im Bereich Wissenschaft und Forschung","1090",4500,1,2024
"Kultur und Wissenschaft","Kultur","Einzel- und Gesamtförderung im Bereich Musik","1070",1500,1,2024
"Kultur und Wissenschaft","Kultur","Einzel- und Gesamtförderung im Bereich Kulturinitiativen","1020",3000,1,2024
"Kultur und Wissenschaft","Kultur","Einzel- und Gesamtförderung im Bereich Literatur","1010",2000,1,2024
"Kultur und Wissenschaft","Kultur","Einzel- und Gesamtförderung im Bereich Wissenschaft und Forschung","1040",2500,1,2024
"Kultur und Wissenschaft","Kultur","Wiener Altstadterhaltungsfonds","1190",148224,1,2024
"Kultur und Wissenschaft","Kultur","Wissenschaftsstipendium","1030",5000,1,2024
"Kultur und Wissenschaft","Kultur","Kunstankauf","1150",8100,1,2024
"Kultur und Wissenschaft","Kultur","Einzel- und Gesamtförderung im Bereich Kulturinitiativen","1030",3000,1,2024
"Kultur und Wissenschaft","Kultur","Kunstankauf","1190",17000,1,2024
"Kultur und Wissenschaft","Kultur","Wissenschaftsstipendium","1160",3000,1,2024
"Kultur und Wissenschaft","Kultur","Einzel- und Gesamtförderung im Bereich Kulturinitiativen","1100",2000,1,2024
"Kultur und Wissenschaft","Kultur","Bau- und Investitonskostenzuschuss","1050",45000,1,2024
"Kultur und Wissenschaft","Kultur","Würdigungspreise der Stadt Wien","1040",10000,1,2024
"Kultur und Wissenschaft","Kultur","Wiener Altstadterhaltungsfonds","1010",3612.64,1,2024
"Kultur und Wissenschaft","Kultur","Einzel- und Gesamtförderung im Bereich Wissenschaft und Forschung","1160",4000,1,2024
"Kultur und Wissenschaft","Kultur","Einzel- und Gesamtförderung im Bereich Kulturinitiativen","1010",1500,1,2024
"Kultur und Wissenschaft","Kultur","Einzel- und Gesamtförderung im Bereich Kulturinitiativen","1090",3000,1,2024
"Kultur und Wissenschaft","Kultur","Kompositionsförderung","1130",1000,1,2024
"Kultur und Wissenschaft","Kultur","Wissenschaftsstipendium","1120",10000,1,2024
"Kultur und Wissenschaft","Kultur","Einzel- und Gesamtförderung im Bereich Wissenschaft und Forschung","1020",1500,1,2024
"Kultur und Wissenschaft","Kultur","Einzel- und Gesamtförderung im Bereich Musik","1090",3000,1,2024
"Kultur und Wissenschaft","Kultur","Einzel- und Gesamtförderung im Bereich Musik","1140",3000,1,2024
"Kultur und Wissenschaft","Kultur","Einzel- und Gesamtförderung im Bereich Musik","1040",4500,1,2024
"Kultur und Wissenschaft","Kultur","Einzel- und Gesamtförderung im Bereich Musik","1190",8000,1,2024
"Kultur und Wissenschaft","Kultur","Einzel- und Gesamtförderung im Bereich Kulturinitiativen","1120",2000,1,2024
"Kultur und Wissenschaft","Kultur","Einzel- und Gesamtförderung im Bereich Wissenschaft und Forschung","1030",3500,1,2024
"Kultur und Wissenschaft","Kultur","Kompositionsförderung","1230",2000,1,2024
"Kultur und Wissenschaft","Kultur","Einzel- und Gesamtförderung im Bereich Kulturinitiativen","1080",3000,1,2024
"Kultur und Wissenschaft","Kultur","Einzel- und Gesamtförderung im Bereich Literatur","1070",31000,1,2024
"Kultur und Wissenschaft","Kultur","Einzel- und Gesamtförderung im Bereich Literatur","1070",40000,1,2024
"Kultur und Wissenschaft","Kultur","Einzel- und Gesamtförderung im Bereich Musik","1150",2500,1,2024
"Kultur und Wissenschaft","Kultur","Einzel- und Gesamtförderung im Bereich Wissenschaft und Forschung","1140",3000,1,2024
"Kultur und Wissenschaft","Kultur","Kompositionsförderung","1120",2000,1,2024
"Kultur und Wissenschaft","Kultur","Einzel- und Gesamtförderung im Bereich Bildende Kunst und Medienkunst","1070",5000,1,2024
"Kultur und Wissenschaft","Kultur","Einzel- und Gesamtförderung im Bereich Wissenschaft und Forschung","1010",10000,1,2024
"Kultur und Wissenschaft","Kultur","Einzel- und Gesamtförderung im Bereich Musik","1020",10000,1,2024
"Kultur und Wissenschaft","Kultur","Einzel- und Gesamtförderung im Bereich Musik","1030",3000,1,2024
"Kultur und Wissenschaft","Kultur","Einzel- und Gesamtförderung im Bereich Musik","1040",2000,1,2024
"Kultur und Wissenschaft","Kultur","Einzel- und Gesamtförderung im Bereich Kulturinitiativen","1010",2500,1,2024
"Kultur und Wissenschaft","Kultur","Einzel- und Gesamtförderung im Bereich Musik","1010",250000,1,2024
"Kultur und Wissenschaft","Kultur","Einzel- und Gesamtförderung im Bereich Wissenschaft und Forschung","1010",2500,1,2024
"Kultur und Wissenschaft","Kultur","Einzel- und Gesamtförderung im Bereich Darstellende Kunst","1060",945000,1,2024
"Kultur und Wissenschaft","Kultur","Einzel- und Gesamtförderung im Bereich Darstellende Kunst","1060",190000,1,2024
"Kultur und Wissenschaft","Kultur","Einzel- und Gesamtförderung im Bereich Kulturinitiativen","1160",3000,1,2024
"Kultur und Wissenschaft","Kultur","Kinoreferenzförderung","1050",20000,1,2024
"Kultur und Wissenschaft","Kultur","Einzel- und Gesamtförderung im Bereich Musik","1020",4000,1,2024
"Kultur und Wissenschaft","Kultur","Einzel- und Gesamtförderung im Bereich Musik","1050",1000,1,2024
"Kultur und Wissenschaft","Kultur","Einzel- und Gesamtförderung im Bereich Literatur","1230",1000,1,2024
"Kultur und Wissenschaft","Kultur","Einzel- und Gesamtförderung im Bereich Musik","1070",6000,1,2024
"Kultur und Wissenschaft","Kultur","Einzel- und Gesamtförderung im Bereich Musik","1150",3000,1,2024
"Kultur und Wissenschaft","Kultur","Einzel- und Gesamtförderung im Bereich Musik","1160",1000,1,2024
"Kultur und Wissenschaft","Kultur","Einzel- und Gesamtförderung im Bereich Darstellende Kunst","1150",7000,1,2024
"Kultur und Wissenschaft","Kultur","Einzel- und Gesamtförderung im Bereich Musik","1010",2000,1,2024
"Kultur und Wissenschaft","Kultur","Einzel- und Gesamtförderung im Bereich Musik","1010",2500,1,2024
"Kultur und Wissenschaft","Kultur","Einzel- und Gesamtförderung im Bereich Wissenschaft und Forschung","1010",3000,1,2024
"Kultur und Wissenschaft","Kultur","Einzel- und Gesamtförderung im Bereich Wissenschaft und Forschung","1040",2000,1,2024
"Kultur und Wissenschaft","Kultur","Wissenschaftsstipendium","1170",4000,1,2024
"Kultur und Wissenschaft","Kultur","Einzel- und Gesamtförderung im Bereich Musik","1070",4000,1,2024
"Kultur und Wissenschaft","Kultur","Einzel- und Gesamtförderung im Bereich Musik","1020",2000,1,2024
"Kultur und Wissenschaft","Kultur","Einzel- und Gesamtförderung im Bereich Musik","1120",1500,1,2024
"Kultur und Wissenschaft","Kultur","Einzel- und Gesamtförderung im Bereich Musik","1040",8000,1,2024
"Kultur und Wissenschaft","Kultur","Einzel- und Gesamtförderung im Bereich Musik","1130",4000,1,2024
"Kultur und Wissenschaft","Kultur","Einzel- und Gesamtförderung im Bereich Musik","1110",3000,1,2024
"Kultur und Wissenschaft","Kultur","Einzel- und Gesamtförderung im Bereich Wissenschaft und Forschung","1040",3500,1,2024
"Kultur und Wissenschaft","Kultur","Einzel- und Gesamtförderung im Bereich Kulturinitiativen","1190",1500,1,2024
"Kultur und Wissenschaft","Kultur","Einzel- und Gesamtförderung im Bereich Musik","1050",1000,1,2024
"Kultur und Wissenschaft","Kultur","Einzel- und Gesamtförderung im Bereich Musik","1090",1000,1,2024
"Kultur und Wissenschaft","Kultur","Einzel- und Gesamtförderung im Bereich Kulturinitiativen","1030",2800,1,2024
"Kultur und Wissenschaft","Kultur","Einzel- und Gesamtförderung im Bereich Musik","1110",4500,1,2024
"Kultur und Wissenschaft","Kultur","Einzel- und Gesamtförderung im Bereich Musik","1010",1500,1,2024
"Kultur und Wissenschaft","Kultur","Einzel- und Gesamtförderung im Bereich Musik","1080",5000,1,2024
"Kultur und Wissenschaft","Kultur","Einzel- und Gesamtförderung im Bereich Musik","1100",3000,1,2024
"Kultur und Wissenschaft","Kultur","Einzel- und Gesamtförderung im Bereich Kino","1050",20000,1,2024
"Kultur und Wissenschaft","Kultur","Einzel- und Gesamtförderung im Bereich Musik","1090",4000,1,2024
"Kultur und Wissenschaft","Kultur","Einzel- und Gesamtförderung im Bereich Musik","1140",3000,1,2024
"Kultur und Wissenschaft","Kultur","Einzel- und Gesamtförderung im Bereich Musik","1230",8000,1,2024
"Kultur und Wissenschaft","Kultur","Einzel- und Gesamtförderung im Bereich Musik","1080",8000,1,2024
"Kultur und Wissenschaft","Kultur","Einzel- und Gesamtförderung im Bereich Kino","1050",20000,1,2024
"Kultur und Wissenschaft","Kultur","Einzel- und Gesamtförderung im Bereich Musik","1140",3500,1,2024
"Kultur und Wissenschaft","Kultur","Einzel- und Gesamtförderung im Bereich Musik","1190",16000,1,2024
"Kultur und Wissenschaft","Kultur","Einzel- und Gesamtförderung im Bereich Darstellende Kunst","1090",150000,1,2024
"Kultur und Wissenschaft","Kultur","Einzel- und Gesamtförderung im Bereich Darstellende Kunst","1090",15000,1,2024
"Kultur und Wissenschaft","Kultur","Einzel- und Gesamtförderung im Bereich Musik","1150",3000,1,2024
"Kultur und Wissenschaft","Kultur","Einzel- und Gesamtförderung im Bereich Musik","1090",6000,1,2024
"Kultur und Wissenschaft","Kultur","Einzel- und Gesamtförderung im Bereich Darstellende Kunst","1010",7e+05,1,2024
"Kultur und Wissenschaft","Kultur","Einzel- und Gesamtförderung im Bereich Darstellende Kunst","1010",80000,1,2024
"Kultur und Wissenschaft","Kultur","Einzel- und Gesamtförderung im Bereich Musik","1030",3000,1,2024
"Kultur und Wissenschaft","Kultur","Einzel- und Gesamtförderung im Bereich Musik","1020",2500,1,2024
"Kultur und Wissenschaft","Kultur","Einzel- und Gesamtförderung im Bereich Musik","1180",60000,1,2024
"Kultur und Wissenschaft","Kultur","Einzel- und Gesamtförderung im Bereich Musik","1010",2000,1,2024
"Kultur und Wissenschaft","Kultur","Einzel- und Gesamtförderung im Bereich Musik","1200",1500,1,2024
"Kultur und Wissenschaft","Kultur","Einzel- und Gesamtförderung im Bereich Musik","1030",3000,1,2024
"Kultur und Wissenschaft","Kultur","Einzel- und Gesamtförderung im Bereich Musik","1080",1000,1,2024
"Kultur und Wissenschaft","Kultur","Einzel- und Gesamtförderung im Bereich Musik","1070",8000,1,2024
"Kultur und Wissenschaft","Kultur","Einzel- und Gesamtförderung im Bereich Musik","1100",4000,1,2024
"Kultur und Wissenschaft","Kultur","Einzel- und Gesamtförderung im Bereich Kulturinitiativen","1160",1700,1,2024
"Kultur und Wissenschaft","Kultur","Einzel- und Gesamtförderung im Bereich Musik","1070",15000,1,2024
"Kultur und Wissenschaft","Kultur","Einzel- und Gesamtförderung im Bereich Musik","1030",9000,1,2024
"Kultur und Wissenschaft","Kultur","Einzel- und Gesamtförderung im Bereich Darstellende Kunst","1070",260000,1,2024
"Kultur und Wissenschaft","Kultur","Einzel- und Gesamtförderung im Bereich Darstellende Kunst","1070",26000,1,2024
"Kultur und Wissenschaft","Kultur","Einzel- und Gesamtförderung im Bereich Darstellende Kunst","1070",740000,1,2024
"Kultur und Wissenschaft","Kultur","Einzel- und Gesamtförderung im Bereich Darstellende Kunst","1070",80000,1,2024
"Kultur und Wissenschaft","Kultur","Einzel- und Gesamtförderung im Bereich Darstellende Kunst","1040",80000,1,2024
"Kultur und Wissenschaft","Kultur","Einzel- und Gesamtförderung im Bereich Darstellende Kunst","1040",8000,1,2024
"Kultur und Wissenschaft","Kultur","Einzel- und Gesamtförderung im Bereich Wissenschaft und Forschung","1090",5000,1,2024
"Kultur und Wissenschaft","Kultur","Kinoreferenzförderung","1050",20000,1,2024
"Kultur und Wissenschaft","Kultur","Einzel- und Gesamtförderung im Bereich Darstellende Kunst","1070",1e+05,1,2024
"Kultur und Wissenschaft","Kultur","Einzel- und Gesamtförderung im Bereich Darstellende Kunst","1070",10000,1,2024
"Kultur und Wissenschaft","Kultur","Einzel- und Gesamtförderung im Bereich Wissenschaft und Forschung","1090",3000,1,2024
"Kultur und Wissenschaft","Kultur","Einzel- und Gesamtförderung im Bereich Darstellende Kunst","1090",90000,1,2024
"Kultur und Wissenschaft","Kultur","Einzel- und Gesamtförderung im Bereich Darstellende Kunst","1090",10000,1,2024
"Kultur und Wissenschaft","Kultur","Einzel- und Gesamtförderung im Bereich Darstellende Kunst","1090",250000,1,2024
"Kultur und Wissenschaft","Kultur","Einzel- und Gesamtförderung im Bereich Darstellende Kunst","1090",25000,1,2024
"Kultur und Wissenschaft","Kultur","Wiener Altstadterhaltungsfonds","1010",119367.47,1,2024
"Kultur und Wissenschaft","Kultur","Einzel- und Gesamtförderung im Bereich Darstellende Kunst","1040",150000,1,2024
"Kultur und Wissenschaft","Kultur","Einzel- und Gesamtförderung im Bereich Darstellende Kunst","1040",15000,1,2024
"Kultur und Wissenschaft","Kultur","Einzel- und Gesamtförderung im Bereich Darstellende Kunst","1050",240000,1,2024
"Kultur und Wissenschaft","Kultur","Einzel- und Gesamtförderung im Bereich Darstellende Kunst","1050",24000,1,2024
"Kultur und Wissenschaft","Kultur","Einzel- und Gesamtförderung im Bereich Darstellende Kunst","1160",3e+05,1,2024
"Kultur und Wissenschaft","Kultur","Einzel- und Gesamtförderung im Bereich Darstellende Kunst","1160",80000,1,2024
"Kultur und Wissenschaft","Kultur","Einzel- und Gesamtförderung im Bereich Darstellende Kunst","1060",1e+05,1,2024
"Kultur und Wissenschaft","Kultur","Einzel- und Gesamtförderung im Bereich Darstellende Kunst","1060",10000,1,2024
"Kultur und Wissenschaft","Kultur","Einzel- und Gesamtförderung im Bereich Darstellende Kunst","1020",140000,1,2024
"Kultur und Wissenschaft","Kultur","Einzel- und Gesamtförderung im Bereich Darstellende Kunst","1020",14000,1,2024
"Kultur und Wissenschaft","Kultur","Einzel- und Gesamtförderung im Bereich Wissenschaft und Forschung","1070",2000,1,2024
"Kultur und Wissenschaft","Kultur","Wissenschaftsstipendium","1080",4000,1,2024
"Kultur und Wissenschaft","Kultur","Einzel- und Gesamtförderung im Bereich Darstellende Kunst","1120",20000,1,2024
"Kultur und Wissenschaft","Kultur","Einzel- und Gesamtförderung im Bereich Darstellende Kunst","1120",2e+05,1,2024
"Kultur und Wissenschaft","Kultur","Einzel- und Gesamtförderung im Bereich Darstellende Kunst","1070",320000,1,2024
"Kultur und Wissenschaft","Kultur","Einzel- und Gesamtförderung im Bereich Darstellende Kunst","1070",32000,1,2024
"Kultur und Wissenschaft","Kultur","Einzel- und Gesamtförderung im Bereich Kulturinitiativen","1070",3000,1,2024
"Kultur und Wissenschaft","Kultur","Bau- und Investitonskostenzuschuss","1150",12000,1,2024
"Kultur und Wissenschaft","Kultur","Einzel- und Gesamtförderung im Bereich Literatur","1100",5000,1,2024
"Kultur und Wissenschaft","Kultur","Einzel- und Gesamtförderung im Bereich Wissenschaft und Forschung","1060",5e+05,1,2024
"Kultur und Wissenschaft","Kultur","Einzel- und Gesamtförderung im Bereich Darstellende Kunst","1190",190000,1,2024
"Kultur und Wissenschaft","Kultur","Einzel- und Gesamtförderung im Bereich Darstellende Kunst","1190",19000,1,2024
"Kultur und Wissenschaft","Kultur","Einzel- und Gesamtförderung im Bereich Darstellende Kunst","1070",220000,1,2024
"Kultur und Wissenschaft","Kultur","Einzel- und Gesamtförderung im Bereich Darstellende Kunst","1070",22000,1,2024
"Kultur und Wissenschaft","Kultur","Einzel- und Gesamtförderung im Bereich Darstellende Kunst","1180",130000,1,2024
"Kultur und Wissenschaft","Kultur","Einzel- und Gesamtförderung im Bereich Darstellende Kunst","1180",13000,1,2024
"Kultur und Wissenschaft","Kultur","Einzel- und Gesamtförderung im Bereich Darstellende Kunst","1050",150000,1,2024
"Kultur und Wissenschaft","Kultur","Einzel- und Gesamtförderung im Bereich Darstellende Kunst","1050",15000,1,2024
"Kultur und Wissenschaft","Kultur","Einzel- und Gesamtförderung im Bereich Darstellende Kunst","1120",120000,1,2024
"Kultur und Wissenschaft","Kultur","Einzel- und Gesamtförderung im Bereich Darstellende Kunst","1120",12000,1,2024
"Kultur und Wissenschaft","Kultur","Einzel- und Gesamtförderung im Bereich Darstellende Kunst","1090",130000,1,2024
"Kultur und Wissenschaft","Kultur","Einzel- und Gesamtförderung im Bereich Darstellende Kunst","1090",13000,1,2024
"Kultur und Wissenschaft","Kultur","Einzel- und Gesamtförderung im Bereich Darstellende Kunst","1090",290000,1,2024
"Kultur und Wissenschaft","Kultur","Einzel- und Gesamtförderung im Bereich Darstellende Kunst","1090",29000,1,2024
"Kultur und Wissenschaft","Kultur","Einzel- und Gesamtförderung im Bereich Wissenschaft und Forschung","1090",7e+05,1,2024
"Kultur und Wissenschaft","Kultur","Einzel- und Gesamtförderung im Bereich Wissenschaft und Forschung","1090",1e+05,1,2024
"Kultur und Wissenschaft","Kultur","Einzel- und Gesamtförderung im Bereich Wissenschaft und Forschung","1070",5000,1,2024
"Kultur und Wissenschaft","Kultur","Einzel- und Gesamtförderung im Bereich Kulturinitiativen","1150",3000,1,2024
"Kultur und Wissenschaft","Kultur","Bau- und Investitonskostenzuschuss","1200",18000,1,2024
"Kultur und Wissenschaft","Kultur","Einzel- und Gesamtförderung im Bereich Kulturinitiativen","1100",1500,1,2024
"Kultur und Wissenschaft","Kultur","Einzel- und Gesamtförderung im Bereich Kulturinitiativen","1100",3000,1,2024
"Kultur und Wissenschaft","Kultur","Bau- und Investitonskostenzuschuss","1200",125000,1,2024
"Kultur und Wissenschaft","Kultur","Kinoreferenzförderung","1070",20000,1,2024
"Kultur und Wissenschaft","Kultur","Einzel- und Gesamtförderung im Bereich Kino","1070",20000,1,2024
"Kultur und Wissenschaft","Kultur","Kompositionsförderung","1200",1000,1,2024
"Kultur und Wissenschaft","Kultur","Kinoreferenzförderung","1070",20000,1,2024
"Kultur und Wissenschaft","Kultur","Kinoreferenzförderung","1070",20000,1,2024
"Kultur und Wissenschaft","Kultur","Kinoreferenzförderung","1070",20000,1,2024
"Kultur und Wissenschaft","Kultur","Einzel- und Gesamtförderung im Bereich Literatur","1060",41000,1,2024
"Kultur und Wissenschaft","Kultur","Einzel- und Gesamtförderung im Bereich Kino","1070",20000,1,2024
"Kultur und Wissenschaft","Kultur","Einzel- und Gesamtförderung im Bereich Kino","1070",20000,1,2024
"Kultur und Wissenschaft","Kultur","Einzel- und Gesamtförderung im Bereich Wissenschaft und Forschung","1170",4000,1,2024
"Kultur und Wissenschaft","Kultur","Einzel- und Gesamtförderung im Bereich Kulturinitiativen","1030",2000,1,2024
"Kultur und Wissenschaft","Kultur","Kinoreferenzförderung","1010",20000,1,2024
"Kultur und Wissenschaft","Kultur","Einzel- und Gesamtförderung im Bereich Kino","1010",20000,1,2024
"Kultur und Wissenschaft","Kultur","Einzel- und Gesamtförderung im Bereich Kulturinitiativen","1100",3000,1,2024
"Kultur und Wissenschaft","Kultur","Bau- und Investitonskostenzuschuss","1060",88000,1,2024
"Kultur und Wissenschaft","Kultur","Publikationsförderung","1030",2000,1,2024
"Kultur und Wissenschaft","Kultur","Einzel- und Gesamtförderung im Bereich Darstellende Kunst","1030",1100000,1,2024
"Kultur und Wissenschaft","Kultur","Einzel- und Gesamtförderung im Bereich Darstellende Kunst","1030",2e+05,1,2024
"Kultur und Wissenschaft","Kultur","Einzel- und Gesamtförderung im Bereich Kulturinitiativen","1030",2000,1,2024
"Kultur und Wissenschaft","Kultur","Einzel- und Gesamtförderung im Bereich Wissenschaft und Forschung","1230",4000,1,2024
"Kultur und Wissenschaft","Kultur","Kinoreferenzförderung","1060",20000,1,2024
"Kultur und Wissenschaft","Kultur","Kinoreferenzförderung","1100",20000,1,2024
"Kultur und Wissenschaft","Kultur","Kinoreferenzförderung","1100",20000,1,2024
"Kultur und Wissenschaft","Kultur","Einzel- und Gesamtförderung im Bereich Wissenschaft und Forschung","1090",1000,1,2024
"Kultur und Wissenschaft","Kultur","Publikationsförderung","1010",2000,1,2024
"Kultur und Wissenschaft","Kultur","Einzel- und Gesamtförderung im Bereich Darstellende Kunst","1020",6e+05,1,2024
"Kultur und Wissenschaft","Kultur","Einzel- und Gesamtförderung im Bereich Darstellende Kunst","1020",80000,1,2024
"Kultur und Wissenschaft","Kultur","Einzel- und Gesamtförderung im Bereich Kulturinitiativen","1120",2000,1,2024
"Kultur und Wissenschaft","Kultur","Einzel- und Gesamtförderung im Bereich Musik","1150",6000,1,2024
"Kultur und Wissenschaft","Kultur","Einzel- und Gesamtförderung im Bereich Kino","1040",20000,1,2024
"Kultur und Wissenschaft","Kultur","Bau- und Investitonskostenzuschuss","1110",27000,1,2024
"Kultur und Wissenschaft","Kultur","Einzel- und Gesamtförderung im Bereich Kino","1040",20000,1,2024
"Kultur und Wissenschaft","Kultur","Bau- und Investitonskostenzuschuss","1030",15000,1,2024
"Kultur und Wissenschaft","Kultur","Kinoreferenzförderung","1040",20000,1,2024
"Kultur und Wissenschaft","Kultur","Kinoreferenzförderung","1140",20000,1,2024
"Kultur und Wissenschaft","Kultur","Kinoreferenzförderung","1040",20000,1,2024
"Kultur und Wissenschaft","Kultur","Einzel- und Gesamtförderung im Bereich Kino","1140",20000,1,2024
"Kultur und Wissenschaft","Kultur","Einzel- und Gesamtförderung im Bereich Bildende Kunst und Medienkunst","1100",3000,1,2024
"Kultur und Wissenschaft","Kultur","Einzel- und Gesamtförderung im Bereich Wissenschaft und Forschung","2391",4000,1,2024
"Kultur und Wissenschaft","Kultur","Kunstankauf","1150",12995,1,2024
"Kultur und Wissenschaft","Kultur","Wiener Altstadterhaltungsfonds","1010",109999.49,1,2024
"Kultur und Wissenschaft","Kultur","Einzel- und Gesamtförderung im Bereich Bildende Kunst und Medienkunst","1100",50000,1,2024
"Kultur und Wissenschaft","Kultur","Publikationsförderung","1160",1000,1,2024
"Kultur und Wissenschaft","Kultur","Einzel- und Gesamtförderung im Bereich Wissenschaft und Forschung","1070",2000,1,2024
"Kultur und Wissenschaft","Kultur","Einzel- und Gesamtförderung im Bereich Literatur","1190",1500,1,2024
"Kultur und Wissenschaft","Kultur","Einzel- und Gesamtförderung im Bereich Wissenschaft und Forschung","1010",15000,1,2024
"Kultur und Wissenschaft","Kultur","Einzel- und Gesamtförderung im Bereich Bildende Kunst und Medienkunst","1010",216000,1,2024
"Kultur und Wissenschaft","Kultur","Publikationsförderung","1140",1000,1,2024
"Kultur und Wissenschaft","Kultur","Einzel- und Gesamtförderung im Bereich Wissenschaft und Forschung","1010",2500,1,2024
"Kultur und Wissenschaft","Kultur","Wissenschaftsstipendium","1180",4000,1,2024
"Kultur und Wissenschaft","Kultur","Einzel- und Gesamtförderung im Bereich Darstellende Kunst","1170",41000,1,2024
"Kultur und Wissenschaft","Kultur","Kompositionsförderung","1160",2000,1,2024
"Kultur und Wissenschaft","Kultur","Einzel- und Gesamtförderung im Bereich Wissenschaft und Forschung","1010",44000,1,2024
"Kultur und Wissenschaft","Kultur","Einzel- und Gesamtförderung im Bereich Wissenschaft und Forschung","1100",3000,1,2024
"Kultur und Wissenschaft","Kultur","Einzel- und Gesamtförderung im Bereich Literatur","1180",3000,1,2024
"Kultur und Wissenschaft","Kultur","Einzel- und Gesamtförderung im Bereich Darstellende Kunst","1090",210000,1,2024
"Kultur und Wissenschaft","Kultur","Kompositionsförderung","1020",2000,1,2024
"Kultur und Wissenschaft","Kultur","Einzel- und Gesamtförderung im Bereich Literatur","1050",3000,1,2024
"Kultur und Wissenschaft","Kultur","Kompositionsförderung","1070",1500,1,2024
"Kultur und Wissenschaft","Kultur","Einzel- und Gesamtförderung im Bereich Kulturinitiativen","1220",2000,1,2024
"Kultur und Wissenschaft","Kultur","Einzel- und Gesamtförderung im Bereich Kulturinitiativen","1040",2000,1,2024
"Kultur und Wissenschaft","Kultur","Einzel- und Gesamtförderung im Bereich Literatur","1120",2500,1,2024
"Kultur und Wissenschaft","Kultur","Förderung von Institutionen im Bereich Darstellende Kunst","1090",2e+05,1,2024
"Kultur und Wissenschaft","Kultur","Einzel- und Gesamtförderung im Bereich Darstellende Kunst","1090",1750000,1,2024
"Kultur und Wissenschaft","Kultur","Einzel- und Gesamtförderung im Bereich Literatur","1130",5000,1,2024
"Kultur und Wissenschaft","Kultur","Einzel- und Gesamtförderung im Bereich Wissenschaft und Forschung","1010",6000,1,2024
"Kultur und Wissenschaft","Kultur","Kompositionsförderung","1020",4000,1,2024
"Kultur und Wissenschaft","Kultur","Einzel- und Gesamtförderung im Bereich Wissenschaft und Forschung","1020",3000,1,2024
"Kultur und Wissenschaft","Kultur","Einzel- und Gesamtförderung im Bereich Kulturinitiativen","1170",2000,1,2024
"Kultur und Wissenschaft","Kultur","Publikationsförderung","5020",2000,1,2024
"Kultur und Wissenschaft","Kultur","Einzel- und Gesamtförderung im Bereich Wissenschaft und Forschung","1150",4000,1,2024
"Kultur und Wissenschaft","Kultur","Publikationsförderung","1040",5000,1,2024
"Kultur und Wissenschaft","Kultur","Einzel- und Gesamtförderung im Bereich Wissenschaft und Forschung","1010",3000,1,2024
"Kultur und Wissenschaft","Kultur","Einzel- und Gesamtförderung im Bereich Literatur","1150",1500,1,2024
"Kultur und Wissenschaft","Kultur","Publikationsförderung","1050",1000,1,2024
"Kultur und Wissenschaft","Kultur","Einzel- und Gesamtförderung im Bereich Wissenschaft und Forschung","1010",3000,1,2024
"Kultur und Wissenschaft","Kultur","Kompositionsförderung","1040",1500,1,2024
"Kultur und Wissenschaft","Kultur","Kompositionsförderung","1200",1200,1,2024
"Kultur und Wissenschaft","Kultur","Einzel- und Gesamtförderung im Bereich Literatur","1070",12000,1,2024
"Kultur und Wissenschaft","Kultur","Einzel- und Gesamtförderung im Bereich Kulturinitiativen","1140",5000,1,2024
"Kultur und Wissenschaft","Kultur","Einzel- und Gesamtförderung im Bereich Literatur","1020",9100,1,2024
"Kultur und Wissenschaft","Kultur","Publikationsförderung","8043",2000,1,2024
"Kultur und Wissenschaft","Kultur","Kompositionsförderung","1130",1000,1,2024
"Kultur und Wissenschaft","Kultur","Einzel- und Gesamtförderung im Bereich Literatur","1010",1000,1,2024
"Kultur und Wissenschaft","Kultur","Einzel- und Gesamtförderung im Bereich Literatur","1010",155000,1,2024
"Kultur und Wissenschaft","Kultur","Wissenschaftsstipendium","1190",3500,1,2024
"Kultur und Wissenschaft","Kultur","Wiener Altstadterhaltungsfonds","1010",105911.33,1,2024
"Kultur und Wissenschaft","Kultur","Publikationsförderung","9020",2000,1,2024
"Kultur und Wissenschaft","Kultur","Kompositionsförderung","1090",800,1,2024
"Kultur und Wissenschaft","Kultur","Kompositionsförderung","1200",1500,1,2024
"Kultur und Wissenschaft","Kultur","Einzel- und Gesamtförderung im Bereich Literatur","1150",4500,1,2024
"Kultur und Wissenschaft","Kultur","Kompositionsförderung","1050",1000,1,2024
"Kultur und Wissenschaft","Kultur","Kompositionsförderung","1100",1000,1,2024
"Kultur und Wissenschaft","Kultur","Kompositionsförderung","1120",1000,1,2024
"Kultur und Wissenschaft","Kultur","Kompositionsförderung","1100",1000,1,2024
"Kultur und Wissenschaft","Kultur","Kompositionsförderung","1090",1000,1,2024
"Kultur und Wissenschaft","Kultur","Kompositionsförderung","1180",1000,1,2024
"Kultur und Wissenschaft","Kultur","Kompositionsförderung","1170",2000,1,2024
"Kultur und Wissenschaft","Kultur","Kompositionsförderung","1020",1000,1,2024
"Kultur und Wissenschaft","Kultur","Kompositionsförderung","1080",1000,1,2024
"Kultur und Wissenschaft","Kultur","Publikationsförderung","1170",5000,1,2024
"Kultur und Wissenschaft","Kultur","Einzel- und Gesamtförderung im Bereich Literatur","1070",3000,1,2024
"Kultur und Wissenschaft","Kultur","Einzel- und Gesamtförderung im Bereich Bildende Kunst und Medienkunst","1100",1000,1,2024
"Kultur und Wissenschaft","Kultur","Einzel- und Gesamtförderung im Bereich Literatur","1090",1500,1,2024
"Kultur und Wissenschaft","Kultur","Einzel- und Gesamtförderung im Bereich Literatur","1090",1500,1,2024
"Kultur und Wissenschaft","Kultur","Einzel- und Gesamtförderung im Bereich Bildende Kunst und Medienkunst","1150",4950,1,2024
"Kultur und Wissenschaft","Kultur","Kompositionsförderung","1090",3200,1,2024
"Kultur und Wissenschaft","Kultur","Publikationsförderung","1030",4000,1,2024
"Kultur und Wissenschaft","Kultur","Kompositionsförderung","1040",1000,1,2024
"Kultur und Wissenschaft","Kultur","Kompositionsförderung","1220",2000,1,2024
"Kultur und Wissenschaft","Kultur","Kompositionsförderung","1170",1000,1,2024
"Kultur und Wissenschaft","Kultur","Einzel- und Gesamtförderung im Bereich Literatur","1040",32000,1,2024
"Kultur und Wissenschaft","Kultur","Kompositionsförderung","1160",1000,1,2024
"Kultur und Wissenschaft","Kultur","Kompositionsförderung","1060",1000,1,2024
"Kultur und Wissenschaft","Kultur","Publikationsförderung","1090",2000,1,2024
"Kultur und Wissenschaft","Kultur","Kompositionsförderung","1160",1000,1,2024
"Kultur und Wissenschaft","Kultur","Kompositionsförderung","1120",1000,1,2024
"Kultur und Wissenschaft","Kultur","Kompositionsförderung","1060",1000,1,2024
"Kultur und Wissenschaft","Kultur","Kompositionsförderung","1120",1500,1,2024
"Kultur und Wissenschaft","Kultur","Kompositionsförderung","1130",600,1,2024
"Kultur und Wissenschaft","Kultur","Kompositionsförderung","1150",1500,1,2024
"Kultur und Wissenschaft","Kultur","Kompositionsförderung","1180",1000,1,2024
"Kultur und Wissenschaft","Kultur","Kompositionsförderung","1160",1000,1,2024
"Kultur und Wissenschaft","Kultur","Kompositionsförderung","1070",1000,1,2024
"Kultur und Wissenschaft","Kultur","Einzel- und Gesamtförderung im Bereich Wissenschaft und Forschung","1040",3500,1,2024
"Kultur und Wissenschaft","Kultur","Kompositionsförderung","1060",1500,1,2024
"Kultur und Wissenschaft","Kultur","Kompositionsförderung","1030",1300,1,2024
"Kultur und Wissenschaft","Kultur","Kompositionsförderung","1030",1500,1,2024
"Kultur und Wissenschaft","Kultur","Kompositionsförderung","1170",1000,1,2024
"Kultur und Wissenschaft","Kultur","Kompositionsförderung","1020",800,1,2024
"Kultur und Wissenschaft","Kultur","Kompositionsförderung","1070",1500,1,2024
"Kultur und Wissenschaft","Kultur","Kompositionsförderung","1060",1000,1,2024
"Kultur und Wissenschaft","Kultur","Kompositionsförderung","1050",2000,1,2024
"Kultur und Wissenschaft","Kultur","Einzel- und Gesamtförderung im Bereich Wissenschaft und Forschung","1100",1000,1,2024
"Kultur und Wissenschaft","Kultur","Einzel- und Gesamtförderung im Bereich Literatur","1020",3500,1,2024
"Kultur und Wissenschaft","Kultur","Einzel- und Gesamtförderung im Bereich Literatur","1020",3000,1,2024
"Kultur und Wissenschaft","Kultur","Einzel- und Gesamtförderung im Bereich Wissenschaft und Forschung","1180",4500,1,2024
"Kultur und Wissenschaft","Kultur","Einzel- und Gesamtförderung im Bereich Literatur","1010",3000,1,2024
"Kultur und Wissenschaft","Kultur","Kompositionsförderung","1040",1500,1,2024
"Kultur und Wissenschaft","Kultur","Kompositionsförderung","1230",2000,1,2024
"Kultur und Wissenschaft","Kultur","Kompositionsförderung","1180",1000,1,2024
"Kultur und Wissenschaft","Kultur","Einzel- und Gesamtförderung im Bereich Literatur","1020",2000,1,2024
"Kultur und Wissenschaft","Kultur","Einzel- und Gesamtförderung im Bereich Literatur","1070",3000,1,2024
"Kultur und Wissenschaft","Kultur","Einzel- und Gesamtförderung im Bereich Literatur","1130",4000,1,2024
"Kultur und Wissenschaft","Kultur","Kompositionsförderung","1060",1000,1,2024
"Kultur und Wissenschaft","Kultur","Kompositionsförderung","1040",1000,1,2024
"Kultur und Wissenschaft","Kultur","Kompositionsförderung","1230",2500,1,2024
"Kultur und Wissenschaft","Kultur","Kompositionsförderung","1050",2000,1,2024
"Kultur und Wissenschaft","Kultur","Kompositionsförderung","1200",2000,1,2024
"Kultur und Wissenschaft","Kultur","Einzel- und Gesamtförderung im Bereich Wissenschaft und Forschung","1020",3000,1,2024
"Kultur und Wissenschaft","Kultur","Wiener Altstadterhaltungsfonds","1010",298938.24,1,2024
"Kultur und Wissenschaft","Kultur","Einzel- und Gesamtförderung im Bereich Kulturinitiativen","1090",2000,1,2024
"Kultur und Wissenschaft","Kultur","Einzel- und Gesamtförderung im Bereich Darstellende Kunst","1090",35000,1,2024
"Kultur und Wissenschaft","Kultur","Einzel- und Gesamtförderung im Bereich Bildende Kunst und Medienkunst","1150",4000,1,2024
"Kultur und Wissenschaft","Kultur","Einzel- und Gesamtförderung im Bereich Bildende Kunst und Medienkunst","1030",3000,1,2024
"Kultur und Wissenschaft","Kultur","Einzel- und Gesamtförderung im Bereich Wissenschaft und Forschung","1020",530000,1,2024
"Kultur und Wissenschaft","Kultur","Einzel- und Gesamtförderung im Bereich Wissenschaft und Forschung","1050",3500,1,2024
"Kultur und Wissenschaft","Kultur","Einzel- und Gesamtförderung im Bereich Wissenschaft und Forschung","1080",4000,1,2024
"Kultur und Wissenschaft","Kultur","Wissenschaftsstipendium","1090",4000,1,2024
"Kultur und Wissenschaft","Kultur","Einzel- und Gesamtförderung im Bereich Bildende Kunst und Medienkunst","1120",4000,1,2024
"Kultur und Wissenschaft","Kultur","Einzel- und Gesamtförderung im Bereich Literatur","1020",3500,1,2024
"Kultur und Wissenschaft","Kultur","Einzel- und Gesamtförderung im Bereich Kulturinitiativen","1100",1500,1,2024
"Kultur und Wissenschaft","Kultur","Einzel- und Gesamtförderung im Bereich Bildende Kunst und Medienkunst","1080",5000,1,2024
"Kultur und Wissenschaft","Kultur","Einzel- und Gesamtförderung im Bereich Kulturinitiativen","1010",30000,1,2024
"Kultur und Wissenschaft","Kultur","Einzel- und Gesamtförderung im Bereich Bildende Kunst und Medienkunst","1090",2000,1,2024
"Kultur und Wissenschaft","Kultur","Einzel- und Gesamtförderung im Bereich Film, Mode und Design","1070",5000,1,2024
"Kultur und Wissenschaft","Kultur","Einzel- und Gesamtförderung im Bereich Wissenschaft und Forschung","1040",12000,1,2024
"Kultur und Wissenschaft","Kultur","Publikationsförderung","1030",3000,1,2024
"Kultur und Wissenschaft","Kultur","Publikationsförderung","6020",4000,1,2024
"Kultur und Wissenschaft","Kultur","Einzel- und Gesamtförderung im Bereich Bildende Kunst und Medienkunst","1190",2000,1,2024
"Kultur und Wissenschaft","Kultur","Einzel- und Gesamtförderung im Bereich Bildende Kunst und Medienkunst","1060",10000,1,2024
"Kultur und Wissenschaft","Kultur","Einzel- und Gesamtförderung im Bereich Wissenschaft und Forschung","1040",80000,1,2024
"Kultur und Wissenschaft","Kultur","Einzel- und Gesamtförderung im Bereich Wissenschaft und Forschung","1060",10000,1,2024
"Kultur und Wissenschaft","Kultur","Publikationsförderung","6020",2000,1,2024
"Kultur und Wissenschaft","Kultur","Bau- und Investitonskostenzuschuss","1080",2e+05,1,2024
"Kultur und Wissenschaft","Kultur","Publikationsförderung","1010",2000,1,2024
"Kultur und Wissenschaft","Kultur","Publikationsförderung","1080",12000,1,2024
"Kultur und Wissenschaft","Kultur","Publikationsförderung","1090",8000,1,2024
"Kultur und Wissenschaft","Kultur","Publikationsförderung","6020",6000,1,2024
"Kultur und Wissenschaft","Kultur","Einzel- und Gesamtförderung im Bereich Wissenschaft und Forschung","1090",3500,1,2024
"Kultur und Wissenschaft","Kultur","Einzel- und Gesamtförderung im Bereich Wissenschaft und Forschung","1040",10000,1,2024
"Kultur und Wissenschaft","Kultur","Einzel- und Gesamtförderung im Bereich Musik","1020",40000,1,2024
"Kultur und Wissenschaft","Kultur","Bau- und Investitonskostenzuschuss","1010",50000,1,2024
"Kultur und Wissenschaft","Kultur","Einzel- und Gesamtförderung im Bereich Bildende Kunst und Medienkunst","1160",3000,1,2024
"Kultur und Wissenschaft","Kultur","Einzel- und Gesamtförderung im Bereich Darstellende Kunst","1080",11100000,1,2024
"Kultur und Wissenschaft","Kultur","Publikationsförderung","1120",3000,1,2024
"Kultur und Wissenschaft","Kultur","Publikationsförderung","1090",3000,1,2024
"Kultur und Wissenschaft","Kultur","Wiener Altstadterhaltungsfonds","1010",265649.53,1,2024
"Kultur und Wissenschaft","Kultur","Einzel- und Gesamtförderung im Bereich Wissenschaft und Forschung","1080",10000,1,2024
"Kultur und Wissenschaft","Kultur","Einzel- und Gesamtförderung im Bereich Bildende Kunst und Medienkunst","1190",1000,1,2024
"Kultur und Wissenschaft","Kultur","Einzel- und Gesamtförderung im Bereich Kulturinitiativen","1180",3000,1,2024
"Kultur und Wissenschaft","Kultur","Bau- und Investitonskostenzuschuss","1160",17000,1,2024
"Kultur und Wissenschaft","Kultur","Einzel- und Gesamtförderung im Bereich Bildende Kunst und Medienkunst","1070",3250,1,2024
"Kultur und Wissenschaft","Kultur","Einzel- und Gesamtförderung im Bereich Wissenschaft und Forschung","1090",4000,1,2024
"Kultur und Wissenschaft","Kultur","Einzel- und Gesamtförderung im Bereich Bildende Kunst und Medienkunst","1050",2000,1,2024
"Kultur und Wissenschaft","Kultur","Einzel- und Gesamtförderung im Bereich Wissenschaft und Forschung","1020",10000,1,2024
"Kultur und Wissenschaft","Kultur","Publikationsförderung","8020",10000,1,2024
"Kultur und Wissenschaft","Kultur","Publikationsförderung","5023",7000,1,2024
"Kultur und Wissenschaft","Kultur","Publikationsförderung","1080",20000,1,2024
"Kultur und Wissenschaft","Kultur","Wissenschaftsstipendium","1120",4500,1,2024
"Kultur und Wissenschaft","Kultur","Publikationsförderung","1100",2000,1,2024
"Kultur und Wissenschaft","Kultur","Publikationsförderung","1080",11700,1,2024
"Kultur und Wissenschaft","Kultur","Wissenschaftsstipendium","1030",10000,1,2024
"Kultur und Wissenschaft","Kultur","Einzel- und Gesamtförderung im Bereich Wissenschaft und Forschung","1200",8500,1,2024
"Kultur und Wissenschaft","Kultur","Einzel- und Gesamtförderung im Bereich Darstellende Kunst","1070",125000,1,2024
"Kultur und Wissenschaft","Kultur","Einzel- und Gesamtförderung im Bereich Wissenschaft und Forschung","1050",4000,1,2024
"Kultur und Wissenschaft","Kultur","Publikationsförderung","1120",10000,1,2024
"Kultur und Wissenschaft","Kultur","Publikationsförderung","1010",15000,1,2024
"Kultur und Wissenschaft","Kultur","Einzel- und Gesamtförderung im Bereich Wissenschaft und Forschung","1070",15000,1,2024
"Kultur und Wissenschaft","Kultur","Publikationsförderung","1080",1000,1,2024
"Kultur und Wissenschaft","Kultur","Einzel- und Gesamtförderung im Bereich Bildende Kunst und Medienkunst","1020",1000,1,2024
"Kultur und Wissenschaft","Kultur","Einzel- und Gesamtförderung im Bereich Wissenschaft und Forschung","1180",4000,1,2024
"Kultur und Wissenschaft","Kultur","Publikationsförderung","1200",5000,1,2024
"Kultur und Wissenschaft","Kultur","Einzel- und Gesamtförderung im Bereich Bildende Kunst und Medienkunst","1160",3000,1,2024
"Kultur und Wissenschaft","Kultur","Publikationsförderung","1150",1000,1,2024
"Kultur und Wissenschaft","Kultur","Publikationsförderung","1090",4000,1,2024
"Kultur und Wissenschaft","Kultur","Publikationsförderung","9020",2000,1,2024
"Kultur und Wissenschaft","Kultur","Einzel- und Gesamtförderung im Bereich Bildende Kunst und Medienkunst","1050",1000,1,2024
"Kultur und Wissenschaft","Kultur","Einzel- und Gesamtförderung im Bereich Wissenschaft und Forschung","1090",790000,1,2024
"Kultur und Wissenschaft","Kultur","Einzel- und Gesamtförderung im Bereich Bildende Kunst und Medienkunst","1020",2800,1,2024
"Kultur und Wissenschaft","Kultur","Einzel- und Gesamtförderung im Bereich Wissenschaft und Forschung","1040",10000,1,2024
"Kultur und Wissenschaft","Kultur","Publikationsförderung","1040",6000,1,2024
"Kultur und Wissenschaft","Kultur","Publikationsförderung","1010",17000,1,2024
"Kultur und Wissenschaft","Kultur","Wissenschaftsstipendium","1020",5000,1,2024
"Kultur und Wissenschaft","Kultur","Publikationsförderung","5020",5000,1,2024
"Kultur und Wissenschaft","Kultur","Publikationsförderung","1010",9000,1,2024
"Kultur und Wissenschaft","Kultur","Einzel- und Gesamtförderung im Bereich Kulturinitiativen","1030",3000,1,2024
"Kultur und Wissenschaft","Kultur","Einzel- und Gesamtförderung im Bereich Wissenschaft und Forschung","1080",4000,1,2024
"Kultur und Wissenschaft","Kultur","Publikationsförderung","6020",3000,1,2024
"Kultur und Wissenschaft","Kultur","Einzel- und Gesamtförderung im Bereich Bildende Kunst und Medienkunst","1150",3500,1,2024
"Kultur und Wissenschaft","Kultur","Publikationsförderung","1050",6000,1,2024
"Kultur und Wissenschaft","Kultur","Einzel- und Gesamtförderung im Bereich Wissenschaft und Forschung","1020",3000,1,2024
"Kultur und Wissenschaft","Kultur","Einzel- und Gesamtförderung im Bereich Darstellende Kunst","1230",3e+05,1,2024
"Kultur und Wissenschaft","Kultur","Publikationsförderung","1020",2000,1,2024
"Kultur und Wissenschaft","Kultur","Einzel- und Gesamtförderung im Bereich Bildende Kunst und Medienkunst","1060",5000,1,2024
"Kultur und Wissenschaft","Kultur","Einzel- und Gesamtförderung im Bereich Bildende Kunst und Medienkunst","1060",3000,1,2024
"Kultur und Wissenschaft","Kultur","Einzel- und Gesamtförderung im Bereich Wissenschaft und Forschung","1120",8000,1,2024
"Kultur und Wissenschaft","Kultur","Einzel- und Gesamtförderung im Bereich Wissenschaft und Forschung","1010",23000,1,2024
"Kultur und Wissenschaft","Kultur","Publikationsförderung","1090",2000,1,2024
"Kultur und Wissenschaft","Kultur","Einzel- und Gesamtförderung im Bereich Literatur","1210",2000,1,2024
"Kultur und Wissenschaft","Kultur","Einzel- und Gesamtförderung im Bereich Wissenschaft und Forschung","1010",40000,1,2024
"Kultur und Wissenschaft","Kultur","Einzel- und Gesamtförderung im Bereich Wissenschaft und Forschung","1050",12000,1,2024
"Kultur und Wissenschaft","Kultur","Einzel- und Gesamtförderung im Bereich Wissenschaft und Forschung","1210",12000,1,2024
"Kultur und Wissenschaft","Kultur","Einzel- und Gesamtförderung im Bereich Wissenschaft und Forschung","1020",4000,1,2024
"Kultur und Wissenschaft","Kultur","Publikationsförderung","9020",2000,1,2024
"Kultur und Wissenschaft","Kultur","Publikationsförderung","1190",2000,1,2024
"Kultur und Wissenschaft","Kultur","Publikationsförderung","1040",16000,1,2024
"Kultur und Wissenschaft","Kultur","Einzel- und Gesamtförderung im Bereich Bildende Kunst und Medienkunst","1220",3000,1,2024
"Kultur und Wissenschaft","Kultur","Einzel- und Gesamtförderung im Bereich Bildende Kunst und Medienkunst","1020",1000,1,2024
"Kultur und Wissenschaft","Kultur","Einzel- und Gesamtförderung im Bereich Wissenschaft und Forschung","1020",20000,1,2024
"Kultur und Wissenschaft","Kultur","Publikationsförderung","1020",2000,1,2024
"Kultur und Wissenschaft","Kultur","Einzel- und Gesamtförderung im Bereich Kulturinitiativen","1150",3000,1,2024
"Kultur und Wissenschaft","Kultur","Einzel- und Gesamtförderung im Bereich Bildende Kunst und Medienkunst","1050",4000,1,2024
"Kultur und Wissenschaft","Kultur","Einzel- und Gesamtförderung im Bereich Bildende Kunst und Medienkunst","1030",6000,1,2024
"Kultur und Wissenschaft","Kultur","Einzel- und Gesamtförderung im Bereich Bildende Kunst und Medienkunst","1030",12000,1,2024
"Kultur und Wissenschaft","Kultur","Einzel- und Gesamtförderung im Bereich Bildende Kunst und Medienkunst","1220",10000,1,2024
"Kultur und Wissenschaft","Kultur","Einzel- und Gesamtförderung im Bereich Wissenschaft und Forschung","1120",15000,1,2024
"Kultur und Wissenschaft","Kultur","Einzel- und Gesamtförderung im Bereich Bildende Kunst und Medienkunst","1050",10000,1,2024
"Kultur und Wissenschaft","Kultur","Einzel- und Gesamtförderung im Bereich Bildende Kunst und Medienkunst","1090",3000,1,2024
"Kultur und Wissenschaft","Kultur","Einzel- und Gesamtförderung im Bereich Bildende Kunst und Medienkunst","1050",1000,1,2024
"Kultur und Wissenschaft","Kultur","Wiener Altstadterhaltungsfonds","1220",120261.79,1,2024
"Kultur und Wissenschaft","Kultur","Einzel- und Gesamtförderung im Bereich Wissenschaft und Forschung","1010",4500,1,2024
"Kultur und Wissenschaft","Kultur","Publikationsförderung","1140",4000,1,2024
"Kultur und Wissenschaft","Kultur","Einzel- und Gesamtförderung im Bereich Kulturinitiativen","1010",2000,1,2024
"Kultur und Wissenschaft","Kultur","Projektstipendium Literatur","1220",1000,1,2024
"Kultur und Wissenschaft","Kultur","Einzel- und Gesamtförderung im Bereich Kulturinitiativen","1210",2000,1,2024
"Kultur und Wissenschaft","Kultur","Einzel- und Gesamtförderung im Bereich Wissenschaft und Forschung","1040",35000,1,2024
"Kultur und Wissenschaft","Kultur","Publikationsförderung","1090",14000,1,2024
"Kultur und Wissenschaft","Kultur","Einzel- und Gesamtförderung im Bereich Wissenschaft und Forschung","1010",50000,1,2024
"Kultur und Wissenschaft","Kultur","Projektstipendium Literatur","1150",1000,1,2024
"Kultur und Wissenschaft","Kultur","Einzel- und Gesamtförderung im Bereich Kulturinitiativen","1120",3000,1,2024
"Kultur und Wissenschaft","Kultur","Einzel- und Gesamtförderung im Bereich Wissenschaft und Forschung","1160",3500,1,2024
"Kultur und Wissenschaft","Kultur","Einzel- und Gesamtförderung im Bereich Kulturinitiativen","1160",1900,1,2024
"Kultur und Wissenschaft","Kultur","Einzel- und Gesamtförderung im Bereich Wissenschaft und Forschung","1010",4000,1,2024
"Kultur und Wissenschaft","Kultur","Einzel- und Gesamtförderung im Bereich Darstellende Kunst","1070",6000,1,2024
"Kultur und Wissenschaft","Kultur","Einzel- und Gesamtförderung im Bereich Wissenschaft und Forschung","1180",7000,1,2024
"Kultur und Wissenschaft","Kultur","Einzel- und Gesamtförderung im Bereich Wissenschaft und Forschung","1010",3000,1,2024
"Kultur und Wissenschaft","Kultur","Projektstipendium Literatur","1080",1000,1,2024
"Kultur und Wissenschaft","Kultur","Projektstipendium Literatur","1140",1000,1,2024
"Kultur und Wissenschaft","Kultur","Einzel- und Gesamtförderung im Bereich Literatur","1080",5000,1,2024
"Kultur und Wissenschaft","Kultur","Projektstipendium Literatur","1050",1000,1,2024
"Kultur und Wissenschaft","Kultur","Wissenschaftsstipendium","1170",10000,1,2024
"Kultur und Wissenschaft","Kultur","Einzel- und Gesamtförderung im Bereich Kulturinitiativen","1010",8000,1,2024
"Kultur und Wissenschaft","Kultur","Einzel- und Gesamtförderung im Bereich Musik","1230",1e+05,1,2024
"Kultur und Wissenschaft","Kultur","Einzel- und Gesamtförderung im Bereich Wissenschaft und Forschung","8010",2500,1,2024
"Kultur und Wissenschaft","Kultur","Einzel- und Gesamtförderung im Bereich Kulturinitiativen","1210",1500,1,2024
"Kultur und Wissenschaft","Kultur","Einzel- und Gesamtförderung im Bereich Film, Mode und Design","1080",5000,1,2024
"Kultur und Wissenschaft","Kultur","Projektstipendium Literatur","1120",1000,1,2024
"Kultur und Wissenschaft","Kultur","Einzel- und Gesamtförderung im Bereich Kulturinitiativen","1190",3000,1,2024
"Kultur und Wissenschaft","Kultur","Projektstipendium Literatur","1150",1000,1,2024
"Kultur und Wissenschaft","Kultur","Einzel- und Gesamtförderung im Bereich Wissenschaft und Forschung","1040",1500,1,2024
"Kultur und Wissenschaft","Kultur","Projektstipendium Literatur","1090",1000,1,2024
"Kultur und Wissenschaft","Kultur","Einzel- und Gesamtförderung im Bereich Film, Mode und Design","1030",4000,1,2024
"Kultur und Wissenschaft","Kultur","Einzel- und Gesamtförderung im Bereich Kulturinitiativen","1100",2000,1,2024
"Kultur und Wissenschaft","Kultur","Einzel- und Gesamtförderung im Bereich Kulturinitiativen","1220",2500,1,2024
"Kultur und Wissenschaft","Kultur","Projektstipendium Literatur","1200",1000,1,2024
"Kultur und Wissenschaft","Kultur","Einzel- und Gesamtförderung im Bereich Film, Mode und Design","1150",8000,1,2024
"Kultur und Wissenschaft","Kultur","Bau- und Investitonskostenzuschuss","1040",3000,1,2024
"Kultur und Wissenschaft","Kultur","Publikationsförderung","1010",8000,1,2024
"Kultur und Wissenschaft","Kultur","Einzel- und Gesamtförderung im Bereich Film, Mode und Design","1070",4000,1,2024
"Kultur und Wissenschaft","Kultur","Arbeitsstipendium Bildende Kunst und Medienkunst","1170",18000,1,2024
"Kultur und Wissenschaft","Kultur","Arbeitsstipendium Darstellende Kunst - Theater","1040",18000,1,2024
"Kultur und Wissenschaft","Kultur","Einzel- und Gesamtförderung im Bereich Kulturinitiativen","1110",2000,1,2024
"Kultur und Wissenschaft","Kultur","Projektstipendium Literatur","1080",1000,1,2024
"Kultur und Wissenschaft","Kultur","Einzel- und Gesamtförderung im Bereich Wissenschaft und Forschung","1090",10000,1,2024
"Kultur und Wissenschaft","Kultur","Arbeitsstipendium Literatur","1200",18000,1,2024
"Kultur und Wissenschaft","Kultur","Einzel- und Gesamtförderung im Bereich Film, Mode und Design","1060",30000,1,2024
"Kultur und Wissenschaft","Kultur","Projektstipendium Literatur","1010",1000,1,2024
"Kultur und Wissenschaft","Kultur","Arbeitsstipendium Literatur","1020",18000,1,2024
"Kultur und Wissenschaft","Kultur","Einzel- und Gesamtförderung im Bereich Film, Mode und Design","1150",6000,1,2024
"Kultur und Wissenschaft","Kultur","Einzel- und Gesamtförderung im Bereich Wissenschaft und Forschung","1090",30000,1,2024
"Kultur und Wissenschaft","Kultur","Projektstipendium Literatur","1200",1000,1,2024
"Kultur und Wissenschaft","Kultur","Projektstipendium Literatur","1110",1000,1,2024
"Kultur und Wissenschaft","Kultur","Einzel- und Gesamtförderung im Bereich Kulturinitiativen","1030",3000,1,2024
"Kultur und Wissenschaft","Kultur","Einzel- und Gesamtförderung im Bereich Kulturinitiativen","1220",2000,1,2024
"Kultur und Wissenschaft","Kultur","Einzel- und Gesamtförderung im Bereich Literatur","1020",4000,1,2024
"Kultur und Wissenschaft","Kultur","Einzel- und Gesamtförderung im Bereich Film, Mode und Design","1080",4000,1,2024
"Kultur und Wissenschaft","Kultur","Einzel- und Gesamtförderung im Bereich Wissenschaft und Forschung","1090",2000,1,2024
"Kultur und Wissenschaft","Kultur","Einzel- und Gesamtförderung im Bereich Wissenschaft und Forschung","1010",7000,1,2024
"Kultur und Wissenschaft","Kultur","Projektstipendium Literatur","1100",1000,1,2024
"Kultur und Wissenschaft","Kultur","Wissenschaftsstipendium","1200",4000,1,2024
"Kultur und Wissenschaft","Kultur","Einzel- und Gesamtförderung im Bereich Film, Mode und Design","1140",4000,1,2024
"Kultur und Wissenschaft","Kultur","Arbeitsstipendium Dramatik","1050",18000,1,2024
"Kultur und Wissenschaft","Kultur","Einzel- und Gesamtförderung im Bereich Kulturinitiativen","1120",3000,1,2024
"Kultur und Wissenschaft","Kultur","Projektstipendium Literatur","1100",1000,1,2024
"Kultur und Wissenschaft","Kultur","Einzel- und Gesamtförderung im Bereich Wissenschaft und Forschung","1010",2500,1,2024
"Kultur und Wissenschaft","Kultur","Einzel- und Gesamtförderung im Bereich Wissenschaft und Forschung","1080",3000,1,2024
"Kultur und Wissenschaft","Kultur","Projektstipendium Literatur","1140",1000,1,2024
"Kultur und Wissenschaft","Kultur","Förderung von Institutionen im Bereich Darstellende Kunst","1160",15000,1,2024
"Kultur und Wissenschaft","Kultur","Einzel- und Gesamtförderung im Bereich Musik","1070",70000,1,2024
"Kultur und Wissenschaft","Kultur","Projektstipendium Literatur","1060",1000,1,2024
"Kultur und Wissenschaft","Kultur","Kunstankauf","1020",5000,1,2024
"Kultur und Wissenschaft","Kultur","Projektstipendium Literatur","1070",1000,1,2024
"Kultur und Wissenschaft","Kultur","Einzel- und Gesamtförderung im Bereich Film, Mode und Design","1150",5000,1,2024
"Kultur und Wissenschaft","Kultur","Einzel- und Gesamtförderung im Bereich Film, Mode und Design","1060",5000,1,2024
"Kultur und Wissenschaft","Kultur","Projektstipendium Literatur","1080",1000,1,2024
"Kultur und Wissenschaft","Kultur","Einzel- und Gesamtförderung im Bereich Film, Mode und Design","1090",10000,1,2024
"Kultur und Wissenschaft","Kultur","Projektstipendium Literatur","1180",1000,1,2024
"Kultur und Wissenschaft","Kultur","Einzel- und Gesamtförderung im Bereich Film, Mode und Design","1030",50000,1,2024
"Kultur und Wissenschaft","Kultur","Arbeitsstipendium Bildende Kunst und Medienkunst","1050",18000,1,2024
"Kultur und Wissenschaft","Kultur","Projektstipendium Literatur","1200",1000,1,2024
"Kultur und Wissenschaft","Kultur","Einzel- und Gesamtförderung im Bereich Film, Mode und Design","1150",3000,1,2024
"Kultur und Wissenschaft","Kultur","Projektstipendium Literatur","1120",1000,1,2024
"Kultur und Wissenschaft","Kultur","Arbeitsstipendium Film","1150",18000,1,2024
"Kultur und Wissenschaft","Kultur","Einzel- und Gesamtförderung im Bereich Film, Mode und Design","1160",5000,1,2024
"Kultur und Wissenschaft","Kultur","Einzel- und Gesamtförderung im Bereich Literatur","1210",2000,1,2024
"Kultur und Wissenschaft","Kultur","Projektstipendium Literatur","1160",1000,1,2024
"Kultur und Wissenschaft","Kultur","Einzel- und Gesamtförderung im Bereich Film, Mode und Design","1040",10000,1,2024
"Kultur und Wissenschaft","Kultur","Einzel- und Gesamtförderung im Bereich Film, Mode und Design","1090",5000,1,2024
"Kultur und Wissenschaft","Kultur","Einzel- und Gesamtförderung im Bereich Wissenschaft und Forschung","1020",2500,1,2024
"Kultur und Wissenschaft","Kultur","Projektstipendium Literatur","1170",1000,1,2024
"Kultur und Wissenschaft","Kultur","Projektstipendium Literatur","1140",1000,1,2024
"Kultur und Wissenschaft","Kultur","Kompositionsförderung","1030",5000,1,2024
"Kultur und Wissenschaft","Kultur","Projektstipendium Literatur","1070",1000,1,2024
"Kultur und Wissenschaft","Kultur","Einzel- und Gesamtförderung im Bereich Bildende Kunst und Medienkunst","1070",56000,1,2024
"Kultur und Wissenschaft","Kultur","Einzel- und Gesamtförderung im Bereich Film, Mode und Design","1130",2000,1,2024
"Kultur und Wissenschaft","Kultur","Projektstipendium Literatur","1030",1000,1,2024
"Kultur und Wissenschaft","Kultur","Einzel- und Gesamtförderung im Bereich Film, Mode und Design","1120",5000,1,2024
"Kultur und Wissenschaft","Kultur","Arbeitsstipendium Darstellende Kunst - Performance","1100",18000,1,2024
"Kultur und Wissenschaft","Kultur","Projektstipendium Literatur","1150",1000,1,2024
"Kultur und Wissenschaft","Kultur","Einzel- und Gesamtförderung im Bereich Film, Mode und Design","1150",5000,1,2024
"Kultur und Wissenschaft","Kultur","Projektstipendium Literatur","1150",1000,1,2024
"Kultur und Wissenschaft","Kultur","Einzel- und Gesamtförderung im Bereich Film, Mode und Design","1050",7000,1,2024
"Kultur und Wissenschaft","Kultur","Projektstipendium Literatur","1040",1000,1,2024
"Kultur und Wissenschaft","Kultur","Arbeitsstipendium Dramatik","1170",18000,1,2024
"Kultur und Wissenschaft","Kultur","Projektstipendium Literatur","1200",1000,1,2024
"Kultur und Wissenschaft","Kultur","Einzel- und Gesamtförderung im Bereich Film, Mode und Design","1200",2000,1,2024
"Kultur und Wissenschaft","Kultur","Projektstipendium Literatur","1090",1000,1,2024
"Kultur und Wissenschaft","Kultur","Einzel- und Gesamtförderung im Bereich Film, Mode und Design","1090",4000,1,2024
"Kultur und Wissenschaft","Kultur","Projektstipendium Literatur","1020",1000,1,2024
"Kultur und Wissenschaft","Kultur","Projektstipendium Literatur","1070",1000,1,2024
"Kultur und Wissenschaft","Kultur","Einzel- und Gesamtförderung im Bereich Film, Mode und Design","1040",2000,1,2024
"Kultur und Wissenschaft","Kultur","Einzel- und Gesamtförderung im Bereich Film, Mode und Design","1160",3000,1,2024
"Kultur und Wissenschaft","Kultur","Einzel- und Gesamtförderung im Bereich Wissenschaft und Forschung","1020",2500,1,2024
"Kultur und Wissenschaft","Kultur","Projektstipendium Literatur","1040",1000,1,2024
"Kultur und Wissenschaft","Kultur","Projektstipendium Literatur","1150",1000,1,2024
"Kultur und Wissenschaft","Kultur","Einzel- und Gesamtförderung im Bereich Film, Mode und Design","1060",2000,1,2024
"Kultur und Wissenschaft","Kultur","Einzel- und Gesamtförderung im Bereich Film, Mode und Design","1150",7000,1,2024
"Kultur und Wissenschaft","Kultur","Einzel- und Gesamtförderung im Bereich Film, Mode und Design","1160",10000,1,2024
"Kultur und Wissenschaft","Kultur","Einzel- und Gesamtförderung im Bereich Film, Mode und Design","1170",500,1,2024
"Kultur und Wissenschaft","Kultur","Projektstipendium Literatur","1090",1000,1,2024
"Kultur und Wissenschaft","Kultur","Einzel- und Gesamtförderung im Bereich Film, Mode und Design","1130",5000,1,2024
"Kultur und Wissenschaft","Kultur","Einzel- und Gesamtförderung im Bereich Film, Mode und Design","1230",7000,1,2024
"Kultur und Wissenschaft","Kultur","Einzel- und Gesamtförderung im Bereich Film, Mode und Design","1140",15000,1,2024
"Kultur und Wissenschaft","Kultur","Einzel- und Gesamtförderung im Bereich Film, Mode und Design","1020",5000,1,2024
"Kultur und Wissenschaft","Kultur","Einzel- und Gesamtförderung im Bereich Film, Mode und Design","1090",5000,1,2024
"Kultur und Wissenschaft","Kultur","Einzel- und Gesamtförderung im Bereich Film, Mode und Design","1190",5000,1,2024
"Kultur und Wissenschaft","Kultur","Einzel- und Gesamtförderung im Bereich Film, Mode und Design","1170",1000,1,2024
"Kultur und Wissenschaft","Kultur","Einzel- und Gesamtförderung im Bereich Film, Mode und Design","1020",5000,1,2024
"Kultur und Wissenschaft","Kultur","Projektstipendium Literatur","1070",1000,1,2024
"Kultur und Wissenschaft","Kultur","Einzel- und Gesamtförderung im Bereich Film, Mode und Design","1060",5000,1,2024
"Kultur und Wissenschaft","Kultur","Einzel- und Gesamtförderung im Bereich Film, Mode und Design","1210",10000,1,2024
"Kultur und Wissenschaft","Kultur","Einzel- und Gesamtförderung im Bereich Film, Mode und Design","1200",20000,1,2024
"Kultur und Wissenschaft","Kultur","Einzel- und Gesamtförderung im Bereich Film, Mode und Design","1020",5000,1,2024
"Kultur und Wissenschaft","Kultur","Projektstipendium Literatur","1070",1000,1,2024
"Kultur und Wissenschaft","Kultur","Einzel- und Gesamtförderung im Bereich Film, Mode und Design","1090",5000,1,2024
"Kultur und Wissenschaft","Kultur","Einzel- und Gesamtförderung im Bereich Film, Mode und Design","1140",3000,1,2024
"Kultur und Wissenschaft","Kultur","Bau- und Investitonskostenzuschuss","1070",25000,1,2024
"Kultur und Wissenschaft","Kultur","Einzel- und Gesamtförderung im Bereich Film, Mode und Design","1160",1000,1,2024
"Kultur und Wissenschaft","Kultur","Projektstipendium Literatur","1040",1000,1,2024
"Kultur und Wissenschaft","Kultur","Einzel- und Gesamtförderung im Bereich Wissenschaft und Forschung","1060",3000,1,2024
"Kultur und Wissenschaft","Kultur","Einzel- und Gesamtförderung im Bereich Film, Mode und Design","1140",4000,1,2024
"Kultur und Wissenschaft","Kultur","Arbeitsstipendium Dramatik","1030",18000,1,2024
"Kultur und Wissenschaft","Kultur","Einzel- und Gesamtförderung im Bereich Kulturinitiativen","1040",3000,1,2024
"Kultur und Wissenschaft","Kultur","Einzel- und Gesamtförderung im Bereich Film, Mode und Design","1130",500,1,2024
"Kultur und Wissenschaft","Kultur","Einzel- und Gesamtförderung im Bereich Film, Mode und Design","1180",1000,1,2024
"Kultur und Wissenschaft","Kultur","Einzel- und Gesamtförderung im Bereich Film, Mode und Design","1050",2000,1,2024
"Kultur und Wissenschaft","Kultur","Projektstipendium Literatur","1200",1000,1,2024
"Kultur und Wissenschaft","Kultur","Einzel- und Gesamtförderung im Bereich Film, Mode und Design","1150",10000,1,2024
"Kultur und Wissenschaft","Kultur","Einzel- und Gesamtförderung im Bereich Film, Mode und Design","1140",8000,1,2024
"Kultur und Wissenschaft","Kultur","Bau- und Investitonskostenzuschuss","1170",1e+05,1,2024
"Kultur und Wissenschaft","Kultur","Projektstipendium Literatur","1040",1000,1,2024
"Kultur und Wissenschaft","Kultur","Projektstipendium Literatur","1140",1000,1,2024
"Kultur und Wissenschaft","Kultur","Einzel- und Gesamtförderung im Bereich Film, Mode und Design","1200",7000,1,2024
"Kultur und Wissenschaft","Kultur","Einzel- und Gesamtförderung im Bereich Film, Mode und Design","1070",5000,1,2024
"Kultur und Wissenschaft","Kultur","Einzel- und Gesamtförderung im Bereich Film, Mode und Design","1080",2000,1,2024
"Kultur und Wissenschaft","Kultur","Einzel- und Gesamtförderung im Bereich Film, Mode und Design","1030",20000,1,2024
"Kultur und Wissenschaft","Kultur","Einzel- und Gesamtförderung im Bereich Film, Mode und Design","1070",25000,1,2024
"Kultur und Wissenschaft","Kultur","Projektstipendium Literatur","1140",1000,1,2024
"Kultur und Wissenschaft","Kultur","Einzel- und Gesamtförderung im Bereich Film, Mode und Design","1130",2000,1,2024
"Kultur und Wissenschaft","Kultur","Einzel- und Gesamtförderung im Bereich Film, Mode und Design","1030",5000,1,2024
"Kultur und Wissenschaft","Kultur","Einzel- und Gesamtförderung im Bereich Film, Mode und Design","1220",5000,1,2024
"Kultur und Wissenschaft","Kultur","Einzel- und Gesamtförderung im Bereich Film, Mode und Design","1140",3000,1,2024
"Kultur und Wissenschaft","Kultur","Einzel- und Gesamtförderung im Bereich Film, Mode und Design","1050",10000,1,2024
"Kultur und Wissenschaft","Kultur","Einzel- und Gesamtförderung im Bereich Film, Mode und Design","1090",3000,1,2024
"Kultur und Wissenschaft","Kultur","Einzel- und Gesamtförderung im Bereich Film, Mode und Design","1170",7000,1,2024
"Kultur und Wissenschaft","Kultur","Einzel- und Gesamtförderung im Bereich Film, Mode und Design","1030",10000,1,2024
"Kultur und Wissenschaft","Kultur","Projektstipendium Literatur","1160",1000,1,2024
"Kultur und Wissenschaft","Kultur","Projektstipendium Literatur","1170",1000,1,2024
"Kultur und Wissenschaft","Kultur","Einzel- und Gesamtförderung im Bereich Film, Mode und Design","1020",5000,1,2024
"Kultur und Wissenschaft","Kultur","Einzel- und Gesamtförderung im Bereich Film, Mode und Design","1050",7000,1,2024
"Kultur und Wissenschaft","Kultur","Projektstipendium Literatur","1030",1000,1,2024
"Kultur und Wissenschaft","Kultur","Einzel- und Gesamtförderung im Bereich Film, Mode und Design","1020",8000,1,2024
"Kultur und Wissenschaft","Kultur","Einzel- und Gesamtförderung im Bereich Film, Mode und Design","1160",10000,1,2024
"Kultur und Wissenschaft","Kultur","Einzel- und Gesamtförderung im Bereich Film, Mode und Design","1070",2000,1,2024
"Kultur und Wissenschaft","Kultur","Einzel- und Gesamtförderung im Bereich Film, Mode und Design","1060",20000,1,2024
"Kultur und Wissenschaft","Kultur","Einzel- und Gesamtförderung im Bereich Film, Mode und Design","1080",1000,1,2024
"Kultur und Wissenschaft","Kultur","Wiener Altstadterhaltungsfonds","1010",183705.68,1,2024
"Kultur und Wissenschaft","Kultur","Einzel- und Gesamtförderung im Bereich Film, Mode und Design","1220",10000,1,2024
"Kultur und Wissenschaft","Kultur","Arbeitsstipendium Dramatik","1160",18000,1,2024
"Kultur und Wissenschaft","Kultur","Einzel- und Gesamtförderung im Bereich Film, Mode und Design","1050",5000,1,2024
"Kultur und Wissenschaft","Kultur","Wissenschaftsstipendium","1030",10000,1,2024
"Kultur und Wissenschaft","Kultur","Einzel- und Gesamtförderung im Bereich Wissenschaft und Forschung","1010",55000,1,2024
"Kultur und Wissenschaft","Kultur","Einzel- und Gesamtförderung im Bereich Literatur","1080",5000,1,2024
"Kultur und Wissenschaft","Kultur","Einzel- und Gesamtförderung im Bereich Film, Mode und Design","1170",3000,1,2024
"Kultur und Wissenschaft","Kultur","Einzel- und Gesamtförderung im Bereich Kulturinitiativen","1020",3000,1,2024
"Kultur und Wissenschaft","Kultur","Arbeitsstipendium Dramatik","1060",18000,1,2024
"Kultur und Wissenschaft","Kultur","Einzel- und Gesamtförderung im Bereich Film, Mode und Design","1070",2000,1,2024
"Kultur und Wissenschaft","Kultur","Arbeitsstipendium Bildende Kunst und Medienkunst","1160",18000,1,2024
"Kultur und Wissenschaft","Kultur","Arbeitsstipendium Film","1160",18000,1,2024
"Kultur und Wissenschaft","Kultur","Einzel- und Gesamtförderung im Bereich Kulturinitiativen","1120",2500,1,2024
"Kultur und Wissenschaft","Kultur","Bau- und Investitonskostenzuschuss","1070",7e+05,1,2024
"Kultur und Wissenschaft","Kultur","Wiener Altstadterhaltungsfonds","1010",10762.2,1,2024
"Kultur und Wissenschaft","Kultur","Arbeitsstipendium Film","1190",18000,1,2024
"Kultur und Wissenschaft","Kultur","Wiener Altstadterhaltungsfonds","1190",7003,1,2024
"Kultur und Wissenschaft","Kultur","Arbeitsstipendium Dramatik","1080",18000,1,2024
"Kultur und Wissenschaft","Kultur","Arbeitsstipendium Film","1140",18000,1,2024
"Kultur und Wissenschaft","Kultur","Arbeitsstipendium Komposition","1030",18000,1,2024
"Kultur und Wissenschaft","Kultur","Arbeitsstipendium Darstellende Kunst - Performance","1220",18000,1,2024
"Kultur und Wissenschaft","Kultur","Arbeitsstipendium Darstellende Kunst - Performance","1150",18000,1,2024
"Kultur und Wissenschaft","Kultur","Einzel- und Gesamtförderung im Bereich Kulturinitiativen","1030",1500,1,2024
"Kultur und Wissenschaft","Kultur","Arbeitsstipendium Dramatik","1170",18000,1,2024
"Kultur und Wissenschaft","Kultur","Arbeitsstipendium Darstellende Kunst - Theater","1150",18000,1,2024
"Kultur und Wissenschaft","Kultur","Arbeitsstipendium Bildende Kunst und Medienkunst","1220",18000,1,2024
"Kultur und Wissenschaft","Kultur","Arbeitsstipendium Literatur","1150",18000,1,2024
"Kultur und Wissenschaft","Kultur","Arbeitsstipendium Literatur","1130",18000,1,2024
"Kultur und Wissenschaft","Kultur","Arbeitsstipendium Darstellende Kunst - Theater","1080",18000,1,2024
"Kultur und Wissenschaft","Kultur","Arbeitsstipendium Darstellende Kunst - Performance","1030",18000,1,2024
"Kultur und Wissenschaft","Kultur","Einzel- und Gesamtförderung im Bereich Wissenschaft und Forschung","1040",2000,1,2024
"Kultur und Wissenschaft","Kultur","Einzel- und Gesamtförderung im Bereich Wissenschaft und Forschung","1120",4500,1,2024
"Kultur und Wissenschaft","Kultur","Arbeitsstipendium Bildende Kunst und Medienkunst","1200",18000,1,2024
"Kultur und Wissenschaft","Kultur","Arbeitsstipendium Bildende Kunst und Medienkunst","1080",18000,1,2024
"Kultur und Wissenschaft","Kultur","Arbeitsstipendium Darstellende Kunst - Theater","1020",18000,1,2024
"Kultur und Wissenschaft","Kultur","Arbeitsstipendium Literatur","1170",18000,1,2024
"Kultur und Wissenschaft","Kultur","Arbeitsstipendium Dramatik","1230",18000,1,2024
"Kultur und Wissenschaft","Kultur","Arbeitsstipendium Literatur","1040",18000,1,2024
"Kultur und Wissenschaft","Kultur","Arbeitsstipendium Film","1020",18000,1,2024
"Kultur und Wissenschaft","Kultur","Arbeitsstipendium Literatur","1180",18000,1,2024
"Kultur und Wissenschaft","Kultur","Arbeitsstipendium Komposition","1150",18000,1,2024
"Kultur und Wissenschaft","Kultur","Arbeitsstipendium Film","1090",18000,1,2024
"Kultur und Wissenschaft","Kultur","Arbeitsstipendium Darstellende Kunst - Theater","1030",18000,1,2024
"Kultur und Wissenschaft","Kultur","Arbeitsstipendium Darstellende Kunst - Theater","1170",18000,1,2024
"Kultur und Wissenschaft","Kultur","Arbeitsstipendium Film","1050",18000,1,2024
"Kultur und Wissenschaft","Kultur","Arbeitsstipendium Komposition","1020",18000,1,2024
"Kultur und Wissenschaft","Kultur","Arbeitsstipendium Dramatik","1020",18000,1,2024
"Kultur und Wissenschaft","Kultur","Arbeitsstipendium Literatur","1150",18000,1,2024
"Kultur und Wissenschaft","Kultur","Arbeitsstipendium Darstellende Kunst - Performance","1160",18000,1,2024
"Kultur und Wissenschaft","Kultur","Einzel- und Gesamtförderung im Bereich Wissenschaft und Forschung","1180",2500,1,2024
"Kultur und Wissenschaft","Kultur","Arbeitsstipendium Bildende Kunst und Medienkunst","1030",18000,1,2024
"Kultur und Wissenschaft","Kultur","Bau- und Investitonskostenzuschuss","1030",35000,1,2024
"Kultur und Wissenschaft","Kultur","Arbeitsstipendium Bildende Kunst und Medienkunst","1070",18000,1,2024
"Kultur und Wissenschaft","Kultur","Arbeitsstipendium Komposition","1070",18000,1,2024
"Kultur und Wissenschaft","Kultur","Arbeitsstipendium Darstellende Kunst - Performance","1040",18000,1,2024
"Kultur und Wissenschaft","Kultur","Arbeitsstipendium Bildende Kunst und Medienkunst","1020",18000,1,2024
"Kultur und Wissenschaft","Kultur","Arbeitsstipendium Film","1020",18000,1,2024
"Kultur und Wissenschaft","Kultur","Arbeitsstipendium Komposition","1170",18000,1,2024
"Kultur und Wissenschaft","Kultur","Arbeitsstipendium Darstellende Kunst - Theater","1070",18000,1,2024
"Kultur und Wissenschaft","Kultur","Bau- und Investitonskostenzuschuss","1070",30000,1,2024
"Kultur und Wissenschaft","Kultur","Arbeitsstipendium Film","1060",18000,1,2024
"Kultur und Wissenschaft","Kultur","Arbeitsstipendium Dramatik","1020",18000,1,2024
"Kultur und Wissenschaft","Kultur","Arbeitsstipendium Komposition","1020",18000,1,2024
"Kultur und Wissenschaft","Kultur","Arbeitsstipendium Darstellende Kunst - Theater","1080",18000,1,2024
"Kultur und Wissenschaft","Kultur","Arbeitsstipendium Bildende Kunst und Medienkunst","1030",18000,1,2024
"Kultur und Wissenschaft","Kultur","Arbeitsstipendium Darstellende Kunst - Theater","1150",18000,1,2024
"Kultur und Wissenschaft","Kultur","Einzel- und Gesamtförderung im Bereich Wissenschaft und Forschung","1060",2500,1,2024
"Kultur und Wissenschaft","Kultur","Arbeitsstipendium Film","1080",18000,1,2024
"Kultur und Wissenschaft","Kultur","Arbeitsstipendium Dramatik","1020",18000,1,2024
"Kultur und Wissenschaft","Kultur","Arbeitsstipendium Komposition","1160",18000,1,2024
"Kultur und Wissenschaft","Kultur","Arbeitsstipendium Dramatik","1160",18000,1,2024
"Kultur und Wissenschaft","Kultur","Arbeitsstipendium Literatur","1170",18000,1,2024
"Kultur und Wissenschaft","Kultur","Arbeitsstipendium Darstellende Kunst - Performance","1060",18000,1,2024
"Kultur und Wissenschaft","Kultur","Arbeitsstipendium Darstellende Kunst - Performance","1120",18000,1,2024
"Kultur und Wissenschaft","Kultur","Arbeitsstipendium Komposition","1040",18000,1,2024
"Kultur und Wissenschaft","Kultur","Arbeitsstipendium Darstellende Kunst - Theater","1020",18000,1,2024
"Kultur und Wissenschaft","Kultur","Arbeitsstipendium Darstellende Kunst - Performance","1150",18000,1,2024
"Kultur und Wissenschaft","Kultur","Arbeitsstipendium Komposition","1190",18000,1,2024
"Kultur und Wissenschaft","Kultur","Arbeitsstipendium Literatur","1220",18000,1,2024
"Kultur und Wissenschaft","Kultur","Arbeitsstipendium Bildende Kunst und Medienkunst","1030",18000,1,2024
"Kultur und Wissenschaft","Kultur","Arbeitsstipendium Darstellende Kunst - Performance","1170",18000,1,2024
"Kultur und Wissenschaft","Kultur","Arbeitsstipendium Film","1100",18000,1,2024
"Kultur und Wissenschaft","Kultur","Arbeitsstipendium Komposition","1090",18000,1,2024
"Kultur und Wissenschaft","Kultur","Arbeitsstipendium Film","1150",18000,1,2024
"Kultur und Wissenschaft","Kultur","Arbeitsstipendium Darstellende Kunst - Performance","1050",18000,1,2024
"Kultur und Wissenschaft","Kultur","Arbeitsstipendium Literatur","1140",18000,1,2024
"Kultur und Wissenschaft","Kultur","Arbeitsstipendium Bildende Kunst und Medienkunst","1020",18000,1,2024
"Kultur und Wissenschaft","Kultur","Arbeitsstipendium Darstellende Kunst - Theater","1230",18000,1,2024
"Kultur und Wissenschaft","Kultur","Einzel- und Gesamtförderung im Bereich Film, Mode und Design","1070",5000,1,2024
"Kultur und Wissenschaft","Kultur","Arbeitsstipendium Literatur","1060",18000,1,2024
"Kultur und Wissenschaft","Kultur","Arbeitsstipendium Komposition","1150",18000,1,2024
"Kultur und Wissenschaft","Kultur","Arbeitsstipendium Komposition","1090",18000,1,2024
"Kultur und Wissenschaft","Kultur","Arbeitsstipendium Darstellende Kunst - Performance","1190",18000,1,2024
"Kultur und Wissenschaft","Kultur","Buchprämie - Aktion ""Wiener AutorInnen in Wiener Verlagen""","1080",2500,1,2024
"Kultur und Wissenschaft","Kultur","Arbeitsstipendium Darstellende Kunst - Theater","1120",18000,1,2024
"Kultur und Wissenschaft","Kultur","Einzel- und Gesamtförderung im Bereich Musik","1200",40000,1,2024
"Kultur und Wissenschaft","Kultur","Einzel- und Gesamtförderung im Bereich Bildende Kunst und Medienkunst","1010",2500,1,2024
"Kultur und Wissenschaft","Kultur","Einzel- und Gesamtförderung im Bereich Kulturinitiativen","1070",17500,1,2024
"Kultur und Wissenschaft","Kultur","Einzel- und Gesamtförderung im Bereich Kulturinitiativen","1070",68000,1,2024
"Kultur und Wissenschaft","Kultur","Einzel- und Gesamtförderung im Bereich Bildende Kunst und Medienkunst","1010",5000,1,2024
"Kultur und Wissenschaft","Kultur","Bau- und Investitonskostenzuschuss","1030",22000,1,2024
"Kultur und Wissenschaft","Kultur","Einzel- und Gesamtförderung im Bereich Kulturinitiativen","1110",450000,1,2024
"Kultur und Wissenschaft","Kultur","Einzel- und Gesamtförderung im Bereich Wissenschaft und Forschung","1040",22050,1,2024
"Kultur und Wissenschaft","Kultur","Einzel- und Gesamtförderung im Bereich Darstellende Kunst","1070",5700000,1,2024
"Kultur und Wissenschaft","Kultur","Buchprämie - Aktion ""Wiener AutorInnen in Wiener Verlagen""","1050",2500,1,2024
"Kultur und Wissenschaft","Kultur","Bau- und Investitonskostenzuschuss","1050",70000,1,2024
"Kultur und Wissenschaft","Kultur","Förderung von Institutionen im Bereich Darstellende Kunst","1070",12200000,1,2024
"Kultur und Wissenschaft","Kultur","Einzel- und Gesamtförderung im Bereich Kulturinitiativen","1040",170000,1,2024
"Kultur und Wissenschaft","Kultur","Einzel- und Gesamtförderung im Bereich Wissenschaft und Forschung","1120",3000,1,2024
"Kultur und Wissenschaft","Kultur","Einzel- und Gesamtförderung im Bereich Wissenschaft und Forschung","1180",3000,1,2024
"Kultur und Wissenschaft","Kultur","Bau- und Investitonskostenzuschuss","1070",28000,1,2024
"Kultur und Wissenschaft","Kultur","Einzel- und Gesamtförderung im Bereich Wissenschaft und Forschung","1030",3500,1,2024
"Kultur und Wissenschaft","Kultur","Einzel- und Gesamtförderung im Bereich Kulturinitiativen","1210",5000,1,2024
"Kultur und Wissenschaft","Kultur","Druckkostenzuschuss","1150",1900,1,2024
"Kultur und Wissenschaft","Kultur","Einzel- und Gesamtförderung im Bereich Wissenschaft und Forschung","1010",4500,1,2024
"Kultur und Wissenschaft","Kultur","Einzel- und Gesamtförderung im Bereich Filmfestival und Sommerkinos","1180",10000,1,2024
"Kultur und Wissenschaft","Kultur","Einzel- und Gesamtförderung im Bereich Wissenschaft und Forschung","1150",4500,1,2024
"Kultur und Wissenschaft","Kultur","Einzel- und Gesamtförderung im Bereich Wissenschaft und Forschung","1170",4000,1,2024
"Kultur und Wissenschaft","Kultur","Projektstipendium Literatur","1010",1000,1,2024
"Kultur und Wissenschaft","Kultur","Wissenschaftsstipendium","1150",30000,1,2024
"Kultur und Wissenschaft","Kultur","Projektstipendium Literatur","1200",1000,1,2024
"Kultur und Wissenschaft","Kultur","Einzel- und Gesamtförderung im Bereich Literatur","1070",40000,1,2024
"Kultur und Wissenschaft","Kultur","Einzel- und Gesamtförderung im Bereich Wissenschaft und Forschung","1220",2000,1,2024
"Kultur und Wissenschaft","Kultur","Einzel- und Gesamtförderung im Bereich Kulturinitiativen","1200",1000,1,2024
"Kultur und Wissenschaft","Kultur","Einzel- und Gesamtförderung im Bereich Kulturinitiativen","1090",500,1,2024
"Kultur und Wissenschaft","Kultur","Wiener Altstadterhaltungsfonds","1010",57980,1,2024
"Kultur und Wissenschaft","Kultur","Einzel- und Gesamtförderung im Bereich Bildende Kunst und Medienkunst","1010",2000,1,2024
"Kultur und Wissenschaft","Kultur","Einzel- und Gesamtförderung im Bereich Wissenschaft und Forschung","1010",220000,1,2024
"Kultur und Wissenschaft","Kultur","Einzel- und Gesamtförderung im Bereich Literatur","1010",7000,1,2024
"Kultur und Wissenschaft","Kultur","Einzel- und Gesamtförderung im Bereich Wissenschaft und Forschung","1040",3500,1,2024
"Kultur und Wissenschaft","Kultur","Einzel- und Gesamtförderung im Bereich Wissenschaft und Forschung","1050",70000,1,2024
"Kultur und Wissenschaft","Kultur","Einzel- und Gesamtförderung im Bereich Darstellende Kunst","1220",40000,1,2024
"Kultur und Wissenschaft","Kultur","Einzel- und Gesamtförderung im Bereich Literatur","1060",38000,1,2024
"Kultur und Wissenschaft","Kultur","Einzel- und Gesamtförderung im Bereich Kulturinitiativen","1220",1500,1,2024
"Kultur und Wissenschaft","Kultur","Einzel- und Gesamtförderung im Bereich Wissenschaft und Forschung","1090",1000,1,2024
"Kultur und Wissenschaft","Kultur","Einzel- und Gesamtförderung im Bereich Literatur","1010",5000,1,2024
"Kultur und Wissenschaft","Kultur","Einzel- und Gesamtförderung im Bereich Wissenschaft und Forschung","1070",5000,1,2024
"Kultur und Wissenschaft","Kultur","Einzel- und Gesamtförderung im Bereich Literatur","1170",3000,1,2024
"Kultur und Wissenschaft","Kultur","Einzel- und Gesamtförderung im Bereich Wissenschaft und Forschung","1010",22000,1,2024
"Kultur und Wissenschaft","Kultur","Buchprämie - Aktion ""Wiener AutorInnen in Wiener Verlagen""","1220",2500,1,2024
"Kultur und Wissenschaft","Kultur","Wissenschaftsstipendium","1140",5000,1,2024
"Kultur und Wissenschaft","Kultur","Einzel- und Gesamtförderung im Bereich Film, Mode und Design","1020",60000,1,2024
"Kultur und Wissenschaft","Kultur","Einzel- und Gesamtförderung im Bereich Kulturinitiativen","1150",2000,1,2024
"Kultur und Wissenschaft","Kultur","Förderung von Institutionen im Bereich Darstellende Kunst","1060",220000,1,2024
"Kultur und Wissenschaft","Kultur","Einzel- und Gesamtförderung im Bereich Wissenschaft und Forschung","1190",3500,1,2024
"Kultur und Wissenschaft","Kultur","Einzel- und Gesamtförderung im Bereich Wissenschaft und Forschung","1210",2000,1,2024
"Kultur und Wissenschaft","Kultur","Einzel- und Gesamtförderung im Bereich Wissenschaft und Forschung","1180",5000,1,2024
"Kultur und Wissenschaft","Kultur","Einzel- und Gesamtförderung im Bereich Wissenschaft und Forschung","1090",3000,1,2024
"Kultur und Wissenschaft","Kultur","Elias-Canetti-Stipendium","1030",18000,1,2024
"Kultur und Wissenschaft","Kultur","Einzel- und Gesamtförderung im Bereich Wissenschaft und Forschung","1120",3500,1,2024
"Kultur und Wissenschaft","Kultur","Einzel- und Gesamtförderung im Bereich Literatur","1020",4000,1,2024
"Kultur und Wissenschaft","Kultur","Einzel- und Gesamtförderung im Bereich Kulturinitiativen","1150",3000,1,2024
"Kultur und Wissenschaft","Kultur","Buchprämie - Aktion ""Wiener AutorInnen in Wiener Verlagen""","1120",2500,1,2024
"Kultur und Wissenschaft","Kultur","Einzel- und Gesamtförderung im Bereich Wissenschaft und Forschung","1160",3000,1,2024
"Kultur und Wissenschaft","Kultur","Bau- und Investitonskostenzuschuss","1050",180000,1,2024
"Kultur und Wissenschaft","Kultur","Einzel- und Gesamtförderung im Bereich Kulturinitiativen","1100",1400,1,2024
"Kultur und Wissenschaft","Kultur","Einzel- und Gesamtförderung im Bereich Literatur","1150",4000,1,2024
"Kultur und Wissenschaft","Kultur","Einzel- und Gesamtförderung im Bereich Wissenschaft und Forschung","1070",5000,1,2024
"Kultur und Wissenschaft","Kultur","Bau- und Investitonskostenzuschuss","1040",2e+06,1,2024
